addr,name
6c141000,FUN_6c141000
6c141060,entry
6c141140,FUN_6c141140
6c1411e0,__x86.get_pc_thunk.ax
6c1411f0,__x86.get_pc_thunk.cx
6c141200,__x86.get_pc_thunk.dx
6c141210,__x86.get_pc_thunk.bx
6c141220,__x86.get_pc_thunk.bp
6c141230,__x86.get_pc_thunk.si
6c141240,__x86.get_pc_thunk.di
6c1412c0,sync/atomic.(*Int32).Add
6c141300,sync/atomic.(*noCopy).Lock
6c141320,sync/atomic.(*noCopy).Unlock
6c141340,sync/atomic.(*Value).Load
6c1413d0,sync/atomic.(*Value).Store
6c1414e0,sync/atomic.SwapUint32
6c1414f0,sync/atomic.SwapUintptr
6c141500,sync/atomic.CompareAndSwapInt32
6c141510,sync/atomic.CompareAndSwapUint32
6c141520,sync/atomic.CompareAndSwapUintptr
6c141530,sync/atomic.CompareAndSwapUint64
6c141540,sync/atomic.AddInt32
6c141550,sync/atomic.AddUint32
6c141560,sync/atomic.AddInt64
6c141570,sync/atomic.AddUint64
6c141580,sync/atomic.LoadInt32
6c141590,sync/atomic.LoadUint32
6c1415a0,sync/atomic.LoadInt64
6c1415b0,sync/atomic.LoadUint64
6c1415c0,sync/atomic.LoadUintptr
6c1415d0,sync/atomic.LoadPointer
6c1415e0,sync/atomic.StoreInt32
6c1415f0,sync/atomic.StoreUint32
6c141600,sync/atomic.StoreInt64
6c141610,sync/atomic.StoreUint64
6c141620,sync/atomic.StoreUintptr
6c141630,type:.eq.sync/atomic.Bool
6c141660,type:.eq.sync/atomic.Int32
6c141690,type:.eq.sync/atomic.Int64
6c1416d0,type:.eq.sync/atomic.Uint64
6c141710,internal/abi.Kind.String
6c141780,internal/abi.(*Type).Kind
6c1417b0,internal/abi.(*Type).Len
6c1417f0,internal/abi.(*Type).Size
6c141820,internal/abi.(*Type).ExportedMethods
6c141910,internal/abi.(*Type).NumMethod
6c141960,internal/abi.Name.IsBlank
6c1419e0,internal/abi.Name.Name
6c141aa0,internal/abi.Name.Tag
6c141bc0,internal/abi.NewName
6c141fa0,internal/abi.(*Kind).String
6c142020,internal/abi.(*FuncType).Kind
6c142060,internal/abi.(*FuncType).Len
6c1420b0,internal/abi.(*FuncType).NumMethod
6c142100,internal/abi.(*FuncType).Size
6c142140,internal/abi.(*PtrType).Kind
6c142180,internal/abi.(*PtrType).Len
6c1421d0,internal/abi.(*PtrType).NumMethod
6c142220,internal/abi.(*PtrType).Size
6c142260,type:.eq.internal/abi.UncommonType
6c1422b0,internal/cpu.Initialize
6c1422f0,internal/cpu.processOptions
6c1427b0,internal/cpu.doinit
6c142e50,internal/cpu.cpuid
6c142e70,internal/cpu.xgetbv
6c142e90,internal/cpu.getGOAMD64level
6c142ea0,type:.eq.internal/cpu.option
6c142f10,type:.eq.[6]internal/cpu.option
6c1430c0,runtime/internal/atomic.LoadAcq
6c1430d0,runtime/internal/atomic.LoadAcquintptr
6c1430e0,runtime/internal/atomic.Load8
6c1430f0,runtime/internal/atomic.(*noCopy).Lock
6c143110,runtime/internal/atomic.(*noCopy).Unlock
6c143130,runtime/internal/atomic.panicUnaligned
6c143170,runtime/internal/atomic.Load
6c143180,runtime/internal/atomic.Loadp
6c143190,runtime/internal/atomic.Cas
6c1431b0,runtime/internal/atomic.Casint32
6c1431c0,runtime/internal/atomic.Casint64
6c1431d0,runtime/internal/atomic.Casuintptr
6c1431e0,runtime/internal/atomic.CasRel
6c1431f0,runtime/internal/atomic.Loaduintptr
6c143200,runtime/internal/atomic.Loaduint
6c143210,runtime/internal/atomic.Storeint32
6c143220,runtime/internal/atomic.Storeint64
6c143230,runtime/internal/atomic.Storeuintptr
6c143240,runtime/internal/atomic.Xadduintptr
6c143250,runtime/internal/atomic.Loadint32
6c143260,runtime/internal/atomic.Loadint64
6c143270,runtime/internal/atomic.Xaddint32
6c143280,runtime/internal/atomic.Xaddint64
6c143290,runtime/internal/atomic.Cas64
6c1432c0,runtime/internal/atomic.Casp1
6c1432e0,runtime/internal/atomic.Xadd
6c143300,runtime/internal/atomic.Xadd64
6c143340,runtime/internal/atomic.Xchg
6c143350,runtime/internal/atomic.Xchgint64
6c143360,runtime/internal/atomic.Xchguintptr
6c143370,runtime/internal/atomic.Xchg64
6c1433a0,runtime/internal/atomic.StorepNoWB
6c1433b0,runtime/internal/atomic.Store
6c1433c0,runtime/internal/atomic.StoreRel
6c1433d0,runtime/internal/atomic.StoreReluintptr
6c1433e0,runtime/internal/atomic.Load64
6c143400,runtime/internal/atomic.Store64
6c143430,runtime/internal/atomic.Or8
6c143440,runtime/internal/atomic.And8
6c143450,runtime/internal/atomic.Store8
6c143460,runtime/internal/atomic.Or
6c143470,runtime/internal/atomic.And
6c143480,type:.eq.runtime/internal/atomic.Uint64
6c1434c0,type:.eq.runtime/internal/atomic.Int64
6c143500,type:.eq.runtime/internal/sys.NotInHeap
6c143520,internal/bytealg.IndexRabinKarpBytes
6c143730,internal/bytealg.IndexRabinKarp
6c143920,cmpbody
6c143a10,internal/bytealg.Compare
6c143a30,runtime.cmpstring
6c143a50,memeqbody
6c143b20,runtime.memequal
6c143b40,runtime.memequal_varlen
6c143b60,internal/bytealg.IndexByte
6c143b90,internal/bytealg.IndexByteString
6c143bc0,runtime.memhash8
6c143c10,runtime.memhash16
6c143c60,runtime.memhash_varlen
6c143c90,runtime.strhashFallback
6c143ce0,runtime.f32hash
6c143dc0,runtime.f64hash
6c143ea0,runtime.c64hash
6c143f00,runtime.c128hash
6c143f60,runtime.interhash
6c144070,runtime.nilinterhash
6c144180,runtime.typehash
6c144490,runtime.memequal0
6c1444b0,runtime.memequal8
6c1444e0,runtime.memequal16
6c144510,runtime.memequal32
6c144540,runtime.memequal64
6c144580,runtime.memequal128
6c1445e0,runtime.f32equal
6c144620,runtime.f64equal
6c144660,runtime.c64equal
6c1446b0,runtime.c128equal
6c144700,runtime.strequal
6c144750,runtime.interequal
6c1447a0,runtime.nilinterequal
6c1447f0,runtime.efaceeq
6c1448d0,runtime.ifaceeq
6c1449b0,runtime.alginit
6c144a60,runtime.init.0
6c144ac0,runtime.(*mspan).setUserArenaChunkToFault
6c144ce0,runtime.(*mspan).setUserArenaChunkToFault.func1
6c144d40,runtime.atomicwb
6c144da0,runtime.atomicstorep
6c144de0,runtime.cgocall
6c144ed0,runtime.cgocallbackg
6c145060,runtime.cgocallbackg1
6c145300,runtime.cgocallbackg1.func3
6c145340,runtime.cgocallbackg1.func2
6c145380,runtime.unwindm
6c145430,runtime._cgo_panic_internal
6c145490,runtime.makechan
6c145660,runtime.chansend1
6c145690,runtime.chansend
6c145bc0,runtime.chansend.func1
6c145bf0,runtime.send
6c145d10,runtime.send.goready.func1
6c145d50,runtime.sendDirect
6c145dc0,runtime.recvDirect
6c145e30,runtime.closechan
6c1460a0,runtime.closechan.goready.func1
6c1460e0,runtime.empty
6c146140,runtime.chanrecv1
6c146160,runtime.chanrecv2
6c146190,runtime.chanrecv
6c1466f0,runtime.chanrecv.func1
6c146720,runtime.recv
6c1468b0,runtime.recv.goready.func1
6c1468f0,runtime.chanparkcommit
6c146940,runtime.selectnbsend
6c146990,runtime.selectnbrecv
6c1469e0,runtime.(*waitq).dequeue
6c146ad0,runtime.GOMAXPROCS
6c146b60,runtime.NumCgoCall
6c146be0,runtime.gogetenv
6c146cf0,runtime.(*TypeAssertionError).Error
6c147080,runtime.errorString.Error
6c1470e0,runtime.errorAddressString.Error
6c147140,runtime.plainError.Error
6c147170,runtime.boundsError.Error
6c1479f0,runtime.printany
6c147fb0,runtime.printanycustomtype
6c148810,runtime.panicwrap
6c148c00,runtime.runExitHooks
6c148d20,runtime.Caller
6c148ec0,runtime.memhash32Fallback
6c148f20,runtime.memhash64Fallback
6c148f80,runtime.memhashFallback
6c149050,runtime.(*timeHistogram).record
6c149240,runtime.timeHistogramMetricsBuckets
6c149460,runtime.getitab
6c149740,runtime.(*itabTableType).find
6c1497f0,runtime.itabAdd
6c149910,runtime.(*itabTableType).add
6c149980,runtime.(*itab).init
6c149d70,runtime.itabsinit
6c149e40,runtime.panicdottypeE
6c149ed0,runtime.panicdottypeI
6c149f70,runtime.convT
6c149fd0,runtime.convTnoptr
6c14a030,runtime.convT16
6c14a0a0,runtime.convT32
6c14a100,runtime.convT64
6c14a1b0,runtime.convTstring
6c14a230,runtime.convTslice
6c14a2b0,runtime.convI2I
6c14a310,runtime.assertI2I
6c14a3c0,runtime.assertI2I2
6c14a440,runtime.assertE2I
6c14a4e0,runtime.assertE2I2
6c14a560,runtime.iterate_itabs
6c14a5c0,runtime.unreachableMethod
6c14a600,runtime.(*lfstack).push
6c14a680,runtime.(*lfstack).pop
6c14a730,runtime.lfnodeValidate
6c14a790,runtime.lock
6c14a7c0,runtime.lock2
6c14a990,runtime.unlock
6c14a9c0,runtime.unlock2
6c14aaa0,runtime.notewakeup
6c14ab20,runtime.notesleep
6c14ac60,runtime.notetsleep_internal
6c14af10,runtime.notetsleep
6c14afa0,runtime.notetsleepg
6c14b050,runtime.lockRank.String
6c14b0e0,runtime.mallocinit
6c14b550,runtime.(*mheap).sysAlloc
6c14bb20,runtime.sysReserveAligned
6c14bc40,runtime.(*mheap).enableMetadataHugePages
6c14bce0,runtime.(*mcache).nextFree
6c14bf00,runtime.mallocgc
6c14c850,runtime.deductAssistCredit
6c14c8d0,runtime.memclrNoHeapPointersChunked
6c14c960,runtime.newobject
6c14c9a0,runtime.newarray
6c14ca40,runtime.profilealloc
6c14cad0,runtime.fastexprand
6c14ccb0,runtime.persistentalloc
6c14cd20,runtime.persistentalloc.func1
6c14cd70,runtime.persistentalloc1
6c14d010,runtime.(*linearAlloc).alloc
6c14d0e0,runtime.(*hmap).incrnoverflow
6c14d180,runtime.(*hmap).newoverflow
6c14d3c0,runtime.makemap_small
6c14d440,runtime.makemap
6c14d5b0,runtime.makeBucketArray
6c14d7a0,runtime.mapaccess1
6c14d970,runtime.mapaccess2
6c14db50,runtime.mapaccessK
6c14dcf0,runtime.mapassign
6c14e1c0,runtime.mapdelete
6c14e560,runtime.mapiterinit
6c14e7a0,runtime.mapiternext
6c14ebd0,runtime.hashGrow
6c14ed90,runtime.growWork
6c14ee10,runtime.evacuate
6c14f250,runtime.advanceEvacuationMark
6c14f310,runtime.mapaccess1_fast32
6c14f460,runtime.mapaccess2_fast32
6c14f5b0,runtime.mapassign_fast32
6c14f880,runtime.mapassign_fast32ptr
6c14fb70,runtime.mapdelete_fast32
6c14fe10,runtime.growWork_fast32
6c14fe90,runtime.evacuate_fast32
6c1501e0,runtime.mapaccess1_fast64
6c150340,runtime.mapaccess2_fast64
6c1504b0,runtime.mapassign_fast64
6c1507b0,runtime.mapdelete_fast64
6c150a70,runtime.growWork_fast64
6c150af0,runtime.evacuate_fast64
6c150e40,runtime.mapaccess1_faststr
6c151170,runtime.mapaccess2_faststr
6c1514d0,runtime.mapassign_faststr
6c151860,runtime.mapdelete_faststr
6c151b70,runtime.growWork_faststr
6c151bf0,runtime.evacuate_faststr
6c151f30,runtime.typedmemmove
6c151fa0,runtime.wbZero
6c151fd0,runtime.wbMove
6c152000,runtime.reflectcallmove
6c152070,runtime.typedslicecopy
6c152100,runtime.typedmemclr
6c152160,runtime.memclrHasPointers
6c1521a0,runtime.(*mspan).refillAllocCache
6c152250,runtime.(*mspan).nextFreeIndex
6c152410,runtime.badPointer
6c152670,runtime.findObject
6c152780,runtime.heapBitsForAddr
6c152850,runtime.heapBits.next
6c1528e0,runtime.bulkBarrierPreWrite
6c152c10,runtime.bulkBarrierPreWriteSrcOnly
6c152d40,runtime.bulkBarrierBitmap
6c152ea0,runtime.typeBitsBulkBarrier
6c153100,runtime.(*mspan).initHeapBits
6c153180,runtime.(*mspan).countAlloc
6c1532d0,runtime.writeHeapBits.write
6c153420,runtime.writeHeapBits.pad
6c153510,runtime.writeHeapBits.flush
6c1536c0,runtime.heapBitsSetType
6c153c60,runtime.progToPointerMask
6c153d30,runtime.runGCProg
6c1540f0,runtime.materializeGCProg
6c154170,runtime.allocmcache
6c154210,runtime.allocmcache.func1
6c154290,runtime.(*mcache).refill
6c154510,runtime.(*mcache).allocLarge
6c154700,runtime.(*mcache).releaseAll
6c154940,runtime.(*mcache).prepareForSweep
6c154a50,runtime.(*mcentral).cacheSpan
6c154df0,runtime.(*mcentral).uncacheSpan
6c154f10,runtime.(*mcentral).grow
6c154fe0,runtime.startCheckmarks
6c1550d0,runtime.endCheckmarks
6c155130,runtime.setCheckmark
6c155300,runtime.sysAlloc
6c155380,runtime.sysUnused
6c1553e0,runtime.sysUsed
6c155440,runtime.sysFree
6c1554b0,runtime.sysFault
6c155510,runtime.sysUnusedOS
6c155670,runtime.sysUsedOS
6c155870,runtime.sysFreeOS
6c155930,runtime.sysReserveOS
6c1559d0,runtime.initMetrics
6c157430,runtime.compute0
6c157460,runtime.queuefinalizer
6c157680,runtime.createfing
6c1576f0,runtime.finalizercommit
6c157740,runtime.runfinq
6c157b60,runtime.SetFinalizer
6c158200,runtime.SetFinalizer.func2
6c158270,runtime.SetFinalizer.func1
6c1582a0,runtime.(*fixalloc).init
6c1583a0,runtime.(*fixalloc).alloc
6c1584b0,runtime.(*fixalloc).free
6c1584e0,runtime.gcinit
6c158560,runtime.gcenable
6c158660,runtime.gcenable.func2
6c1586a0,runtime.gcenable.func1
6c1586e0,runtime.pollFractionalWorkerExit
6c1587e0,runtime.gcTrigger.test
6c158950,runtime.gcStart
6c158f60,runtime.gcStart.func3
6c1590b0,runtime.gcMarkDone
6c159370,runtime.gcMarkDone.func3
6c159410,runtime.gcMarkTermination
6c15a570,runtime.gcMarkTermination.func1
6c15a5a0,runtime.gcBgMarkStartWorkers
6c15a610,runtime.gcBgMarkWorker
6c15aaf0,runtime.gcBgMarkWorker.func2
6c15aca0,runtime.gcMarkWorkAvailable
6c15ad40,runtime.gcMark
6c15b220,runtime.gcSweep
6c15b420,runtime.gcResetMarkState
6c15b520,runtime.clearpools
6c15b680,runtime.fmtNSAsMS
6c15bae0,runtime.(*gcCPULimiterState).startGCTransition
6c15bb90,runtime.(*gcCPULimiterState).finishGCTransition
6c15bc90,runtime.(*gcCPULimiterState).update
6c15bd30,runtime.(*gcCPULimiterState).updateLocked
6c15c120,runtime.(*gcCPULimiterState).accumulate
6c15c300,runtime.(*gcCPULimiterState).unlock
6c15c360,runtime.(*gcCPULimiterState).resetCapacity
6c15c4a0,runtime.(*limiterEvent).start
6c15c520,runtime.(*limiterEvent).consume
6c15c660,runtime.(*limiterEvent).stop
6c15c860,runtime.gcMarkRootPrepare
6c15ca30,runtime.gcMarkRootCheck
6c15cb20,runtime.gcMarkRootCheck.func1
6c15cc60,runtime.markroot
6c15d0c0,runtime.markroot.func1
6c15d240,runtime.markrootBlock
6c15d2e0,runtime.markrootFreeGStacks
6c15d3d0,runtime.markrootSpans
6c15d690,runtime.gcAssistAlloc
6c15db30,runtime.gcAssistAlloc.func1
6c15db70,runtime.gcAssistAlloc1
6c15dfd0,runtime.gcWakeAllAssists
6c15e040,runtime.gcParkAssist
6c15e180,runtime.gcFlushBgCredit
6c15e3f0,runtime.scanstack
6c15ebf0,runtime.scanframeworker
6c15ee30,runtime.gcDrain
6c15f370,runtime.gcDrainN
6c15f640,runtime.scanblock
6c15f760,runtime.scanobject
6c15fa10,runtime.scanConservative
6c15fbb0,runtime.shade
6c15fc40,runtime.greyobject
6c15ff20,runtime.gcDumpObject
6c160330,runtime.gcmarknewobject
6c160430,runtime.gcMarkTinyAllocs
6c160500,runtime.(*gcControllerState).init
6c160580,runtime.(*gcControllerState).startCycle
6c160b50,runtime.(*gcControllerState).revise
6c161170,runtime.(*gcControllerState).endCycle
6c1618f0,runtime.(*gcControllerState).enlistWorker
6c161a30,runtime.(*gcControllerState).findRunnableGCWorker
6c161d30,runtime.(*gcControllerState).resetLive
6c161e60,runtime.(*gcControllerState).markWorkerStop
6c161f60,runtime.(*gcControllerState).update
6c162060,runtime.(*gcControllerState).addScannableStack
6c162160,runtime.(*gcControllerState).heapGoalInternal
6c1622b0,runtime.(*gcControllerState).memoryLimitHeapGoal
6c162590,runtime.(*gcControllerState).trigger
6c162960,runtime.(*gcControllerState).commit
6c162c10,runtime.(*gcControllerState).setGCPercent
6c162cf0,runtime.readGOGC
6c162da0,runtime.(*gcControllerState).setMemoryLimit
6c162e30,runtime.readGOMEMLIMIT
6c162f20,runtime.(*gcControllerState).addIdleMarkWorker
6c163010,runtime.(*gcControllerState).needIdleMarkWorker
6c163040,runtime.(*gcControllerState).removeIdleMarkWorker
6c163130,runtime.(*gcControllerState).setMaxIdleMarkWorkers
6c163220,runtime.gcControllerCommit
6c163320,runtime.heapRetained
6c163390,runtime.gcPaceScavenger
6c163650,runtime.(*scavengerState).init
6c1637d0,runtime.(*scavengerState).park
6c163850,runtime.(*scavengerState).wake
6c1638e0,runtime.(*scavengerState).sleep
6c163c40,runtime.(*scavengerState).controllerFailed
6c163c80,runtime.(*scavengerState).run
6c163e40,runtime.bgscavenge
6c163ef0,runtime.(*pageAlloc).scavenge
6c163fd0,runtime.(*pageAlloc).scavenge.func1
6c164030,runtime.printScavTrace
6c164270,runtime.(*pageAlloc).scavengeOne
6c1645e0,runtime.fillAligned
6c164850,runtime.(*pallocData).findScavengeCandidate
6c164e40,runtime.(*scavengeIndex).init
6c164eb0,runtime.(*scavengeIndex).grow
6c164f20,runtime.(*scavengeIndex).find
6c165140,runtime.(*scavengeIndex).alloc
6c165250,runtime.(*scavengeIndex).free
6c165390,runtime.(*scavengeIndex).nextGen
6c165400,runtime.(*scavengeIndex).setEmpty
6c1654c0,runtime.(*scavengeIndex).setNoHugePage
6c165590,runtime.(*atomicScavChunkData).load
6c165600,runtime.(*atomicScavChunkData).store
6c165670,runtime.(*scavChunkData).alloc
6c165760,runtime.(*scavChunkData).free
6c165840,runtime.(*piController).next
6c1659a0,runtime.(*stackScanState).putPtr
6c165aa0,runtime.(*stackScanState).getPtr
6c165bb0,runtime.(*stackScanState).addObject
6c165cd0,runtime.binarySearchTree
6c165de0,runtime.(*sweepClass).update
6c165e50,runtime.(*mheap).nextSpanForSweep
6c165fa0,runtime.(*activeSweep).begin
6c166020,runtime.(*activeSweep).end
6c166240,runtime.(*activeSweep).markDrained
6c1662b0,runtime.finishsweep_m
6c1663c0,runtime.bgsweep
6c166540,runtime.(*sweepLocker).tryAcquire
6c166600,runtime.sweepone
6c166870,runtime.(*mspan).ensureSwept
6c1669b0,runtime.(*sweepLocked).sweep
6c167650,runtime.(*sweepLocked).sweep.(*mheap).freeSpan.func3
6c167720,runtime.(*sweepLocked).sweep.(*mheap).freeSpan.func2
6c1677f0,runtime.(*sweepLocked).sweep.func1
6c167890,runtime.(*mspan).reportZombies
6c167b80,runtime.deductSweepCredit
6c167d20,runtime.gcPaceSweeper
6c167ec0,runtime.(*gcWork).init
6c167f10,runtime.(*gcWork).put
6c167fe0,runtime.(*gcWork).putBatch
6c168170,runtime.(*gcWork).tryGet
6c168230,runtime.(*gcWork).dispose
6c168350,runtime.(*gcWork).balance
6c1683f0,runtime.(*workbuf).checknonempty
6c168430,runtime.(*workbuf).checkempty
6c168470,runtime.getempty
6c168650,runtime.getempty.func1
6c1686a0,runtime.putempty
6c1686f0,runtime.putfull
6c168740,runtime.trygetfull
6c168790,runtime.handoff
6c168820,runtime.prepareFreeWorkbufs
6c168930,runtime.freeSomeWbufs
6c1689f0,runtime.freeSomeWbufs.func1
6c168aa0,runtime.(*mspan).base
6c168ad0,runtime.recordspan
6c168c50,runtime.spanOfHeap
6c168ce0,runtime.(*mheap).init
6c168ec0,runtime.(*mheap).reclaim
6c169130,runtime.(*mheap).reclaimChunk
6c169480,runtime.(*mheap).alloc
6c1694f0,runtime.(*mheap).alloc.func1
6c169590,runtime.(*mheap).allocManual
6c169600,runtime.(*mheap).setSpans
6c169690,runtime.(*mheap).allocNeedsZero
6c1697e0,runtime.(*mheap).allocMSpanLocked
6c1698c0,runtime.(*mheap).allocSpan
6c169fb0,runtime.(*mheap).initSpan
6c16a210,runtime.(*mheap).grow
6c16a550,runtime.(*mheap).freeManual
6c16a5c0,runtime.(*mheap).freeSpanLocked
6c16a9f0,runtime.(*mspan).init
6c16aaa0,runtime.(*mSpanList).remove
6c16ac00,runtime.(*mSpanList).insert
6c16acf0,runtime.spanHasSpecials
6c16ad70,runtime.spanHasNoSpecials
6c16adf0,runtime.addspecial
6c16af40,runtime.removespecial
6c16b080,runtime.addfinalizer
6c16b290,runtime.removefinalizer
6c16b320,runtime.setprofilebucket
6c16b3c0,runtime.freeSpecial
6c16b540,runtime.(*gcBitsArena).tryAlloc
6c16b5e0,runtime.newMarkBits
6c16b770,runtime.nextMarkBitArenaEpoch
6c16b820,runtime.newArenaMayUnlock
6c16b8e0,runtime.(*pageAlloc).init
6c16ba80,runtime.(*pageAlloc).grow
6c16bc90,runtime.(*pageAlloc).enableChunkHugePages
6c16bd40,runtime.(*pageAlloc).update
6c16c180,runtime.(*pageAlloc).allocRange
6c16c4b0,runtime.(*pageAlloc).findMappedAddr
6c16c540,runtime.(*pageAlloc).find
6c16d100,runtime.(*pageAlloc).find.func1
6c16d250,runtime.(*pageAlloc).alloc
6c16d4c0,runtime.(*pageAlloc).free
6c16d7b0,runtime.mergeSummaries
6c16d940,runtime.(*pageAlloc).sysInit
6c16dab0,runtime.(*pageAlloc).sysGrow
6c16dc40,runtime.(*scavengeIndex).sysInit
6c16dd30,runtime.(*pageCache).alloc
6c16deb0,runtime.(*pageCache).allocN
6c16e1f0,runtime.(*pageCache).flush
6c16e440,runtime.(*pageAlloc).allocToCache
6c16e810,runtime.(*pageBits).setRange
6c16ea70,runtime.(*pageBits).clearRange
6c16ed00,runtime.(*pageBits).popcntRange
6c16f270,runtime.(*pallocBits).summarize
6c16f7d0,runtime.(*pallocBits).find
6c16f8d0,runtime.(*pallocBits).findSmallN
6c16fc20,runtime.(*pallocBits).findLargeN
6c16ff50,runtime.(*pallocData).allocRange
6c16ffb0,runtime.(*mProfCycleHolder).setFlushed
6c170020,runtime.(*mProfCycleHolder).increment
6c170090,runtime.newBucket
6c170120,runtime.(*bucket).mp
6c170170,runtime.(*bucket).bp
6c1701d0,runtime.stkbucket
6c1705b0,runtime.mProf_Flush
6c170670,runtime.mProf_FlushLocked
6c170730,runtime.mProf_Malloc
6c170900,runtime.mProf_Malloc.func1
6c170930,runtime.mProf_Free
6c170a00,runtime.blockevent
6c170ad0,runtime.blocksampled
6c170bd0,runtime.saveblockevent
6c170eb0,runtime.tryRecordGoroutineProfileWB
6c170f10,runtime.tryRecordGoroutineProfile
6c171040,runtime.doRecordGoroutineProfile
6c1711b0,runtime.doRecordGoroutineProfile.func1
6c171210,runtime.saveg
6c1712e0,runtime.Stack
6c1713b0,runtime.Stack.func1
6c1714e0,runtime.tracealloc
6c171730,runtime.tracealloc.func1
6c171780,runtime.tracefree
6c1718d0,runtime.tracefree.func1
6c171920,runtime.tracegc
6c1719f0,runtime.makeAddrRange
6c171a50,runtime.(*atomicOffAddr).Clear
6c171ab0,runtime.(*atomicOffAddr).StoreMin
6c171b20,runtime.(*atomicOffAddr).Load
6c171b70,runtime.(*addrRanges).init
6c171c00,runtime.(*addrRanges).findSucc
6c171cc0,runtime.(*addrRanges).findAddrGreaterEqual
6c171d90,runtime.(*addrRanges).add
6c1721f0,runtime.(*addrRanges).cloneInto
6c1722a0,runtime.(*spanSet).push
6c1724a0,runtime.(*spanSet).pop
6c172680,runtime.(*spanSet).reset
6c172870,runtime.(*spanSetBlockAlloc).alloc
6c1728e0,runtime.(*spanSetBlockAlloc).free
6c172930,runtime.(*atomicHeadTailIndex).incTail
6c172a10,runtime.init.3
6c172a30,runtime.(*sysMemStat).add
6c172b50,runtime.(*consistentHeapStats).acquire
6c172c40,runtime.(*consistentHeapStats).release
6c172cf0,runtime.(*cpuStats).accumulate
6c172fb0,runtime.(*wbBuf).reset
6c172fe0,runtime.wbBufFlush
6c173020,runtime.wbBufFlush1
6c173290,runtime.(*pollDesc).publishInfo
6c173350,runtime.(*pollDesc).setEventErr
6c173440,runtime.netpollGenericInit
6c1734d0,runtime.(*pollCache).free
6c173580,runtime.netpollready
6c173640,runtime.netpollcheckerr
6c1736e0,runtime.netpollblockcommit
6c173750,runtime.netpollgoready
6c1737d0,runtime.netpollgoready.goready.func1
6c173810,runtime.netpollblock
6c173970,runtime.netpollunblock
6c173a30,runtime.netpolldeadlineimpl
6c173c10,runtime.netpollDeadline
6c173c80,runtime.netpollReadDeadline
6c173cf0,runtime.netpollWriteDeadline
6c173d60,runtime.(*pollCache).alloc
6c173e10,runtime.netpollinit
6c173ee0,runtime.netpollopen
6c173f50,runtime.netpollBreak
6c174050,runtime.netpoll
6c174410,runtime.handlecompletion
6c1744c0,runtime.windowsFindfunc
6c174540,runtime.initSysDirectory
6c1745c0,runtime.loadOptionalSyscalls
6c174b00,runtime.monitorSuspendResume
6c174c10,runtime.getproccount
6c174cd0,runtime.osRelax
6c174d50,runtime.initHighResTimer
6c174dc0,runtime.initLongPathSupport
6c175010,runtime.osinit
6c1750e0,runtime.nanotimeQPC
6c175150,runtime.nowQPC
6c175270,runtime.initWine
6c175590,runtime.getRandomData
6c175600,runtime.goenvs
6c1757f0,runtime.exit
6c175840,runtime.write1
6c175960,runtime.writeConsole
6c175b70,runtime.writeConsoleUTF16
6c175be0,runtime.semasleep
6c175ec0,runtime.semasleep.func3
6c175f40,runtime.semawakeup
6c175f80,runtime.semacreate
6c176070,runtime.newosproc
6c1761d0,runtime.exitThread
6c176210,runtime.minit
6c176570,runtime.unminit
6c1765e0,runtime.mdestroy
6c176670,runtime.stdcall
6c176720,runtime.stdcall0
6c176760,runtime.stdcall1
6c1767b0,runtime.stdcall2
6c176800,runtime.stdcall3
6c176850,runtime.stdcall4
6c1768a0,runtime.stdcall5
6c1768f0,runtime.stdcall6
6c176940,runtime.stdcall7
6c176990,runtime.osyield
6c1769b0,runtime.ctrlHandler
6c176a60,runtime.setThreadCPUProfiler
6c176b40,runtime.preemptM
6c176f90,runtime.osPreemptExtEnter
6c176fe0,runtime.pageTraceFree
6c177000,runtime.panicCheck1
6c1770d0,runtime.panicCheck2
6c177120,runtime.goPanicIndex
6c1771e0,runtime.goPanicIndexU
6c177290,runtime.goPanicSliceAlen
6c177350,runtime.goPanicSliceAlenU
6c177400,runtime.goPanicSliceAcap
6c1774c0,runtime.goPanicSliceAcapU
6c177570,runtime.goPanicSliceB
6c177630,runtime.goPanicSliceBU
6c1776e0,runtime.goPanicSlice3Alen
6c1777a0,runtime.goPanicSlice3AlenU
6c177850,runtime.goPanicSlice3Acap
6c177910,runtime.goPanicSlice3B
6c1779d0,runtime.goPanicSlice3C
6c177a90,runtime.goPanicSliceConvert
6c177b50,runtime.panicshift
6c177bb0,runtime.panicdivide
6c177c00,runtime.deferproc
6c177ce0,runtime.deferprocStack
6c177d60,runtime.newdefer
6c177f60,runtime.freedefer
6c1781f0,runtime.freedeferpanic
6c178230,runtime.freedeferfn
6c178270,runtime.deferreturn
6c178390,runtime.preprintpanics
6c178500,runtime.printpanics
6c1785f0,runtime.addOneOpenDeferFrame
6c178670,runtime.addOneOpenDeferFrame.func1
6c178930,runtime.runOpenDeferFrame
6c178c10,runtime.deferCallSave
6c178cc0,runtime.(*PanicNilError).Error
6c178cf0,runtime.gopanic
6c1793b0,runtime.getargp
6c1793c0,runtime.gorecover
6c179410,runtime.throw
6c179470,runtime.throw.func1
6c1794e0,runtime.fatal
6c179540,runtime.fatal.func1
6c1795b0,runtime.recovery
6c1796e0,runtime.fatalthrow
6c179760,runtime.fatalthrow.func1
6c1797e0,runtime.fatalpanic
6c179880,runtime.fatalpanic.func1
6c179930,runtime.startpanic_m
6c179aa0,runtime.dopanic_m
6c179d50,runtime.canpanic
6c179ed0,runtime.isAbortPC
6c179f00,runtime.goPanicExtendIndex
6c179fc0,runtime.goPanicExtendIndexU
6c17a080,runtime.goPanicExtendSliceAlenU
6c17a140,runtime.goPanicExtendSliceAcap
6c17a200,runtime.goPanicExtendSliceAcapU
6c17a2c0,runtime.goPanicExtendSliceB
6c17a380,runtime.goPanicExtendSliceBU
6c17a440,runtime.(*mspan).refreshPinnerBits
6c17a570,runtime.suspendG
6c17aa30,runtime.resumeG
6c17aaf0,runtime.asyncPreempt2
6c17ab40,runtime.init.4
6c17ac20,runtime.wantAsyncPreempt
6c17ac90,runtime.isAsyncSafePoint
6c17b000,runtime.recordForPanic
6c17b140,runtime.printlock
6c17b1a0,runtime.printunlock
6c17b200,runtime.gwrite
6c17b310,runtime.printsp
6c17b350,runtime.printnl
6c17b390,runtime.printbool
6c17b3f0,runtime.printfloat
6c17b620,runtime.printcomplex
6c17b6a0,runtime.printuint
6c17b7e0,runtime.printint
6c17b850,runtime.printhex
6c17b940,runtime.printpointer
6c17b980,runtime.printuintptr
6c17b9c0,runtime.printstring
6c17ba40,runtime.printslice
6c17bb10,runtime.hexdumpWords
6c17bd80,runtime.main
6c17c1d0,runtime.main.func2
6c17c200,runtime.init.5
6c17c230,runtime.forcegchelper
6c17c360,runtime.goschedIfBusy
6c17c3b0,runtime.gopark
6c17c4e0,runtime.acquireSudog
6c17c7c0,runtime.releaseSudog
6c17cae0,runtime.badmcall
6c17cb20,runtime.badmcall2
6c17cb60,runtime.badreflectcall
6c17cba0,runtime.badmorestackg0
6c17cbd0,runtime.badmorestackgsignal
6c17cc00,runtime.badctxt
6c17cc20,runtime.allgadd
6c17cd90,runtime.atomicAllG
6c17cdf0,runtime.forEachG
6c17ce70,runtime.forEachGRace
6c17ced0,runtime.schedinit
6c17d180,runtime.dumpgstatus
6c17d320,runtime.checkmcount
6c17d400,runtime.mReserveID
6c17d4a0,runtime.mcommoninit
6c17d670,runtime.(*m).becomeSpinning
6c17d6d0,runtime.ready
6c17d7f0,runtime.freezetheworld
6c17d940,runtime.freezetheworld.usleep.func4
6c17da10,runtime.freezetheworld.usleep.func3
6c17dae0,runtime.freezetheworld.usleep.func2
6c17dbb0,runtime.freezetheworld.usleep.func1
6c17dc80,runtime.casfrom_Gscanstatus
6c17de40,runtime.castogscanstatus
6c17df20,runtime.casgstatus
6c17e280,runtime.casgstatus.func1
6c17e330,runtime.casGToPreemptScan
6c17e3b0,runtime.casGFromPreempted
6c17e430,runtime.stopTheWorld
6c17e510,runtime.stopTheWorld.func1
6c17e590,runtime.startTheWorld
6c17e650,runtime.stopTheWorldGC
6c17e6b0,runtime.startTheWorldGC
6c17e6f0,runtime.stopTheWorldWithSema
6c17e9a0,runtime.startTheWorldWithSema
6c17ebf0,runtime.mstart0
6c17ec50,runtime.mstart1
6c17ed20,runtime.mstartm0
6c17ed50,runtime.mexit
6c17f000,runtime.forEachP
6c17f370,runtime.runSafePointFn
6c17f430,runtime.allocm
6c17f6b0,runtime.allocm.func1
6c17f6f0,runtime.needm
6c17f830,runtime.needAndBindM
6c17f860,runtime.newextram
6c17f8e0,runtime.oneNewExtraM
6c17fa70,runtime.dropm
6c17fb00,runtime.cgoBindM
6c17fb70,runtime.lockextra
6c17fc30,runtime.unlockextra
6c17fc70,runtime.getExtraM
6c17fce0,runtime.putExtraM
6c17fd10,runtime.addExtraM
6c17fd40,runtime.newm
6c17fed0,runtime.newm1
6c17ffc0,runtime.startTemplateThread
6c1800b0,runtime.templateThread
6c1801b0,runtime.stopm
6c1802e0,runtime.mspinning
6c180310,runtime.startm
6c1805d0,runtime.handoffp
6c180940,runtime.wakep
6c180ac0,runtime.stoplockedm
6c180c40,runtime.startlockedm
6c180cf0,runtime.gcstopm
6c180e10,runtime.execute
6c180f50,runtime.findRunnable
6c181d90,runtime.pollWork
6c181e90,runtime.stealWork
6c182380,runtime.checkRunqsNoP
6c182480,runtime.checkTimersNoP
6c1825a0,runtime.checkIdleGCNoP
6c182790,runtime.wakeNetPoller
6c182830,runtime.resetspinning
6c1828d0,runtime.injectglist
6c182b80,runtime.schedule
6c182e50,runtime.checkTimers
6c1831a0,runtime.parkunlock_c
6c1831e0,runtime.park_m
6c183350,runtime.goschedImpl
6c183460,runtime.gosched_m
6c1834e0,runtime.goschedguarded_m
6c1835a0,runtime.gopreempt_m
6c183620,runtime.preemptPark
6c1837f0,runtime.goyield_m
6c1838d0,runtime.goexit1
6c183940,runtime.goexit0
6c183c80,runtime.save
6c183ce0,runtime.reentersyscall
6c183eb0,runtime.reentersyscall.func1
6c183fa0,runtime.entersyscall_sysmon
6c184020,runtime.entersyscall_gcwait
6c184100,runtime.entersyscallblock
6c184250,runtime.entersyscallblock.func2
6c184380,runtime.entersyscallblock.func1
6c1844b0,runtime.entersyscallblock_handoff
6c184510,runtime.exitsyscall.func1
6c184540,runtime.exitsyscallfast
6c184640,runtime.exitsyscallfast.func1
6c1846d0,runtime.exitsyscallfast_reacquired
6c184740,runtime.exitsyscallfast_reacquired.func1
6c184780,runtime.exitsyscallfast_pidle
6c184850,runtime.exitsyscall0
6c1849f0,runtime.malg
6c184ab0,runtime.malg.func1
6c184b00,runtime.newproc
6c184b80,runtime.newproc.func1
6c184bf0,runtime.newproc1
6c184ff0,runtime.saveAncestors
6c185270,runtime.gfput
6c185430,runtime.gfget
6c1855c0,runtime.gfget.func2
6c185610,runtime.gfget.func1
6c185660,runtime.gfpurge
6c185790,runtime.LockOSThread
6c185820,runtime.UnlockOSThread
6c185880,runtime.unlockOSThread
6c185900,runtime.badunlockosthread
6c185940,runtime.gcount
6c1859c0,runtime.(*p).init
6c185b40,runtime.(*p).destroy
6c185ea0,runtime.(*p).destroy.freemcache.func2
6c185f10,runtime.(*p).destroy.func1
6c185fd0,runtime.procresize
6c186790,runtime.acquirep
6c186840,runtime.wirep
6c186970,runtime.releasep
6c186ae0,runtime.incidlelocked
6c186b40,runtime.checkdead
6c186f00,runtime.checkdead.func1
6c187020,runtime.sysmon
6c187640,runtime.sysmon.usleep.func1
6c187710,runtime.retake
6c1879b0,runtime.preemptall
6c187a30,runtime.preemptone
6c187ab0,runtime.schedtrace
6c188540,runtime.schedEnableUser
6c188690,runtime.mput
6c1886d0,runtime.globrunqget
6c1887e0,runtime.pMask.read
6c188840,runtime.pMask.clear
6c1888c0,runtime.updateTimerPMask
6c188970,runtime.pidleput
6c188af0,runtime.pidleget
6c188c70,runtime.pidlegetSpinning
6c188d00,runtime.runqempty
6c188db0,runtime.runqput
6c188eb0,runtime.runqputslow
6c189070,runtime.runqputbatch
6c1891a0,runtime.runqget
6c189290,runtime.runqdrain
6c189400,runtime.runqgrab
6c189570,runtime.runqsteal
6c189680,runtime.doInit1
6c189cc0,runtime.(*godebugInc).IncNonDefault
6c189da0,runtime.godebugNotify
6c189e50,runtime.gotraceback
6c189ee0,runtime.args
6c189f30,runtime.testAtomic64
6c18a280,runtime.check
6c18a750,runtime.parsedebugvars
6c18a8f0,runtime.reparsedebugvars
6c18aa20,runtime.parsegodebug
6c18ade0,runtime.puintptr.ptr
6c18adf0,runtime.extendRandom
6c18aeb0,runtime.waitReason.String
6c18af00,runtime.(*rwmutex).rlock
6c18af90,runtime.(*rwmutex).rlock.func1
6c18b030,runtime.(*rwmutex).runlock
6c18b120,runtime.sellock
6c18b1b0,runtime.selunlock
6c18b260,runtime.selparkcommit
6c18b2f0,runtime.block
6c18b340,runtime.selectgo
6c18c560,runtime.selectgo.func3
6c18c5b0,runtime.selectgo.func2
6c18c600,runtime.readyWithTime
6c18c690,runtime.readyWithTime.goready.func1
6c18c6d0,runtime.semacquire1
6c18ca40,runtime.semrelease1
6c18cc50,runtime.cansemacquire
6c18ccb0,runtime.(*semaRoot).queue
6c18d010,runtime.(*semaRoot).dequeue
6c18d320,runtime.(*semaRoot).rotateLeft
6c18d440,runtime.(*semaRoot).rotateRight
6c18d560,runtime.preventErrorDialogs
6c18d5f0,runtime.enableWER
6c18d640,runtime.initExceptionHandler
6c18d6a0,runtime.sigtrampgo
6c18d800,runtime.sigtrampgo.func1
6c18d850,runtime.exceptionhandler
6c18d9d0,runtime.firstcontinuehandler
6c18da70,runtime.lastcontinuehandler
6c18dac0,runtime.winthrow
6c18e0c0,runtime.sigpanic
6c18e390,runtime.dieFromException
6c18e450,runtime.sigsend
6c18e610,runtime.panicmakeslicelen
6c18e650,runtime.makeslicecopy
6c18e7a0,runtime.makeslice
6c18e860,runtime.growslice
6c18ee20,runtime.slicecopy
6c18eeb0,runtime.stackpoolalloc
6c18f030,runtime.stackpoolfree
6c18f170,runtime.stackcacherefill
6c18f260,runtime.stackcacherelease
6c18f350,runtime.stackcache_clear
6c18f430,runtime.stackalloc
6c18f6e0,runtime.stackfree
6c18f980,runtime.adjustpointers
6c18fbe0,runtime.adjustframe
6c18fea0,runtime.adjustdefers
6c18ff80,runtime.syncadjustsudogs
6c1900a0,runtime.copystack
6c190440,runtime.newstack
6c191080,runtime.nilfunc
6c191090,runtime.gostartcallfn
6c1910f0,runtime.isShrinkStackSafe
6c191150,runtime.shrinkstack
6c1912d0,runtime.freeStackSpans
6c191440,runtime.gcComputeStartingStackSize
6c1915b0,runtime.(*stkframe).argBytes
6c191600,runtime.(*stkframe).argMapInternal
6c191940,runtime.(*stkframe).getStackMap
6c192000,runtime.stkobjinit
6c1920e0,runtime.concatstrings
6c1922d0,runtime.concatstring2
6c192370,runtime.concatstring3
6c192400,runtime.concatstring4
6c1924b0,runtime.concatstring5
6c192570,runtime.slicebytetostring
6c192660,runtime.rawstringtmp
6c192710,runtime.stringtoslicebyte
6c1927c0,runtime.stringtoslicerune
6c192900,runtime.slicerunetostring
6c192a90,runtime.intstring
6c192b60,runtime.rawbyteslice
6c192cb0,runtime.rawruneslice
6c192e30,runtime.atoi64
6c193030,runtime.parseByteCount
6c193330,runtime.findnull
6c1933d0,runtime.gostringw
6c193580,runtime.badsystemstack
6c1935b0,runtime.fastrand
6c193600,runtime.fastrand64
6c193680,runtime.(*Frames).Next
6c193c70,runtime.expandCgoFrames
6c193e90,runtime.modulesinit
6c1940a0,runtime.moduledataverify1
6c194860,runtime.(*moduledata).textAddr
6c194990,runtime.(*moduledata).funcName
6c194a10,runtime.FuncForPC
6c194bf0,runtime.(*Func).Name
6c194d40,runtime.(*Func).Entry
6c194dc0,runtime.(*Func).FileLine
6c194e70,runtime.findfunc
6c194fb0,runtime.pcvalue
6c195550,runtime.funcpkgpath
6c195630,runtime.funcfile
6c1956f0,runtime.funcline1
6c195820,runtime.funcMaxSPDelta
6c195950,runtime.pcdatavalue
6c1959d0,runtime.pcdatavalue1
6c195a50,runtime.pcdatavalue2
6c195ae0,runtime.step
6c195c70,runtime.newInlineUnwinder
6c195d70,runtime.(*inlineUnwinder).next
6c195e40,runtime.(*abiDesc).assignArg
6c196060,runtime.(*abiDesc).tryRegAssignArg
6c1962f0,runtime.callbackWrap
6c1964b0,runtime.resetForSleep
6c196530,runtime.goroutineReady
6c1965c0,runtime.goroutineReady.goready.func1
6c196600,runtime.addtimer
6c196790,runtime.doaddtimer
6c196930,runtime.deltimer
6c196bf0,runtime.dodeltimer
6c196de0,runtime.dodeltimer0
6c196f60,runtime.modtimer
6c197460,runtime.cleantimers
6c197620,runtime.moveTimers
6c197820,runtime.adjusttimers
6c197b70,runtime.addAdjustedTimers
6c197c00,runtime.nobarrierWakeTime
6c197ce0,runtime.runtimer
6c197fc0,runtime.runOneTimer
6c1981a0,runtime.clearDeletedTimers
6c198560,runtime.updateTimer0When
6c1985e0,runtime.updateTimerModifiedEarliest
6c198680,runtime.timeSleepUntil
6c1987f0,runtime.siftupTimer
6c198940,runtime.siftdownTimer
6c198be0,runtime.badTimer
6c198c20,runtime.nanotime
6c198c40,runtime.write
6c198ca0,runtime.traceReader
6c198d60,runtime.traceReaderAvailable
6c198dc0,runtime.traceProcFree
6c198e50,runtime.traceEvent
6c198f30,runtime.traceEventLocked
6c199500,runtime.traceEventLocked.func1
6c199540,runtime.traceStackID
6c199690,runtime.traceAcquireBuffer
6c199710,runtime.traceReleaseBuffer
6c199780,runtime.traceFlush
6c199a00,runtime.(*traceStackTable).put
6c199b40,runtime.(*traceStackTable).put.func1
6c199d00,runtime.(*traceAlloc).alloc
6c199de0,runtime.traceProcStop
6c199e90,runtime.traceSTWStart
6c199f30,runtime.traceGCSweepStart
6c199fa0,runtime.traceGCSweepSpan
6c19a020,runtime.traceGCSweepDone
6c19a0f0,runtime.traceGoCreate
6c19a200,runtime.traceGoStart
6c19a3c0,runtime.traceGoUnpark
6c19a4e0,runtime.traceGoSysCall
6c19a540,runtime.traceGoSysExit
6c19a690,runtime.traceGoSysBlock
6c19a740,runtime.traceHeapGoal
6c19a820,runtime.startPCforTrace
6c19a8c0,runtime.traceOneNewExtraM
6c19a970,runtime.(*unwinder).initAt
6c19ac00,runtime.(*unwinder).resolveInternal
6c19ae80,runtime.(*unwinder).next
6c19b1b0,runtime.(*unwinder).finishInternal
6c19b330,runtime.(*unwinder).symPC
6c19b390,runtime.(*unwinder).cgoCallers
6c19b450,runtime.tracebackPCs
6c19b780,runtime.printArgs
6c19bb30,runtime.printArgs.func2
6c19bcd0,runtime.printArgs.func1
6c19bd40,runtime.funcNamePiecesForPrint
6c19be50,runtime.printFuncName
6c19bf60,runtime.printcreatedby
6c19c040,runtime.printcreatedby1
6c19c260,runtime.tracebacktrap
6c19c2f0,runtime.traceback1
6c19c570,runtime.traceback1.func1
6c19c730,runtime.traceback2
6c19cf80,runtime.traceback2.func1
6c19cfe0,runtime.printAncestorTraceback
6c19d1e0,runtime.printAncestorTracebackFuncInfo
6c19d410,runtime.callers
6c19d4c0,runtime.callers.func1
6c19d5a0,runtime.gcallers
6c19d660,runtime.showframe
6c19d700,runtime.showfuncinfo
6c19d870,runtime.goroutineheader
6c19db00,runtime.tracebackothers
6c19dbf0,runtime.tracebackothers.func1
6c19dd30,runtime.tracebackHexdump
6c19def0,runtime.tracebackHexdump.func1
6c19df40,runtime.isSystemGoroutine
6c19e030,runtime.printCgoTraceback
6c19e130,runtime.printOneCgoTraceback
6c19e310,runtime.callCgoSymbolizer
6c19e380,runtime.cgoContextPCs
6c19e430,runtime.rtype.string
6c19e4c0,runtime.rtype.pkgpath
6c19e5f0,runtime.resolveNameOff
6c19e8b0,runtime.resolveTypeOff
6c19ebb0,runtime.rtype.textOff
6c19edc0,runtime.pkgPath
6c19ef10,runtime.typelinksinit
6c19f410,runtime.typesEqual
6c1a0170,runtime.panicunsafestringlen
6c1a01b0,runtime.panicunsafestringnilptr
6c1a01f0,runtime.panicunsafeslicelen
6c1a0220,runtime.panicunsafeslicelen1
6c1a0280,runtime.panicunsafeslicenilptr
6c1a02b0,runtime.panicunsafeslicenilptr1
6c1a0310,runtime.decoderune
6c1a04e0,runtime.encoderune
6c1a0640,runtime.float64toint64
6c1a0690,runtime.float64touint64
6c1a06e0,runtime.int64tofloat64
6c1a07b0,runtime.uint64tofloat64
6c1a0810,runtime.uint64tofloat32
6c1a0910,runtime._d2v
6c1a0a20,runtime.uint64div
6c1a0ac0,runtime.uint64mod
6c1a0b60,runtime.int64div
6c1a0cc0,runtime.int64mod
6c1a0dd0,runtime.dodiv
6c1a0f90,runtime.slowdodiv
6c1a10b0,runtime.printCgoTraceback.func1
6c1a10e0,runtime.schedtrace.func1
6c1a12f0,runtime.injectglist.func1
6c1a1410,runtime.startTheWorld.func1
6c1a1440,runtime.main.func1
6c1a1490,runtime.fatalpanic.func2
6c1a14c0,runtime.preprintpanics.func1
6c1a15e0,runtime.semacreate.func1
6c1a1660,runtime.semacreate.func2
6c1a16e0,runtime.semawakeup.func1
6c1a1760,runtime.semasleep.func1
6c1a17a0,runtime.semasleep.func2
6c1a1820,runtime.monitorSuspendResume.func1
6c1a1890,runtime.wbBufFlush.func1
6c1a18d0,runtime.sweepone.func1
6c1a1990,runtime.(*scavengerState).init.func1
6c1a19e0,runtime.(*scavengerState).init.func2
6c1a1ad0,runtime.(*scavengerState).init.func3
6c1a1b90,runtime.(*scavengerState).init.func4
6c1a1bc0,runtime.(*gcControllerState).findRunnableGCWorker.func1
6c1a1c40,runtime.gcResetMarkState.func1
6c1a1c80,runtime.gcBgMarkWorker.func1
6c1a1cf0,runtime.gcMarkTermination.func2
6c1a1de0,runtime.gcMarkTermination.func3
6c1a1e10,runtime.gcMarkTermination.func4.1
6c1a1ea0,runtime.gcMarkTermination.func4.1.1
6c1a1f10,runtime.gcMarkTermination.func4
6c1a1f40,runtime.gcMarkDone.func1.1
6c1a1fb0,runtime.gcMarkDone.func1
6c1a2030,runtime.gcMarkDone.func2
6c1a2060,runtime.gcMarkDone.func4
6c1a20e0,runtime.gcStart.func1
6c1a2110,runtime.gcStart.func2
6c1a2130,runtime.initMetrics.func1
6c1a2170,runtime.initMetrics.func2
6c1a21e0,runtime.initMetrics.func3
6c1a2250,runtime.initMetrics.func4
6c1a22c0,runtime.initMetrics.func5
6c1a2330,runtime.initMetrics.func6
6c1a23a0,runtime.initMetrics.func7
6c1a2410,runtime.initMetrics.func8
6c1a2480,runtime.initMetrics.func9
6c1a24f0,runtime.initMetrics.func10
6c1a2560,runtime.initMetrics.func11
6c1a25d0,runtime.initMetrics.func12
6c1a2640,runtime.initMetrics.func13
6c1a2690,runtime.initMetrics.func14
6c1a26d0,runtime.initMetrics.func15
6c1a2710,runtime.initMetrics.func16
6c1a2750,runtime.initMetrics.func17
6c1a2790,runtime.initMetrics.func18
6c1a27d0,runtime.initMetrics.func19
6c1a2810,runtime.initMetrics.func20
6c1a2980,runtime.initMetrics.func21
6c1a29c0,runtime.initMetrics.func22
6c1a2a00,runtime.initMetrics.func23
6c1a2b80,runtime.initMetrics.func24
6c1a2bc0,runtime.initMetrics.func25
6c1a2c00,runtime.initMetrics.func26
6c1a2c40,runtime.initMetrics.func27
6c1a2c90,runtime.initMetrics.func28
6c1a2ce0,runtime.initMetrics.func29
6c1a2d20,runtime.initMetrics.func30
6c1a2d60,runtime.initMetrics.func31
6c1a2da0,runtime.initMetrics.func32
6c1a2df0,runtime.initMetrics.func33
6c1a2fe0,runtime.initMetrics.func34
6c1a3020,runtime.initMetrics.func35
6c1a30a0,runtime.initMetrics.func36
6c1a30e0,runtime.initMetrics.func37
6c1a3120,runtime.initMetrics.func38
6c1a3160,runtime.initMetrics.func39
6c1a31b0,runtime.initMetrics.func40
6c1a3200,runtime.initMetrics.func41
6c1a3240,runtime.initMetrics.func42
6c1a3290,runtime.initMetrics.func43
6c1a32d0,runtime.initMetrics.func44
6c1a3320,runtime.initMetrics.func45
6c1a3360,runtime.initMetrics.func46
6c1a33a0,runtime.initMetrics.func47
6c1a33e0,runtime.initMetrics.func48
6c1a34e0,runtime.initMetrics.func49
6c1a3520,runtime.initMetrics.func50
6c1a3560,runtime.initMetrics.func51
6c1a3750,runtime.initMetrics.func52
6c1a37d0,runtime.runExitHooks.func1
6c1a3850,runtime.runExitHooks.func1.1
6c1a3890,runtime.cgocallbackg1.func1
6c1a38c0,runtime.(*mheap).allocSpan.func1
6c1a3900,runtime.init
6c1a3a30,runtime/internal/atomic.storePointer
6c1a3a50,sync/atomic.StorePointer
6c1a3a90,sync/atomic.SwapPointer
6c1a3ae0,sync/atomic.CompareAndSwapPointer
6c1a3b40,reflect.chanlen
6c1a3b70,internal/reflectlite.chanlen
6c1a3ba0,runtime/debug.modinfo
6c1a3bd0,reflect.ifaceE2I
6c1a3ca0,internal/reflectlite.ifaceE2I
6c1a3d70,reflect.unsafe_New
6c1a3db0,internal/reflectlite.unsafe_New
6c1a3df0,reflect.unsafe_NewArray
6c1a3e30,reflect.makemap
6c1a4050,reflect.mapaccess
6c1a40a0,reflect.mapaccess_faststr
6c1a4100,reflect.mapassign0
6c1a4160,reflect.mapassign_faststr0
6c1a41d0,reflect.mapdelete
6c1a4210,reflect.mapdelete_faststr
6c1a4260,reflect.mapiterinit
6c1a42a0,reflect.mapiternext
6c1a42d0,reflect.mapiterkey
6c1a4300,reflect.mapiterelem
6c1a4330,reflect.maplen
6c1a4360,internal/reflectlite.maplen
6c1a4390,reflect.typedmemmove
6c1a43d0,internal/reflectlite.typedmemmove
6c1a4410,reflect.typedslicecopy
6c1a44b0,reflect.typedmemclr
6c1a44f0,reflect.verifyNotInHeapPtr
6c1a4550,internal/godebug.registerMetric
6c1a46f0,sync.runtime_registerPoolCleanup
6c1a4740,sync.event
6c1a4870,internal/poll.runtime_pollServerInit
6c1a4890,internal/poll.runtime_pollOpen
6c1a4a80,internal/poll.runtime_pollClose
6c1a4b40,internal/poll.runtime_pollReset
6c1a4bd0,internal/poll.runtime_pollWait
6c1a4c70,internal/poll.runtime_pollWaitCanceled
6c1a4cb0,internal/poll.runtime_pollSetDeadline
6c1a5300,internal/poll.runtime_pollUnblock
6c1a5470,sync.throw
6c1a54a0,sync.fatal
6c1a54e0,os.runtime_beforeExit
6c1a5510,runtime.entersyscall
6c1a5530,runtime.exitsyscall
6c1a5750,sync.runtime_procPin
6c1a5770,sync.runtime_procUnpin
6c1a5790,sync/atomic.runtime_procPin
6c1a57b0,sync/atomic.runtime_procUnpin
6c1a57d0,sync.runtime_canSpin
6c1a5860,sync.runtime_doSpin
6c1a5880,syscall.Exit
6c1a58a0,internal/godebug.setUpdate
6c1a5910,internal/godebug.setNewIncNonDefault
6c1a5980,runtime/debug.SetTraceback
6c1a5af0,reflect.typelinks
6c1a5db0,reflect.resolveNameOff
6c1a5df0,reflect.resolveTypeOff
6c1a5e30,reflect.resolveTextOff
6c1a5e70,internal/reflectlite.resolveNameOff
6c1a5eb0,internal/reflectlite.resolveTypeOff
6c1a5ef0,reflect.addReflectOff
6c1a6060,sync.runtime_Semacquire
6c1a60b0,internal/poll.runtime_Semacquire
6c1a6100,sync.runtime_Semrelease
6c1a6140,sync.runtime_SemacquireMutex
6c1a6190,sync.runtime_SemacquireRWMutexR
6c1a61e0,sync.runtime_SemacquireRWMutex
6c1a6230,internal/poll.runtime_Semrelease
6c1a6270,sync.runtime_notifyListAdd
6c1a62b0,sync.runtime_notifyListWait
6c1a6490,sync.runtime_notifyListNotifyAll
6c1a65a0,sync.runtime_notifyListNotifyOne
6c1a6730,sync.runtime_notifyListCheck
6c1a67e0,sync.runtime_nanotime
6c1a6820,os/signal.signal_recv
6c1a6990,os/signal.signal_enable
6c1a6a50,reflect.growslice
6c1a6b00,internal/bytealg.MakeNoZero
6c1a6b90,runtime.morestackc
6c1a6bb0,runtime.gostring
6c1a6c70,reflect.memmove
6c1a6cb0,math/rand.fastrand64
6c1a6cf0,net.fastrandu
6c1a6d50,syscall.compileCallback
6c1a7250,syscall.loadsystemlibrary
6c1a7320,syscall.loadlibrary
6c1a7410,syscall.getprocaddress
6c1a7500,syscall.Syscall
6c1a7580,syscall.Syscall6
6c1a7600,syscall.Syscall9
6c1a76a0,syscall.Syscall12
6c1a7760,syscall.Syscall15
6c1a7850,syscall.SyscallN
6c1a79d0,time.Sleep
6c1a7b20,time.startTimer
6c1a7b50,time.stopTimer
6c1a7b90,time.resetTimer
6c1a7c00,runtime.sigpanic0
6c1a7c10,runtime.mapinitnoop
6c1a7c20,gogo
6c1a7c50,callRet
6c1a7c80,gosave_systemstack_switch
6c1a7cc0,setg_gcc
6c1a7cd0,ldt0setup
6c1a7d00,aeshashbody
6c1a7f70,gcWriteBarrier
6c1a7fe0,runtime.rt0_go
6c1a8160,runtime.asminit
6c1a8170,runtime.mstart
6c1a8180,runtime.gogo
6c1a8190,runtime.mcall
6c1a81e0,runtime.systemstack_switch
6c1a81f0,runtime.systemstack
6c1a8260,runtime.morestack
6c1a82e0,runtime.morestack_noctxt
6c1a82f0,runtime.reflectcall
6c1a8490,runtime.call16
6c1a8500,runtime.call32
6c1a8570,runtime.call64
6c1a85e0,runtime.call128
6c1a8660,runtime.call256
6c1a86f0,runtime.call512
6c1a8780,runtime.call1024
6c1a8810,runtime.call2048
6c1a88a0,runtime.call4096
6c1a8930,runtime.call8192
6c1a89c0,runtime.call16384
6c1a8a50,runtime.call32768
6c1a8ae0,runtime.call65536
6c1a8b70,runtime.call131072
6c1a8c00,runtime.call262144
6c1a8c90,runtime.call524288
6c1a8d20,runtime.call1048576
6c1a8db0,runtime.call2097152
6c1a8e40,runtime.call4194304
6c1a8ed0,runtime.call8388608
6c1a8f60,runtime.call16777216
6c1a8ff0,runtime.call33554432
6c1a9080,runtime.call67108864
6c1a9110,runtime.call134217728
6c1a91a0,runtime.call268435456
6c1a9230,runtime.call536870912
6c1a92c0,runtime.call1073741824
6c1a9350,runtime.procyield
6c1a9360,runtime.publicationBarrier
6c1a9370,runtime.asmcgocall
6c1a9400,runtime.cgocallback
6c1a94f0,runtime.setg
6c1a9520,runtime.abort
6c1a9530,runtime.stackcheck
6c1a9550,runtime.cputicks
6c1a9570,runtime.emptyfunc
6c1a9590,runtime.memhash
6c1a95b0,runtime.strhash
6c1a95d0,runtime.memhash32
6c1a9610,runtime.memhash64
6c1a9650,runtime.checkASM
6c1a9670,runtime.return0
6c1a9680,cgo_topofstack
6c1a96a0,runtime.goexit
6c1a96b0,runtime.uint32tofloat64
6c1a96d0,runtime.float64touint32
6c1a9700,runtime.gcWriteBarrier1
6c1a9710,runtime.gcWriteBarrier2
6c1a9720,runtime.gcWriteBarrier3
6c1a9730,runtime.gcWriteBarrier4
6c1a9740,runtime.gcWriteBarrier5
6c1a9750,runtime.gcWriteBarrier6
6c1a9760,runtime.gcWriteBarrier7
6c1a9770,runtime.gcWriteBarrier8
6c1a9780,runtime.panicIndex
6c1a9790,runtime.panicIndexU
6c1a97a0,runtime.panicSliceAlen
6c1a97b0,runtime.panicSliceAlenU
6c1a97c0,runtime.panicSliceAcap
6c1a97d0,runtime.panicSliceAcapU
6c1a97e0,runtime.panicSliceB
6c1a97f0,runtime.panicSliceBU
6c1a9800,runtime.panicSlice3Alen
6c1a9810,runtime.panicSlice3AlenU
6c1a9820,runtime.panicSlice3Acap
6c1a9830,runtime.panicSlice3B
6c1a9840,runtime.panicSlice3C
6c1a9850,runtime.panicSliceConvert
6c1a9860,runtime.panicExtendIndex
6c1a9880,runtime.panicExtendIndexU
6c1a98a0,runtime.panicExtendSliceAlenU
6c1a98c0,runtime.panicExtendSliceAcap
6c1a98e0,runtime.panicExtendSliceAcapU
6c1a9900,runtime.panicExtendSliceB
6c1a9920,runtime.panicExtendSliceBU
6c1a9940,runtime.duffzero
6c1a994b,runtime.duffzero_6c1a994b
6c1a995c,FUN_6c1a995c
6c1a9960,FUN_6c1a9960
6c1a996f,FUN_6c1a996f
6c1a9970,FUN_6c1a9970
6c1a9973,FUN_6c1a9973
6c1a997d,FUN_6c1a997d
6c1a997e,FUN_6c1a997e
6c1a997f,FUN_6c1a997f
6c1a9980,FUN_6c1a9980
6c1a9984,FUN_6c1a9984
6c1a9986,FUN_6c1a9986
6c1a998c,FUN_6c1a998c
6c1a998e,FUN_6c1a998e
6c1a9990,FUN_6c1a9990
6c1a9992,FUN_6c1a9992
6c1a9995,FUN_6c1a9995
6c1a9996,FUN_6c1a9996
6c1a9998,FUN_6c1a9998
6c1a999a,FUN_6c1a999a
6c1a999b,FUN_6c1a999b
6c1a999c,FUN_6c1a999c
6c1a999d,FUN_6c1a999d
6c1a999e,FUN_6c1a999e
6c1a999f,FUN_6c1a999f
6c1a99a0,FUN_6c1a99a0
6c1a99a2,FUN_6c1a99a2
6c1a99a3,FUN_6c1a99a3
6c1a99a4,FUN_6c1a99a4
6c1a99a5,FUN_6c1a99a5
6c1a99a7,FUN_6c1a99a7
6c1a99a8,FUN_6c1a99a8
6c1a99a9,FUN_6c1a99a9
6c1a99aa,FUN_6c1a99aa
6c1a99ab,FUN_6c1a99ab
6c1a99ac,FUN_6c1a99ac
6c1a99ad,FUN_6c1a99ad
6c1a99ae,FUN_6c1a99ae
6c1a99af,FUN_6c1a99af
6c1a99b0,FUN_6c1a99b0
6c1a99b1,FUN_6c1a99b1
6c1a99b2,FUN_6c1a99b2
6c1a99b3,FUN_6c1a99b3
6c1a99b4,FUN_6c1a99b4
6c1a99b5,FUN_6c1a99b5
6c1a99b6,FUN_6c1a99b6
6c1a99b7,FUN_6c1a99b7
6c1a99b8,FUN_6c1a99b8
6c1a99b9,FUN_6c1a99b9
6c1a99ba,FUN_6c1a99ba
6c1a99bb,FUN_6c1a99bb
6c1a99d0,runtime.duffcopy
6c1a9a3e,runtime.duffcopy_6c1a9a3e
6c1a9a5c,runtime.duffcopy_6c1a9a5c
6c1a9b9c,runtime.duffcopy_6c1a9b9c
6c1a9ba6,runtime.duffcopy_6c1a9ba6
6c1a9bc4,runtime.duffcopy_6c1a9bc4
6c1a9bce,runtime.duffcopy_6c1a9bce
6c1a9c32,runtime.duffcopy_6c1a9c32
6c1a9c46,runtime.duffcopy_6c1a9c46
6c1a9c50,runtime.duffcopy_6c1a9c50
6c1a9c78,runtime.duffcopy_6c1a9c78
6c1a9c96,runtime.duffcopy_6c1a9c96
6c1a9cc8,runtime.duffcopy_6c1a9cc8
6c1a9cf0,runtime.duffcopy_6c1a9cf0
6c1a9d40,runtime.duffcopy_6c1a9d40
6c1a9d90,runtime.duffcopy_6c1a9d90
6c1a9d9a,runtime.duffcopy_6c1a9d9a
6c1a9da4,runtime.duffcopy_6c1a9da4
6c1a9db8,runtime.duffcopy_6c1a9db8
6c1a9dd6,runtime.duffcopy_6c1a9dd6
6c1a9de0,runtime.duffcopy_6c1a9de0
6c1a9dea,runtime.duffcopy_6c1a9dea
6c1a9dfe,runtime.duffcopy_6c1a9dfe
6c1a9e12,runtime.duffcopy_6c1a9e12
6c1a9e1c,runtime.duffcopy_6c1a9e1c
6c1a9e26,runtime.duffcopy_6c1a9e26
6c1a9e30,runtime.duffcopy_6c1a9e30
6c1a9e3a,runtime.duffcopy_6c1a9e3a
6c1a9e44,runtime.duffcopy_6c1a9e44
6c1a9e4e,runtime.duffcopy_6c1a9e4e
6c1a9e58,runtime.duffcopy_6c1a9e58
6c1a9e62,runtime.duffcopy_6c1a9e62
6c1a9e6c,runtime.duffcopy_6c1a9e6c
6c1a9e76,runtime.duffcopy_6c1a9e76
6c1a9e80,runtime.duffcopy_6c1a9e80
6c1a9e8a,runtime.duffcopy_6c1a9e8a
6c1a9e94,runtime.duffcopy_6c1a9e94
6c1a9e9e,runtime.duffcopy_6c1a9e9e
6c1a9ea8,runtime.duffcopy_6c1a9ea8
6c1a9eb2,runtime.duffcopy_6c1a9eb2
6c1a9ee0,runtime.memclrNoHeapPointers
6c1aa0b0,runtime.memmove
6c1aa250,runtime.asyncPreempt
6c1aa2f0,rt0_386_windows_lib
6c1aa340,rt0_386_windows_lib_go
6c1aa350,sigtramp
6c1aa390,tstart
6c1aa3d0,runtime.asmstdcall
6c1aa410,runtime.getlasterror
6c1aa420,runtime.sigFetchGSafe
6c1aa440,runtime.sigresume
6c1aa450,runtime.exceptiontramp
6c1aa460,runtime.lastcontinuetramp
6c1aa470,runtime.callbackasm1
6c1aa4e0,runtime.tstart_stdcall
6c1aa500,runtime.setldt
6c1aa510,runtime.usleep2
6c1aa550,runtime.switchtothread
6c1aa560,runtime.nanotime1
6c1aa5a0,runtime.wintls
6c1aa5d0,time.now
6c1aa680,runtime._mul64by32
6c1aa6b0,runtime._div64by32
6c1aa6d0,runtime.callbackasm
6c1acde0,runtime.(*lockRank).String
6c1ace80,runtime.(*waitReason).String
6c1acef0,runtime.(*errorString).Error
6c1acf70,runtime.(*errorAddressString).Error
6c1acff0,runtime.(*plainError).Error
6c1ad040,runtime.(*boundsError).Error
6c1ad0c0,runtime.metricReader.compute-fm
6c1ad120,runtime.(*itabTableType).add-fm
6c1ad170,type:.eq.runtime._func
6c1ad1c0,type:.eq.runtime.itab
6c1ad210,type:.eq.runtime.modulehash
6c1ad2a0,type:.eq.runtime.Frame
6c1ad370,type:.eq.[2]runtime.Frame
6c1ad510,type:.eq.runtime.PanicNilError
6c1ad530,type:.eq.runtime.TypeAssertionError
6c1ad5a0,type:.eq.runtime._panic
6c1ad640,type:.eq.runtime.mSpanList
6c1ad680,type:.eq.runtime.gcBits
6c1ad6b0,type:.eq.runtime.special
6c1ad700,type:.eq.runtime.mspan
6c1ad750,type:.eq.runtime.boundsError
6c1ad7b0,type:.eq.runtime.mcache
6c1ad800,type:.eq.runtime.hchan
6c1ad870,type:.eq.runtime.sudog
6c1ad8e0,type:.eq.runtime.pTraceState
6c1ad930,type:.eq.runtime.notInHeap
6c1ad950,type:.eq.runtime.limiterEvent
6c1ad990,type:.eq.runtime.workbuf
6c1ad9e0,type:.eq.runtime.gcWork
6c1ada30,type:.eq.runtime.gTraceState
6c1adaa0,type:.eq.runtime.errorAddressString
6c1adb00,type:.eq.runtime.funcinl
6c1adbb0,type:.eq.runtime.piController
6c1adc60,type:.eq.runtime.winCallbackKey
6c1adca0,type:.eq.[2]string
6c1add30,type:.eq.[3]string
6c1addd0,type:.eq.[4]string
6c1ade70,type:.hash.runtime.winCallbackKey
6c1adec0,internal/syscall/windows/sysdll.init
6c1adf10,type:.eq.internal/godebugs.Info
6c1adff0,sync.(*Cond).Wait
6c1ae0d0,sync.(*Cond).Signal
6c1ae170,sync.(*Cond).Broadcast
6c1ae210,sync.(*noCopy).Lock
6c1ae230,sync.(*noCopy).Unlock
6c1ae250,sync.(*Map).Load
6c1ae3f0,sync.(*entry).load
6c1ae460,sync.(*Map).LoadOrStore
6c1ae7e0,sync.(*entry).tryLoadOrStore
6c1ae930,sync.(*Map).LoadAndDelete
6c1aeaf0,sync.(*Map).Delete
6c1aeb30,sync.(*entry).delete
6c1aebc0,sync.(*entry).trySwap
6c1aec40,sync.(*Map).Swap
6c1aeff0,sync.(*Map).Range
6c1af1f0,sync.(*Map).missLocked
6c1af2a0,sync.(*Map).dirtyLocked
6c1af400,sync.(*entry).tryExpungeLocked
6c1af490,sync.(*Mutex).Lock
6c1af4f0,sync.(*Mutex).lockSlow
6c1af810,sync.(*Mutex).Unlock
6c1af860,sync.(*Mutex).unlockSlow
6c1af940,sync.(*Once).Do
6c1af990,sync.(*Once).doSlow
6c1afa90,sync.(*Once).doSlow.func2
6c1afae0,sync.(*Once).doSlow.func1
6c1afb20,sync.(*Pool).Put
6c1afbb0,sync.(*Pool).Get
6c1afca0,sync.(*Pool).getSlow
6c1afe50,sync.(*Pool).pin
6c1afed0,sync.(*Pool).pinSlow
6c1b00e0,sync.(*Pool).pinSlow.func1
6c1b0120,sync.poolCleanup
6c1b0250,sync.init.0
6c1b0280,sync.(*poolDequeue).pushHead
6c1b0380,sync.(*poolDequeue).popHead
6c1b04c0,sync.(*poolDequeue).popTail
6c1b0610,sync.(*poolChain).pushHead
6c1b07e0,sync.(*poolChain).popHead
6c1b0860,sync.(*poolChain).popTail
6c1b0960,sync.init.1
6c1b0990,sync.(*RWMutex).RLock
6c1b09f0,sync.(*RWMutex).RUnlock
6c1b0a40,sync.(*RWMutex).rUnlockSlow
6c1b0ad0,sync.(*RWMutex).Lock
6c1b0b60,sync.(*RWMutex).Unlock
6c1b0c10,sync.(*WaitGroup).Add
6c1b0d50,sync.(*WaitGroup).Done
6c1b0d90,sync.(*WaitGroup).Wait
6c1b0e50,sync.init
6c1b0ea0,type:.eq.sync.Cond
6c1b0f20,type:.eq.sync/atomic.Pointer[interface_{}]
6c1b0f50,type:.eq.sync.entry
6c1b0f80,type:.eq.sync/atomic.Pointer[sync.readOnly]
6c1b0fb0,type:.eq.sync.poolLocalInternal
6c1b1020,type:.eq.sync.poolLocal
6c1b10b0,type:.eq.sync.RWMutex
6c1b1110,type:.eq.sync.WaitGroup
6c1b1160,unicode/utf16.Encode
6c1b12c0,unicode/utf16.decode
6c1b1410,internal/reflectlite.Swapper
6c1b18e0,internal/reflectlite.Swapper.func9
6c1b19b0,internal/reflectlite.Swapper.func8
6c1b1a00,internal/reflectlite.Swapper.func7
6c1b1a60,internal/reflectlite.Swapper.func6
6c1b1ab0,internal/reflectlite.Swapper.func5
6c1b1b20,internal/reflectlite.Swapper.func4
6c1b1bd0,internal/reflectlite.Swapper.func3
6c1b1c40,internal/reflectlite.name.name
6c1b1d00,internal/reflectlite.pkgPath
6c1b1e50,internal/reflectlite.rtype.String
6c1b1ee0,internal/reflectlite.rtype.common
6c1b1f00,internal/reflectlite.rtype.exportedMethods
6c1b1ff0,internal/reflectlite.rtype.NumMethod
6c1b2050,internal/reflectlite.rtype.PkgPath
6c1b2150,internal/reflectlite.rtype.Name
6c1b2210,internal/reflectlite.elem
6c1b22f0,internal/reflectlite.rtype.Elem
6c1b2340,internal/reflectlite.rtype.Len
6c1b23a0,internal/reflectlite.rtype.NumField
6c1b2400,internal/reflectlite.rtype.Implements
6c1b24a0,internal/reflectlite.rtype.AssignableTo
6c1b2540,internal/reflectlite.rtype.Comparable
6c1b2570,internal/reflectlite.implements
6c1b2b00,internal/reflectlite.directlyAssignable
6c1b2b80,internal/reflectlite.haveIdenticalType
6c1b2c60,internal/reflectlite.haveIdenticalUnderlyingType
6c1b3470,internal/reflectlite.packEface
6c1b3550,internal/reflectlite.(*ValueError).Error
6c1b3680,internal/reflectlite.methodName
6c1b36f0,internal/reflectlite.flag.mustBeExported
6c1b3800,internal/reflectlite.flag.mustBeAssignable
6c1b3980,internal/reflectlite.Value.Elem
6c1b3ae0,internal/reflectlite.valueInterface
6c1b3c10,internal/reflectlite.Value.Len
6c1b3d80,internal/reflectlite.Value.Set
6c1b3e60,internal/reflectlite.Value.assignTo
6c1b40b0,internal/reflectlite.Swapper.func1
6c1b40f0,internal/reflectlite.Swapper.func2
6c1b4140,internal/reflectlite.(*rtype).AssignableTo
6c1b41b0,internal/reflectlite.(*rtype).Comparable
6c1b4200,internal/reflectlite.(*rtype).Elem
6c1b4260,internal/reflectlite.(*rtype).Implements
6c1b42d0,internal/reflectlite.rtype.Kind
6c1b4310,internal/reflectlite.(*rtype).Kind
6c1b4350,internal/reflectlite.(*rtype).Len
6c1b43d0,internal/reflectlite.(*rtype).Name
6c1b4430,internal/reflectlite.(*rtype).NumField
6c1b44b0,internal/reflectlite.(*rtype).NumMethod
6c1b4510,internal/reflectlite.(*rtype).PkgPath
6c1b4570,internal/reflectlite.rtype.Size
6c1b45b0,internal/reflectlite.(*rtype).Size
6c1b45f0,internal/reflectlite.(*rtype).String
6c1b4650,internal/reflectlite.(*rtype).common
6c1b4690,type:.eq.internal/reflectlite.ValueError
6c1b46f0,errors.New
6c1b4760,errors.(*errorString).Error
6c1b4790,errors.Is
6c1b4a20,errors.As
6c1b4f50,errors.init
6c1b4fd0,internal/itoa.Itoa
6c1b51a0,unicode/utf8.DecodeRune
6c1b5370,unicode/utf8.DecodeRuneInString
6c1b5540,unicode/utf8.DecodeLastRune
6c1b5640,unicode/utf8.DecodeLastRuneInString
6c1b5730,unicode/utf8.EncodeRune
6c1b5890,unicode/utf8.appendRuneNonASCII
6c1b5a80,unicode/utf8.RuneCount
6c1b5bd0,unicode/utf8.RuneCountInString
6c1b5d20,unicode/utf8.Valid
6c1b5ea0,unicode/utf8.ValidString
6c1b6020,syscall.(*DLLError).Error
6c1b6050,syscall.(*DLLError).Unwrap
6c1b6080,syscall.LoadDLL
6c1b62e0,syscall.(*DLL).FindProc
6c1b6570,syscall.(*LazyDLL).Load
6c1b66a0,syscall.(*LazyDLL).Load.func1
6c1b66e0,syscall.(*LazyProc).Find
6c1b6850,syscall.(*LazyProc).Find.func1
6c1b6890,syscall.Getenv
6c1b6a10,syscall.Environ
6c1b6c30,syscall.Environ.func1
6c1b6c70,syscall.appendEscapeArg
6c1b7170,syscall.makeCmdLine
6c1b7260,syscall.createEnvBlock
6c1b75d0,syscall.FullPath
6c1b7730,syscall.normalizeDir
6c1b7800,syscall.joinExeDirAndFName
6c1b7c30,syscall.StartProcess
6c1b87f0,syscall.StartProcess.func4
6c1b8830,syscall.StartProcess.func3
6c1b8870,syscall.StartProcess.func2
6c1b88e0,syscall.Token.Close
6c1b8920,syscall.ByteSliceFromString
6c1b89f0,syscall.UTF16FromString
6c1b8b20,syscall.UTF16ToString
6c1b8c00,syscall.StringToUTF16Ptr
6c1b8c70,syscall.Errno.Error
6c1b8e60,syscall.Errno.Is
6c1b9010,syscall.Errno.Temporary
6c1b9070,syscall.Errno.Timeout
6c1b90b0,syscall.Open
6c1b93f0,syscall.Read
6c1b94f0,syscall.Write
6c1b9590,syscall.setFilePointerEx
6c1b9690,syscall.Seek
6c1b9720,syscall.Unlink
6c1b97b0,syscall.Ftruncate
6c1b9930,syscall.Ftruncate.func1
6c1b9990,syscall.Pipe
6c1b9a80,syscall.Chmod
6c1b9b60,syscall.(*SockaddrInet4).sockaddr
6c1b9bf0,syscall.(*SockaddrInet6).sockaddr
6c1b9c80,syscall.(*SockaddrUnix).sockaddr
6c1b9d50,syscall.(*RawSockaddrAny).Sockaddr
6c1b9f10,syscall.Socket
6c1b9fa0,syscall.Bind
6c1ba010,syscall.Connect
6c1ba080,syscall.Getsockname
6c1ba160,syscall.Getpeername
6c1ba240,syscall.Listen
6c1ba290,syscall.WSASendto
6c1ba430,syscall.wsaSendtoInet4
6c1ba5e0,syscall.wsaSendtoInet6
6c1ba7a0,syscall.connectEx
6c1ba880,syscall.ConnectEx
6c1ba9d0,syscall.FindFirstFile
6c1bab30,syscall.FindNextFile
6c1bac80,syscall.Signal.String
6c1bad10,syscall.newProcThreadAttributeList
6c1baea0,syscall.encodeWTF16
6c1bb1c0,syscall.decodeWTF16
6c1bb3e0,syscall.CreateProcessAsUser
6c1bb590,syscall.RegCloseKey
6c1bb650,syscall.regEnumKeyEx
6c1bb770,syscall.RegOpenKeyEx
6c1bb850,syscall.RegQueryValueEx
6c1bb950,syscall.CertAddCertificateContextToStore
6c1bba60,syscall.CertCloseStore
6c1bbb50,syscall.CertCreateCertificateContext
6c1bbc50,syscall.CertFreeCertificateChain
6c1bbcf0,syscall.CertFreeCertificateContext
6c1bbde0,syscall.CertGetCertificateChain
6c1bbf20,syscall.CertOpenStore
6c1bc030,syscall.CertVerifyCertificateChainPolicy
6c1bc150,syscall.CancelIoEx
6c1bc240,syscall.CloseHandle
6c1bc330,syscall.CreateFile
6c1bc470,syscall.CreatePipe
6c1bc590,syscall.CreateProcess
6c1bc740,syscall.DeleteFile
6c1bc830,syscall.deleteProcThreadAttributeList
6c1bc8d0,syscall.DuplicateHandle
6c1bca00,syscall.FindClose
6c1bcaf0,syscall.findFirstFile1
6c1bcc00,syscall.findNextFile1
6c1bccf0,syscall.formatMessage
6c1bce30,syscall.FreeEnvironmentStrings
6c1bcf20,syscall.GetCommandLine
6c1bcfc0,syscall.GetConsoleMode
6c1bd0b0,syscall.GetCurrentProcess
6c1bd1b0,syscall.GetEnvironmentStrings
6c1bd2b0,syscall.GetEnvironmentVariable
6c1bd3c0,syscall.GetExitCodeProcess
6c1bd4b0,syscall.GetFileAttributesEx
6c1bd5b0,syscall.GetFileAttributes
6c1bd6b0,syscall.GetFileInformationByHandle
6c1bd7a0,syscall.GetFileType
6c1bd8a0,syscall.GetFullPathName
6c1bd9d0,syscall.GetProcessTimes
6c1bdaf0,syscall.GetStdHandle
6c1bdbf0,syscall.GetTimeZoneInformation
6c1bdcf0,syscall.initializeProcThreadAttributeList
6c1bde00,syscall.ReadConsole
6c1bdf20,syscall.readFile
6c1be050,syscall.RemoveDirectory
6c1be140,syscall.SetEndOfFile
6c1be230,syscall.SetFileAttributes
6c1be320,syscall.SetFileCompletionNotificationModes
6c1be410,syscall.SetHandleInformation
6c1be500,syscall.TerminateProcess
6c1be5f0,syscall.updateProcThreadAttribute
6c1be730,syscall.WaitForSingleObject
6c1be830,syscall.WriteConsole
6c1be950,syscall.writeFile
6c1bea80,syscall.AcceptEx
6c1bebb0,syscall.GetAcceptExSockaddrs
6c1beca0,syscall.TransmitFile
6c1bedd0,syscall.rtlGetNtVersionNumbers
6c1bee80,syscall.FreeAddrInfoW
6c1bef20,syscall.GetAddrInfoW
6c1bf010,syscall.WSAEnumProtocols
6c1bf120,syscall.WSAIoctl
6c1bf260,syscall.WSARecv
6c1bf3a0,syscall.WSARecvFrom
6c1bf500,syscall.WSASend
6c1bf640,syscall.WSAStartup
6c1bf700,syscall.bind
6c1bf7f0,syscall.Closesocket
6c1bf8e0,syscall.connect
6c1bf9d0,syscall.getpeername
6c1bfad0,syscall.GetProtoByName
6c1bfb70,syscall._GetProtoByName
6c1bfc70,syscall.getsockname
6c1bfd70,syscall.listen
6c1bfe60,syscall.Ntohs
6c1bff00,syscall.Setsockopt
6c1c0010,syscall.shutdown
6c1c0100,syscall.socket
6c1c0200,syscall.init
6c1c1de0,syscall.ConnectEx.LoadConnectEx.func1
6c1c1f40,syscall.ConnectEx.LoadConnectEx.func1.1
6c1c1f80,type:.eq.syscall.SockaddrUnix
6c1c2000,type:.eq.syscall.DLLError
6c1c20c0,syscall.(*Errno).Error
6c1c2120,syscall.(*Errno).Is
6c1c2190,syscall.(*Errno).Temporary
6c1c2210,syscall.(*Errno).Timeout
6c1c2270,syscall.(*Token).Close
6c1c22d0,syscall.(*Signal).String
6c1c2330,type:.eq.syscall.DLL
6c1c2390,type:.eq.syscall.Proc
6c1c23f0,type:.eq.syscall.LazyDLL
6c1c2460,cgo_panic
6c1c2490,runtime/cgo.set_crosscall2
6c1c24a0,crosscall2
6c1c24f0,io.WriteString
6c1c25d0,io.ReadAtLeast
6c1c2740,io.CopyN
6c1c2870,io.CopyBuffer
6c1c2920,io.copyBuffer
6c1c2c30,io.(*LimitedReader).Read
6c1c2d40,io.discard.Write
6c1c2d70,io.discard.WriteString
6c1c2da0,io.glob..func1
6c1c2e40,io.discard.ReadFrom
6c1c2fc0,io.nopCloser.Close
6c1c2ff0,io.nopCloserWriterTo.Close
6c1c3020,io.nopCloserWriterTo.WriteTo
6c1c30a0,io.ReadAll
6c1c3240,io.eofReader.Read
6c1c3280,io.(*multiReader).Read
6c1c3500,io.(*multiReader).WriteTo
6c1c3590,io.(*multiReader).writeToWithBuffer
6c1c37b0,io.(*onceError).Store
6c1c3880,io.(*onceError).Store.func1
6c1c38c0,io.(*onceError).Load
6c1c3970,io.(*onceError).Load.func1
6c1c39b0,io.(*pipe).read
6c1c3b40,io.(*pipe).closeRead
6c1c3be0,io.(*pipe).closeRead.func1
6c1c3c10,io.(*pipe).write
6c1c3e50,io.(*pipe).write.func1
6c1c3e90,io.(*pipe).closeWrite
6c1c3f30,io.(*pipe).closeWrite.func1
6c1c3f60,io.(*pipe).readCloseError
6c1c3fe0,io.(*pipe).writeCloseError
6c1c4060,io.(*PipeReader).Read
6c1c40c0,io.(*PipeReader).Close
6c1c4110,io.(*PipeWriter).Write
6c1c4170,io.(*PipeWriter).Close
6c1c41c0,type:.eq.io.LimitedReader
6c1c4230,io.(*discard).ReadFrom
6c1c42b0,io.(*discard).Write
6c1c4310,io.(*discard).WriteString
6c1c4370,io.(*nopCloser).Close
6c1c43c0,io.nopCloser.Read
6c1c4440,io.(*nopCloser).Read
6c1c44c0,io.(*nopCloserWriterTo).Close
6c1c4510,io.nopCloserWriterTo.Read
6c1c4590,io.(*nopCloserWriterTo).Read
6c1c4610,io.(*nopCloserWriterTo).WriteTo
6c1c46b0,io.(*eofReader).Read
6c1c4710,io.(*onceError).Lock
6c1c4750,io.(*onceError).Unlock
6c1c4790,type:.eq.io.onceError
6c1c4800,type:.eq.io.pipe
6c1c48e0,unicode.IsNumber
6c1c4940,unicode.IsSpace
6c1c49c0,unicode.is16
6c1c4b00,unicode.is32
6c1c4c30,unicode.Is
6c1c4ce0,unicode.isExcludingLatin
6c1c4dc0,unicode.to
6c1c4ee0,unicode.ToUpper
6c1c4f50,unicode.ToLower
6c1c4fc0,unicode.SimpleFold
6c1c50c0,unicode.map.init.0
6c1c5be0,unicode.map.init.1
6c1c8cb0,unicode.init
6c1c8fe0,bytes.(*Buffer).String
6c1c9070,bytes.(*Buffer).Len
6c1c90a0,bytes.(*Buffer).Reset
6c1c90d0,bytes.(*Buffer).grow
6c1c92d0,bytes.(*Buffer).Write
6c1c93a0,bytes.(*Buffer).WriteString
6c1c9470,bytes.(*Buffer).ReadFrom
6c1c9620,bytes.growSlice
6c1c9770,bytes.(*Buffer).WriteTo
6c1c98a0,bytes.(*Buffer).WriteByte
6c1c9930,bytes.(*Buffer).Read
6c1c9a30,bytes.(*Buffer).ReadByte
6c1c9ac0,bytes.(*Buffer).ReadRune
6c1c9bd0,bytes.(*Buffer).UnreadRune
6c1c9c50,bytes.(*Buffer).UnreadByte
6c1c9cb0,bytes.Count
6c1c9dd0,bytes.Repeat
6c1c9fb0,bytes.TrimRightFunc
6c1ca080,bytes.TrimFunc
6c1ca140,bytes.indexFunc
6c1ca210,bytes.lastIndexFunc
6c1ca2e0,bytes.TrimLeft
6c1ca490,bytes.trimLeftUnicode
6c1ca600,bytes.TrimSpace
6c1ca790,bytes.Replace
6c1cabd0,bytes.Index
6c1cb040,bytes.Cut
6c1cb140,bytes.(*Reader).Len
6c1cb1a0,bytes.(*Reader).Size
6c1cb1d0,bytes.(*Reader).Read
6c1cb2e0,bytes.(*Reader).ReadByte
6c1cb3a0,bytes.(*Reader).UnreadByte
6c1cb440,bytes.(*Reader).ReadRune
6c1cb590,bytes.(*Reader).UnreadRune
6c1cb670,bytes.(*Reader).Seek
6c1cb790,bytes.(*Reader).WriteTo
6c1cb8e0,bytes.growSlice.func1
6c1cb940,math/bits.Add64
6c1cb9b0,math/bits.Sub64
6c1cba10,math/bits.Mul64
6c1cbab0,math.frexp
6c1cbbc0,math.ldexp
6c1cbd70,math.log
6c1cbf30,math.log2
6c1cbfc0,strconv.special
6c1cc1f0,strconv.(*decimal).set
6c1cc440,strconv.readFloat
6c1ccc20,strconv.(*decimal).floatBits
6c1cd070,strconv.atof64exact
6c1cd230,strconv.atof32exact
6c1cd3e0,strconv.atofHex
6c1cda10,strconv.atof32
6c1ce060,strconv.atof64
6c1ce6c0,strconv.ParseFloat
6c1ce8a0,strconv.parseFloatPrefix
6c1ce950,strconv.(*NumError).Error
6c1ceb10,strconv.(*NumError).Unwrap
6c1ceb40,strconv.baseError
6c1cecd0,strconv.bitSizeError
6c1cee60,strconv.ParseUint
6c1cf880,strconv.ParseInt
6c1cfee0,strconv.Atoi
6c1d01b0,strconv.underscoreOK
6c1d02d0,strconv.(*decimal).Assign
6c1d0470,strconv.rightShift
6c1d0650,strconv.leftShift
6c1d0860,strconv.(*decimal).Shift
6c1d0910,strconv.(*decimal).Round
6c1d0a40,strconv.(*decimal).RoundedInteger
6c1d0b40,strconv.eiselLemire64
6c1d1060,strconv.eiselLemire32
6c1d1590,strconv.FormatFloat
6c1d1660,strconv.genericFtoa
6c1d1f00,strconv.bigFtoa
6c1d2240,strconv.formatDigits
6c1d24b0,strconv.roundShortest
6c1d29d0,strconv.fmtE
6c1d2e80,strconv.fmtF
6c1d3120,strconv.fmtB
6c1d32c0,strconv.fmtX
6c1d3b90,strconv.ryuFtoaFixed32
6c1d3ef0,strconv.ryuFtoaFixed64
6c1d4490,strconv.formatDecimal
6c1d49c0,strconv.ryuFtoaShortest
6c1d56b0,strconv.ryuDigits
6c1d5980,strconv.ryuDigits32
6c1d5bb0,strconv.mult64bitPow10
6c1d5cc0,strconv.mult128bitPow10
6c1d5eb0,strconv.divmod1e9
6c1d5f30,strconv.FormatUint
6c1d6050,strconv.FormatInt
6c1d6180,strconv.Itoa
6c1d61d0,strconv.AppendInt
6c1d63a0,strconv.AppendUint
6c1d6560,strconv.formatBits
6c1d6ca0,strconv.appendQuotedWith
6c1d6fd0,strconv.appendQuotedRuneWith
6c1d70f0,strconv.appendEscapedRune
6c1d79c0,strconv.CanBackquote
6c1d7a80,strconv.UnquoteChar
6c1d8000,strconv.Unquote
6c1d8090,strconv.unquote
6c1d8980,strconv.IsPrint
6c1d8c10,type:.eq.strconv.NumError
6c1d8cd0,reflect.(*abiSeq).addArg
6c1d8ee0,reflect.(*abiSeq).addRcvr
6c1d90e0,reflect.(*abiSeq).regAssign
6c1d9750,reflect.(*abiSeq).assignIntN
6c1d9900,reflect.newAbiDesc
6c1d9f20,reflect.intFromReg
6c1d9f80,reflect.intToReg
6c1d9fe0,reflect.deepValueEqual
6c1db840,reflect.DeepEqual
6c1dbab0,reflect.makeMethodValue
6c1dbcb0,reflect.(*rtype).common
6c1dbce0,reflect.pkgPath
6c1dbe30,reflect.Kind.String
6c1dbed0,reflect.(*rtype).String
6c1dbf60,reflect.(*rtype).Size
6c1dbf90,reflect.(*rtype).Bits
6c1dc050,reflect.(*rtype).Kind
6c1dc080,reflect.(*rtype).exportedMethods
6c1dc170,reflect.(*rtype).NumMethod
6c1dc1c0,reflect.(*rtype).PkgPath
6c1dc2c0,reflect.(*rtype).Name
6c1dc380,reflect.elem
6c1dc460,reflect.(*rtype).Elem
6c1dc4b0,reflect.(*rtype).Field
6c1dc580,reflect.(*rtype).FieldByIndex
6c1dc670,reflect.(*rtype).Key
6c1dc730,reflect.(*rtype).Len
6c1dc7d0,reflect.(*rtype).NumField
6c1dc870,reflect.ChanDir.String
6c1dc940,reflect.StructTag.Lookup
6c1dcb60,reflect.(*structType).Field
6c1dccb0,reflect.(*structType).FieldByIndex
6c1dcdc0,reflect.(*rtype).ptrTo
6c1dd080,reflect.(*rtype).Implements
6c1dd130,reflect.(*rtype).ConvertibleTo
6c1dd1b0,reflect.(*rtype).Comparable
6c1dd1e0,reflect.implements
6c1dd750,reflect.specialChannelAssignability
6c1dd880,reflect.directlyAssignable
6c1dd930,reflect.haveIdenticalType
6c1dda70,reflect.haveIdenticalUnderlyingType
6c1de1a0,reflect.typesByString
6c1de440,reflect.funcLayout
6c1dea40,reflect.funcLayout.func1
6c1dea80,reflect.addTypeBits
6c1def60,reflect.packEface
6c1df040,reflect.(*ValueError).Error
6c1df190,reflect.valueMethodName
6c1df370,reflect.flag.mustBeExportedSlow
6c1df480,reflect.flag.mustBeAssignableSlow
6c1df600,reflect.Value.Addr
6c1df670,reflect.Value.panicNotBool
6c1df710,reflect.Value.bytesSlow
6c1df8e0,reflect.Value.runes
6c1dfa00,reflect.methodReceiver
6c1dfd10,reflect.callMethod
6c1e06f0,reflect.Value.Elem
6c1e08a0,reflect.Value.Field
6c1e0990,reflect.Value.Index
6c1e0b40,reflect.valueInterface
6c1e0ca0,reflect.Value.SetZero
6c1e0f90,reflect.Value.Kind
6c1e0fc0,reflect.Value.Len
6c1e1020,reflect.Value.lenNonSlice
6c1e1240,reflect.Value.MapIndex
6c1e14b0,reflect.Value.MapKeys
6c1e16f0,reflect.(*MapIter).Key
6c1e17c0,reflect.(*MapIter).Value
6c1e1890,reflect.(*MapIter).Next
6c1e1980,reflect.flag.panicNotMap
6c1e1a20,reflect.copyVal
6c1e1ab0,reflect.Value.NumMethod
6c1e1b40,reflect.Value.NumField
6c1e1bf0,reflect.Value.Pointer
6c1e1dd0,reflect.Value.Set
6c1e1ef0,reflect.Value.SetBool
6c1e1fb0,reflect.Value.SetBytes
6c1e20f0,reflect.Value.setRunes
6c1e2250,reflect.Value.SetComplex
6c1e2320,reflect.Value.SetFloat
6c1e23e0,reflect.Value.SetInt
6c1e24d0,reflect.Value.SetLen
6c1e25b0,reflect.Value.SetMapIndex
6c1e29c0,reflect.Value.SetUint
6c1e2ac0,reflect.Value.SetString
6c1e2bb0,reflect.Value.Slice
6c1e2e00,reflect.Value.String
6c1e2e70,reflect.Value.stringNonString
6c1e2f50,reflect.Value.typeSlow
6c1e30a0,reflect.Value.UnsafePointer
6c1e3250,reflect.typesMustMatch
6c1e3370,reflect.Value.Grow
6c1e3450,reflect.Value.grow
6c1e3560,reflect.Copy
6c1e3910,reflect.MakeSlice
6c1e3ab0,reflect.MakeMapWithSize
6c1e3b50,reflect.Zero
6c1e3c30,reflect.New
6c1e3d00,reflect.Value.assignTo
6c1e3fb0,reflect.Value.Convert
6c1e4150,reflect.Value.Comparable
6c1e4450,reflect.convertOp
6c1e49b0,reflect.makeInt
6c1e4a60,reflect.makeFloat
6c1e4b00,reflect.makeFloat32
6c1e4b80,reflect.makeComplex
6c1e4c30,reflect.makeString
6c1e4ce0,reflect.makeBytes
6c1e4da0,reflect.makeRunes
6c1e4e60,reflect.cvtInt
6c1e4f80,reflect.cvtUint
6c1e50a0,reflect.cvtFloatInt
6c1e5190,reflect.cvtFloatUint
6c1e5280,reflect.cvtIntFloat
6c1e53c0,reflect.cvtUintFloat
6c1e54f0,reflect.cvtFloat
6c1e5690,reflect.cvtComplex
6c1e5780,reflect.cvtIntString
6c1e58f0,reflect.cvtUintString
6c1e5a60,reflect.cvtBytesString
6c1e5b30,reflect.cvtStringBytes
6c1e5c10,reflect.cvtRunesString
6c1e5cd0,reflect.cvtStringRunes
6c1e5db0,reflect.cvtSliceArrayPtr
6c1e5f50,reflect.cvtSliceArray
6c1e6110,reflect.cvtDirect
6c1e61c0,reflect.cvtT2I
6c1e6300,reflect.cvtI2I
6c1e6470,reflect.mapassign
6c1e6540,reflect.mapassign_faststr
6c1e6610,reflect.deepValueEqual.func1
6c1e67c0,reflect.init
6c1e68b0,reflect.methodValueCall
6c1e6900,type:.eq.reflect.Method
6c1e69f0,reflect.(*ChanDir).String
6c1e6a50,reflect.(*Kind).String
6c1e6b00,reflect.(*Value).Comparable
6c1e6b60,reflect.(*Value).Kind
6c1e6bb0,reflect.(*Value).Len
6c1e6c20,reflect.(*Value).NumField
6c1e6c80,reflect.(*Value).NumMethod
6c1e6ce0,reflect.(*Value).String
6c1e6d60,reflect.(*ptrType).Kind
6c1e6da0,reflect.(*ptrType).Len
6c1e6df0,reflect.(*ptrType).NumMethod
6c1e6e40,reflect.(*ptrType).Size
6c1e6e80,type:.eq.reflect.ValueError
6c1e6ee0,type:.eq.reflect.makeFuncCtxt
6c1e6f30,type:.eq.reflect.methodValue
6c1e6fa0,type:.eq.reflect.visit
6c1e7010,type:.hash.reflect.visit
6c1e7070,encoding/binary.littleEndian.Uint16
6c1e70b0,encoding/binary.littleEndian.PutUint16
6c1e70f0,encoding/binary.littleEndian.Uint32
6c1e7130,encoding/binary.littleEndian.PutUint32
6c1e7170,encoding/binary.littleEndian.Uint64
6c1e7210,encoding/binary.littleEndian.PutUint64
6c1e7280,encoding/binary.littleEndian.String
6c1e72b0,encoding/binary.littleEndian.GoString
6c1e72e0,encoding/binary.bigEndian.Uint16
6c1e7330,encoding/binary.bigEndian.PutUint16
6c1e7380,encoding/binary.bigEndian.Uint32
6c1e73c0,encoding/binary.bigEndian.PutUint32
6c1e7400,encoding/binary.bigEndian.Uint64
6c1e74a0,encoding/binary.bigEndian.PutUint64
6c1e7520,encoding/binary.bigEndian.String
6c1e7550,encoding/binary.bigEndian.GoString
6c1e7580,encoding/binary.Read
6c1e86d0,encoding/binary.Write
6c1e9bf0,encoding/binary.dataSize
6c1e9e00,encoding/binary.sizeof
6c1e9fb0,encoding/binary.(*decoder).int16
6c1ea030,encoding/binary.(*decoder).int32
6c1ea0b0,encoding/binary.(*decoder).int64
6c1ea140,encoding/binary.(*decoder).value
6c1eac30,encoding/binary.(*encoder).value
6c1ebb00,encoding/binary.(*encoder).skip
6c1ebba0,encoding/binary.intDataSize
6c1ec0e0,encoding/binary.(*littleEndian).GoString
6c1ec130,encoding/binary.(*littleEndian).PutUint16
6c1ec190,encoding/binary.(*littleEndian).PutUint32
6c1ec1f0,encoding/binary.(*littleEndian).PutUint64
6c1ec290,encoding/binary.(*littleEndian).String
6c1ec2e0,encoding/binary.(*littleEndian).Uint16
6c1ec340,encoding/binary.(*littleEndian).Uint32
6c1ec3a0,encoding/binary.(*littleEndian).Uint64
6c1ec470,encoding/binary.(*bigEndian).GoString
6c1ec4c0,encoding/binary.(*bigEndian).PutUint16
6c1ec530,encoding/binary.(*bigEndian).PutUint32
6c1ec590,encoding/binary.(*bigEndian).PutUint64
6c1ec630,encoding/binary.(*bigEndian).String
6c1ec680,encoding/binary.(*bigEndian).Uint16
6c1ec6f0,encoding/binary.(*bigEndian).Uint32
6c1ec750,encoding/binary.(*bigEndian).Uint64
6c1ec820,crypto/subtle.XORBytes
6c1ec8e0,crypto/subtle.xorBytes
6c1ecb70,crypto/cipher.newCBC
6c1ecd20,crypto/cipher.NewCBCEncrypter
6c1ece20,crypto/cipher.(*cbcEncrypter).BlockSize
6c1ece50,crypto/cipher.(*cbcEncrypter).CryptBlocks
6c1ed0d0,crypto/cipher.(*cbcEncrypter).SetIV
6c1ed140,crypto/cipher.NewCBCDecrypter
6c1ed240,crypto/cipher.(*cbcDecrypter).BlockSize
6c1ed270,crypto/cipher.(*cbcDecrypter).CryptBlocks
6c1ed610,crypto/cipher.(*cbcDecrypter).SetIV
6c1ed680,crypto/cipher.newGCMWithNonceAndTagSize
6c1edb20,crypto/cipher.(*gcm).Overhead
6c1edb50,crypto/cipher.(*gcm).Seal
6c1edf10,crypto/cipher.(*gcm).Open
6c1ee450,crypto/cipher.(*gcm).mul
6c1ee5e0,crypto/cipher.(*gcm).updateBlocks
6c1ee790,crypto/cipher.(*gcm).update
6c1ee880,crypto/cipher.(*gcm).counterCrypt
6c1eea90,crypto/cipher.(*gcm).deriveCounter
6c1eebf0,crypto/cipher.(*gcm).auth
6c1eee10,type:.eq.crypto/cipher.gcm
6c1eee90,crypto.Hash.String
6c1ef120,crypto.Hash.Size
6c1ef180,crypto.Hash.New
6c1ef260,crypto.init
6c1ef2e0,crypto.(*Hash).Size
6c1ef360,crypto.(*Hash).String
6c1ef3c0,crypto/internal/boring/sig.StandardCrypto
6c1ef3e0,crypto/internal/boring.(*PublicKeyECDH).Bytes
6c1ef420,crypto/internal/boring.(*PrivateKeyECDH).PublicKey
6c1ef460,crypto/aes.encryptBlockGo
6c1ef900,crypto/aes.decryptBlockGo
6c1efd90,crypto/aes.expandKeyGo
6c1f00a0,crypto/aes.KeySizeError.Error
6c1f0110,crypto/aes.NewCipher
6c1f01b0,crypto/aes.newCipherGeneric
6c1f0310,crypto/aes.(*aesCipher).BlockSize
6c1f0330,crypto/aes.(*aesCipher).Encrypt
6c1f0420,crypto/aes.(*aesCipher).Decrypt
6c1f0510,crypto/aes.(*KeySizeError).Error
6c1f05a0,sort.Search
6c1f0610,sort.Slice
6c1f0770,sort.Sort
6c1f0820,sort.IntSlice.Len
6c1f0840,sort.IntSlice.Less
6c1f0890,sort.IntSlice.Swap
6c1f08e0,sort.StringSlice.Len
6c1f0900,sort.StringSlice.Less
6c1f0980,sort.StringSlice.Swap
6c1f0a30,sort.Stable
6c1f0a80,sort.insertionSort_func
6c1f0b30,sort.siftDown_func
6c1f0c10,sort.heapSort_func
6c1f0cf0,sort.pdqsort_func
6c1f1030,sort.partition_func
6c1f11e0,sort.partitionEqual_func
6c1f12d0,sort.partialInsertionSort_func
6c1f1490,sort.breakPatterns_func
6c1f1610,sort.choosePivot_func
6c1f17c0,sort.median_func
6c1f1890,sort.reverseRange_func
6c1f18e0,sort.insertionSort
6c1f19b0,sort.siftDown
6c1f1ab0,sort.heapSort
6c1f1b90,sort.pdqsort
6c1f1ed0,sort.partition
6c1f20e0,sort.partitionEqual
6c1f2200,sort.partialInsertionSort
6c1f2400,sort.breakPatterns
6c1f2580,sort.choosePivot
6c1f2730,sort.median
6c1f2810,sort.reverseRange
6c1f2870,sort.stable
6c1f2990,sort.symMerge
6c1f2c10,sort.rotate
6c1f2d70,sort.(*IntSlice).Len
6c1f2db0,sort.(*IntSlice).Less
6c1f2e20,sort.(*IntSlice).Swap
6c1f2e90,sort.(*StringSlice).Len
6c1f2ed0,sort.(*StringSlice).Less
6c1f2f70,sort.(*StringSlice).Swap
6c1f3050,internal/fmtsort.(*SortedMap).Len
6c1f3080,internal/fmtsort.(*SortedMap).Less
6c1f3110,internal/fmtsort.(*SortedMap).Swap
6c1f32d0,internal/fmtsort.Sort
6c1f36b0,internal/fmtsort.compare
6c1f44f0,internal/fmtsort.nilCompare
6c1f4740,internal/syscall/windows/registry.Key.Close
6c1f4780,internal/syscall/windows/registry.OpenKey
6c1f4870,internal/syscall/windows/registry.Key.ReadSubKeyNames
6c1f4c00,internal/syscall/windows/registry.Key.getValue
6c1f4e20,internal/syscall/windows/registry.Key.GetStringValue
6c1f4fd0,internal/syscall/windows/registry.Key.GetMUIStringValue
6c1f53f0,internal/syscall/windows/registry.ExpandString
6c1f55d0,internal/syscall/windows/registry.regLoadMUIString
6c1f56e0,internal/syscall/windows/registry.expandEnvironmentStrings
6c1f57f0,internal/syscall/windows/registry.init
6c1f5a10,time.nextStdChunk
6c1f67c0,time.lookup
6c1f68c0,time.appendInt
6c1f6c60,time.appendNano
6c1f6dd0,time.Time.String
6c1f7090,time.Time.GoString
6c1f7890,time.Time.Format
6c1f7980,time.Time.AppendFormat
6c1f7b00,time.Time.appendFormat
6c1f9790,time.quote
6c1f9c00,time.(*ParseError).Error
6c1f9e10,time.getnum
6c1f9f20,time.skip
6c1fa030,time.Parse
6c1fa1d0,time.parse
6c1fccc0,time.parseTimeZone
6c1fce70,time.parseSignedOffset
6c1fd070,time.Time.appendFormatRFC3339
6c1fd5c0,time.Time.appendStrictRFC3339
6c1fd770,time.parseStrictRFC3339
6c1fd8e0,time.when
6c1fd970,time.(*Timer).Stop
6c1fd9d0,time.NewTimer
6c1fdac0,time.(*Timer).Reset
6c1fdb40,time.sendTime
6c1fdbb0,time.AfterFunc
6c1fdc60,time.goFunc
6c1fdcb0,time.NewTicker
6c1fdde0,time.(*Time).addSec
6c1fdf50,time.Time.After
6c1fe070,time.Time.Before
6c1fe190,time.Time.Compare
6c1fe2e0,time.Time.Equal
6c1fe3e0,time.Time.abs
6c1fe560,time.Time.locabs
6c1fe6f0,time.Time.Clock
6c1fe7a0,time.Duration.String
6c1ff1e0,time.Duration.Round
6c1ff3a0,time.Time.Add
6c1ff5b0,time.Time.Sub
6c1ff850,time.Since
6c1ff910,time.Until
6c1ff9d0,time.Time.AddDate
6c1ffaf0,time.Time.date
6c1ffb60,time.absDate
6c1ffef0,time.Now
6c200000,time.Time.Zone
6c200090,time.Time.MarshalBinary
6c200370,time.(*Time).UnmarshalBinary
6c2007e0,time.Time.MarshalJSON
6c200980,time.(*Time).UnmarshalJSON
6c200ab0,time.Time.MarshalText
6c200c00,time.(*Time).UnmarshalText
6c200cb0,time.Date
6c2013c0,time.Time.Truncate
6c2014e0,time.Time.Round
6c201660,time.div
6c201b10,time.(*Location).String
6c201b80,time.FixedZone
6c201d90,time.(*Location).lookup
6c202210,time.(*Location).lookupFirstZone
6c2022e0,time.tzset
6c202db0,time.tzsetName
6c202ff0,time.tzsetOffset
6c2034d0,time.tzsetRule
6c203cc0,time.tzruleTime
6c203f80,time.(*Location).lookupName
6c204190,time.matchZoneKey
6c2044d0,time.matchZoneKey.func1
6c204510,time.toEnglishName
6c2047a0,time.toEnglishName.func1
6c2047e0,time.abbrev
6c204b30,time.pseudoUnix
6c204d30,time.initLocalFromTZI
6c205280,time.initLocal
6c205310,time.FixedZone.func1
6c205510,time.map.init.1
6c205640,time.init
6c205690,type:.eq.time.ParseError
6c2057d0,time.parseRFC3339[go.shape.[]uint8]
6c205ef0,time.parseNanoseconds[go.shape.[]uint8]
6c206080,time.atoi[go.shape.[]uint8]
6c206220,time.parseNanoseconds[go.shape.string]
6c2063b0,time.atoi[go.shape.string]
6c206560,time.parseRFC3339[go.shape.string]
6c206c60,time.(*Time).GoString
6c206cd0,time.(*Time).MarshalBinary
6c206d60,time.(*Time).MarshalJSON
6c206df0,time.(*Time).MarshalText
6c206e80,time.(*Time).String
6c206ef0,time.(*Duration).String
6c206f50,type:.eq.time.zone
6c206fb0,type:.eq.time.zoneTrans
6c207010,type:.eq.time.abbr
6c2070a0,type:.eq.[1]time.zone
6c207100,type:.eq.[1]time.zoneTrans
6c207160,path.Clean
6c2078c0,io/fs.FormatFileInfo
6c207ec0,io/fs.FormatDirEntry
6c208110,io/fs.ValidPath
6c2081f0,io/fs.FileMode.String
6c2083d0,io/fs.FileMode.IsDir
6c208400,io/fs.FileMode.Type
6c208430,io/fs.(*PathError).Error
6c2084e0,io/fs.(*PathError).Unwrap
6c208510,io/fs.(*PathError).Timeout
6c208570,io/fs.Stat
6c208700,io/fs.Stat.func1
6c208740,io/fs.init
6c208860,type:.eq.io/fs.PathError
6c208920,io/fs.(*FileMode).IsDir
6c208970,io/fs.(*FileMode).String
6c2089d0,io/fs.(*FileMode).Type
6c208a20,internal/testlog.PanicOnExit0
6c208ac0,internal/testlog.PanicOnExit0.func1
6c208b00,internal/testlog.Getenv
6c208b90,internal/testlog.Open
6c208c20,internal/testlog.Stat
6c208cb0,internal/syscall/windows.glob..func1
6c208d30,internal/syscall/windows.UTF16PtrToString
6c208dd0,internal/syscall/windows.Rename
6c208ec0,internal/syscall/windows.RtlGenRandom
6c208fc0,internal/syscall/windows.GetAdaptersAddresses
6c2090a0,internal/syscall/windows.GetComputerNameEx
6c2091a0,internal/syscall/windows.GetFileInformationByHandleEx
6c2092b0,internal/syscall/windows.GetModuleFileName
6c2093b0,internal/syscall/windows.MoveFileEx
6c2094b0,internal/syscall/windows.CreateEnvironmentBlock
6c2095b0,internal/syscall/windows.DestroyEnvironmentBlock
6c2096a0,internal/syscall/windows.WSASocket
6c2097c0,internal/syscall/windows.init
6c20a1d0,internal/syscall/windows.init.OnceValue[go.shape.bool].func2
6c20a250,internal/syscall/windows.init.OnceValue[go.shape.bool].func1
6c20a310,internal/syscall/windows.init.OnceValue[go.shape.bool].func1.1
6c20a390,type:.eq.internal/syscall/windows.IpAdapterUnicastAddress
6c20a3e0,internal/poll.errNetClosing.Error
6c20a410,internal/poll.errNetClosing.Timeout
6c20a430,internal/poll.errNetClosing.Temporary
6c20a450,internal/poll.(*DeadlineExceededError).Error
6c20a480,internal/poll.(*DeadlineExceededError).Timeout
6c20a4a0,internal/poll.(*DeadlineExceededError).Temporary
6c20a4c0,internal/poll.glob..func1
6c20a4e0,internal/poll.(*fdMutex).incref
6c20a580,internal/poll.(*fdMutex).increfAndClose
6c20a6c0,internal/poll.(*fdMutex).decref
6c20a760,internal/poll.(*fdMutex).rwlock
6c20a8f0,internal/poll.(*fdMutex).rwunlock
6c20aa70,internal/poll.(*FD).decref
6c20aae0,internal/poll.(*FD).readUnlock
6c20ab30,internal/poll.(*FD).writeUnlock
6c20ab80,internal/poll.(*pollDesc).init
6c20ac30,internal/poll.(*pollDesc).prepare
6c20ad50,internal/poll.(*pollDesc).wait
6c20ae90,internal/poll.(*FD).SetDeadline
6c20aee0,internal/poll.(*FD).SetReadDeadline
6c20af30,internal/poll.(*FD).SetWriteDeadline
6c20af80,internal/poll.setDeadlineImpl
6c20b170,internal/poll.setDeadlineImpl.func1
6c20b1b0,internal/poll.(*FD).Shutdown
6c20b2c0,internal/poll.(*FD).Shutdown.func1
6c20b300,internal/poll.(*FD).Ftruncate
6c20b460,internal/poll.(*FD).Ftruncate.func2
6c20b4a0,internal/poll.(*FD).RawControl
6c20b5a0,internal/poll.(*FD).RawControl.func1
6c20b5e0,internal/poll.checkSetFileCompletionNotificationModes
6c20b6d0,internal/poll.init.0
6c20b760,internal/poll.(*operation).InitBufs
6c20ba40,internal/poll.execIO
6c20bf00,internal/poll.(*FD).Init
6c20c470,internal/poll.(*FD).destroy
6c20c550,internal/poll.(*FD).Close
6c20c640,internal/poll.(*FD).Read
6c20c960,internal/poll.(*FD).Read.func3
6c20c9a0,internal/poll.(*FD).Read.func2
6c20c9e0,internal/poll.(*FD).readConsole
6c20cea0,internal/poll.(*FD).ReadFrom
6c20d110,internal/poll.(*FD).ReadFrom.func2
6c20d150,internal/poll.(*FD).ReadFromInet4
6c20d370,internal/poll.(*FD).ReadFromInet4.func2
6c20d3b0,internal/poll.(*FD).ReadFromInet6
6c20d5e0,internal/poll.(*FD).ReadFromInet6.func2
6c20d620,internal/poll.(*FD).Write
6c20da00,internal/poll.(*FD).Write.func3
6c20da40,internal/poll.(*FD).Write.func2
6c20da80,internal/poll.(*FD).writeConsole
6c20df80,internal/poll.(*FD).Writev
6c20e2c0,internal/poll.(*FD).Writev.func2
6c20e300,internal/poll.(*FD).WriteTo
6c20e600,internal/poll.(*FD).WriteTo.func3
6c20e640,internal/poll.(*FD).WriteToInet4
6c20e920,internal/poll.(*FD).WriteToInet4.func2
6c20e9a0,internal/poll.(*FD).WriteToInet4.func1
6c20ea20,internal/poll.(*FD).WriteToInet4.func3
6c20ea60,internal/poll.(*FD).WriteToInet6
6c20ed40,internal/poll.(*FD).WriteToInet6.func2
6c20edc0,internal/poll.(*FD).WriteToInet6.func1
6c20ee40,internal/poll.(*FD).WriteToInet6.func3
6c20ee80,internal/poll.(*FD).ConnectEx
6c20ef00,internal/poll.(*FD).acceptOne
6c20f080,internal/poll.(*FD).acceptOne.func1
6c20f110,internal/poll.(*FD).Accept
6c20f460,internal/poll.(*FD).Accept.func1
6c20f4a0,internal/poll.(*FD).Seek
6c20f670,internal/poll.(*FD).Seek.func2
6c20f6b0,internal/poll.(*FD).Seek.func1
6c20f6f0,internal/poll.SendFile
6c20fb40,internal/poll.SendFile.func2
6c20fb80,internal/poll.(*FD).SetsockoptInt
6c20fcb0,internal/poll.(*FD).SetsockoptInt.func1
6c20fcf0,internal/poll.(*FD).WSAIoctl
6c20fe30,internal/poll.(*FD).WSAIoctl.func1
6c20fe70,internal/poll.SendFile.func1
6c20fee0,internal/poll.(*FD).ConnectEx.func1
6c20ff50,internal/poll.(*FD).WriteTo.func1
6c20ffd0,internal/poll.(*FD).WriteTo.func2
6c210050,internal/poll.(*FD).Writev.func1
6c2100d0,internal/poll.(*FD).Write.func1
6c210140,internal/poll.(*FD).ReadFromInet6.func1
6c210210,internal/poll.(*FD).ReadFromInet4.func1
6c2102e0,internal/poll.(*FD).ReadFrom.func1
6c2103b0,internal/poll.(*FD).Read.func1
6c210420,internal/poll.(*errNetClosing).Error
6c210470,internal/poll.(*errNetClosing).Temporary
6c2104b0,internal/poll.(*errNetClosing).Timeout
6c2104f0,internal/syscall/execenv.Default
6c210740,internal/syscall/execenv.Default.func1
6c210780,os.(*File).Readdir
6c210830,os.(*File).Readdirnames
6c2108e0,os.(*File).ReadDir
6c210990,os.(*File).readdir
6c211270,os.dirEntry.Name
6c2112a0,os.dirEntry.IsDir
6c2112e0,os.dirEntry.Type
6c211380,os.dirEntry.Info
6c2113c0,os.dirEntry.String
6c211410,os.Getenv
6c211470,os.(*SyscallError).Error
6c2114f0,os.(*SyscallError).Unwrap
6c211520,os.(*SyscallError).Timeout
6c211580,os.underlyingErrorIs
6c211670,os.StartProcess
6c2116f0,os.(*Process).Release
6c211730,os.startProcess
6c211ae0,os.(*ProcessState).String
6c211c80,os.(*Process).wait
6c211fe0,os.(*Process).wait.func2
6c212020,os.(*Process).signal
6c2122a0,os.(*Process).signal.func1
6c2122e0,os.(*Process).release
6c212400,os.init.0
6c212510,os.readNextArg
6c212890,os.commandLineToArgv
6c2129e0,os.Executable
6c212a30,os.getModuleFileName
6c212b20,os.(*File).Name
6c212b60,os.(*LinkError).Error
6c212c50,os.(*LinkError).Unwrap
6c212c80,os.(*File).Read
6c212d50,os.(*File).ReadFrom
6c212df0,os.genericReadFrom
6c212e70,os.(*File).Write
6c212f70,os.(*File).Seek
6c2130b0,os.(*File).WriteString
6c213120,os.OpenFile
6c2131d0,os.(*File).wrapErr
6c2133e0,os.UserHomeDir
6c2134e0,os.(*File).SetDeadline
6c213530,os.(*File).SetReadDeadline
6c213580,os.(*File).SetWriteDeadline
6c2135d0,os.(*File).SyscallConn
6c213680,os.ReadFile
6c213930,os.ReadFile.func1
6c213970,os.WriteFile
6c213a60,os.(*File).Close
6c213ac0,os.chmod
6c213c20,os.chmod.func1
6c213ca0,os.(*File).Truncate
6c213d60,os.(*File).setDeadline
6c213df0,os.(*File).setReadDeadline
6c213e80,os.(*File).setWriteDeadline
6c213f10,os.newFile
6c2140c0,os.openDir
6c214580,os.openFileNolog
6c214880,os.(*file).close
6c214a30,os.(*File).seek
6c214ae0,os.Remove
6c214dc0,os.rename
6c214f00,os.Pipe
6c215060,os.basename
6c215130,os.isAbs
6c2151c0,os.volumeName
6c215310,os.fixLongPath
6c2155a0,os.init.1
6c2155c0,os.Exit
6c215630,os.(*rawConn).Control
6c2156b0,os.removeAll
6c215d20,os.Stat
6c215da0,os.Lstat
6c215e10,os.(*File).Stat
6c215eb0,os.stat
6c216870,os.stat.func1
6c2168b0,os.statHandle
6c216a90,os.lstatNolog
6c216b20,os.Hostname
6c216b70,os.hostname
6c216d70,os.(*fileStat).Name
6c216da0,os.(*fileStat).IsDir
6c216e50,os.SameFile
6c216ec0,os.newFileStatFromGetFileInformationByHandle
6c217170,os.(*fileStat).Size
6c2171a0,os.(*fileStat).Mode
6c217240,os.(*fileStat).ModTime
6c217390,os.(*fileStat).loadFileId
6c2176d0,os.(*fileStat).loadFileId.func2
6c217710,os.(*fileStat).loadFileId.func1
6c217750,os.(*fileStat).saveInfoFromPath
6c2178e0,os.sameFile
6c217970,os.init
6c217c10,os.(*Process).wait.func1
6c217c60,type:.eq.os.fileStat
6c217d50,type:.eq.os.LinkError
6c217e50,type:.eq.os.dirInfo
6c217ef0,type:.eq.os.SyscallError
6c217f80,os.(*fileStat).Lock
6c217fd0,os.(*fileStat).Unlock
6c218020,os.(*dirEntry).Info
6c218080,os.(*dirEntry).IsDir
6c2180e0,os.(*dirEntry).Name
6c218130,os.(*dirEntry).String
6c2181a0,os.(*dirEntry).Type
6c218270,os.fileWithoutReadFrom.Close
6c2182e0,os.(*fileWithoutReadFrom).Close
6c218350,os.fileWithoutReadFrom.Name
6c2183a0,os.(*fileWithoutReadFrom).Name
6c2183f0,os.fileWithoutReadFrom.Read
6c218460,os.(*fileWithoutReadFrom).Read
6c2184d0,os.fileWithoutReadFrom.ReadDir
6c218540,os.(*fileWithoutReadFrom).ReadDir
6c2185b0,os.fileWithoutReadFrom.Readdir
6c218620,os.(*fileWithoutReadFrom).Readdir
6c218690,os.fileWithoutReadFrom.Seek
6c218710,os.(*fileWithoutReadFrom).Seek
6c218790,os.fileWithoutReadFrom.SetDeadline
6c218800,os.(*fileWithoutReadFrom).SetDeadline
6c218870,os.fileWithoutReadFrom.SetReadDeadline
6c2188e0,os.(*fileWithoutReadFrom).SetReadDeadline
6c218950,os.fileWithoutReadFrom.SetWriteDeadline
6c2189c0,os.(*fileWithoutReadFrom).SetWriteDeadline
6c218a30,os.fileWithoutReadFrom.Stat
6c218a90,os.(*fileWithoutReadFrom).Stat
6c218af0,os.fileWithoutReadFrom.SyscallConn
6c218ba0,os.(*fileWithoutReadFrom).SyscallConn
6c218c60,os.fileWithoutReadFrom.Write
6c218cd0,os.(*fileWithoutReadFrom).Write
6c218d40,os.fileWithoutReadFrom.WriteString
6c218dc0,os.(*fileWithoutReadFrom).WriteString
6c218e50,type:.eq.os.Process
6c218eb0,fmt.Errorf
6c2192e0,fmt.(*wrapError).Error
6c219310,fmt.(*wrapError).Unwrap
6c219340,fmt.(*wrapErrors).Error
6c219370,fmt.(*wrapErrors).Unwrap
6c2193b0,fmt.(*fmt).writePadding
6c2194e0,fmt.(*fmt).pad
6c219780,fmt.(*fmt).padString
6c219a10,fmt.(*fmt).fmtBoolean
6c219a80,fmt.(*fmt).fmtUnicode
6c219df0,fmt.(*fmt).fmtInteger
6c21a420,fmt.(*fmt).truncate
6c21a500,fmt.(*fmt).fmtS
6c21a5b0,fmt.(*fmt).fmtBs
6c21a620,fmt.(*fmt).fmtSbx
6c21aa10,fmt.(*fmt).fmtQ
6c21ac00,fmt.(*fmt).fmtC
6c21acc0,fmt.(*fmt).fmtQc
6c21adc0,fmt.(*fmt).fmtFloat
6c21b4c0,fmt.glob..func1
6c21b500,fmt.newPrinter
6c21b5a0,fmt.(*pp).free
6c21b6c0,fmt.(*pp).Width
6c21b6f0,fmt.(*pp).Precision
6c21b720,fmt.(*pp).Flag
6c21b7d0,fmt.(*pp).Write
6c21b8c0,fmt.(*pp).WriteString
6c21b9b0,fmt.Fprintf
6c21ba80,fmt.Sprintf
6c21bb30,fmt.Appendf
6c21bc40,fmt.Fprint
6c21bd00,fmt.Sprint
6c21bda0,fmt.Fprintln
6c21be60,fmt.Sprintln
6c21bf00,fmt.Appendln
6c21c000,fmt.getField
6c21c090,fmt.(*pp).unknownType
6c21c310,fmt.(*pp).badVerb
6c21c880,fmt.(*pp).fmtBool
6c21c8e0,fmt.(*pp).fmt0x64
6c21c960,fmt.(*pp).fmtInteger
6c21cc80,fmt.(*pp).fmtFloat
6c21cde0,fmt.(*pp).fmtComplex
6c21cfa0,fmt.(*pp).fmtString
6c21d140,fmt.(*pp).fmtBytes
6c21d7c0,fmt.(*pp).fmtPointer
6c21dc10,fmt.(*pp).catchPanic
6c21e110,fmt.(*pp).handleMethods
6c21e610,fmt.(*pp).handleMethods.func4
6c21e680,fmt.(*pp).handleMethods.func3
6c21e6f0,fmt.(*pp).handleMethods.func2
6c21e760,fmt.(*pp).handleMethods.func1
6c21e7d0,fmt.(*pp).printArg
6c21ef80,fmt.(*pp).printValue
6c220ed0,fmt.intFromArg
6c2210c0,fmt.parseArgNumber
6c2211c0,fmt.(*pp).argNumber
6c2212a0,fmt.(*pp).badArgNum
6c221460,fmt.(*pp).missingArg
6c221620,fmt.(*pp).doPrintf
6c2226c0,fmt.(*pp).doPrint
6c222840,fmt.(*pp).doPrintln
6c2229a0,fmt.Fscanln
6c222a70,fmt.(*ss).Read
6c222ad0,fmt.(*ss).ReadRune
6c222bf0,fmt.(*ss).Width
6c222c30,fmt.(*ss).getRune
6c222d10,fmt.(*ss).UnreadRune
6c222d60,fmt.notSpace
6c222dd0,fmt.(*readRune).readByte
6c222ea0,fmt.(*readRune).ReadRune
6c223210,fmt.(*readRune).UnreadRune
6c223290,fmt.glob..func2
6c2232d0,fmt.newScanState
6c223440,fmt.(*ss).free
6c2234e0,fmt.(*ss).SkipSpace
6c223650,fmt.(*ss).token
6c2237a0,fmt.(*ss).consume
6c223930,fmt.(*ss).peek
6c223a00,fmt.(*ss).notEOF
6c223a70,fmt.(*ss).scanBool
6c223e30,fmt.(*ss).scanNumber
6c223f60,fmt.(*ss).scanRune
6c224130,fmt.(*ss).scanBasePrefix
6c224340,fmt.(*ss).scanInt
6c2248e0,fmt.(*ss).scanUint
6c224e20,fmt.(*ss).floatToken
6c2251d0,fmt.(*ss).complexTokens
6c225450,fmt.(*ss).convertFloat
6c2256f0,fmt.(*ss).scanComplex
6c2258f0,fmt.(*ss).convertString
6c225af0,fmt.(*ss).quotedString
6c225fe0,fmt.(*ss).hexByte
6c2261c0,fmt.(*ss).hexString
6c226330,fmt.(*ss).scanOne
6c227610,fmt.errorHandler
6c227740,fmt.(*ss).doScan
6c2278f0,fmt.(*ss).doScan.func1
6c227930,type:.eq.fmt.readRune
6c2279b0,type:.eq.fmt.ssave
6c227a10,type:.eq.fmt.fmt
6c227ac0,type:.eq.fmt.wrapError
6c227b50,AES.Encrypt
6c228070,AES.Decrypt
6c228630,io/ioutil.init
6c228680,strings.(*Builder).String
6c2286d0,strings.(*Builder).Len
6c228700,strings.(*Builder).Reset
6c228760,strings.(*Builder).grow
6c228810,strings.(*Builder).Grow
6c2288b0,strings.(*Builder).Write
6c2289e0,strings.(*Builder).WriteRune
6c228b10,strings.(*Builder).WriteString
6c228c40,strings.(*Reader).Len
6c228ca0,strings.(*Reader).Size
6c228cd0,strings.(*Reader).Read
6c228de0,strings.(*Reader).ReadByte
6c228ea0,strings.(*Reader).UnreadByte
6c228f40,strings.(*Reader).ReadRune
6c229080,strings.(*Reader).UnreadRune
6c229160,strings.(*Reader).Seek
6c229280,strings.(*Reader).WriteTo
6c2293d0,strings.(*Replacer).build
6c229830,strings.(*Replacer).Replace
6c2298c0,strings.(*trieNode).add
6c229e30,strings.(*genericReplacer).lookup
6c22a050,strings.makeGenericReplacer
6c22a230,strings.(*appendSliceWriter).Write
6c22a320,strings.(*appendSliceWriter).WriteString
6c22a410,strings.stringWriter.WriteString
6c22a490,strings.(*genericReplacer).Replace
6c22a570,strings.(*genericReplacer).WriteString
6c22a890,strings.(*singleStringReplacer).Replace
6c22ad50,strings.(*byteReplacer).Replace
6c22ae40,strings.(*byteStringReplacer).Replace
6c22b0b0,strings.makeStringFinder
6c22b3c0,strings.explode
6c22b510,strings.Count
6c22b610,strings.LastIndex
6c22b8d0,strings.IndexRune
6c22ba00,strings.IndexAny
6c22bbb0,strings.LastIndexAny
6c22bdf0,strings.genSplit
6c22c020,strings.Fields
6c22c270,strings.FieldsFunc
6c22c510,strings.Join
6c22c910,strings.Map
6c22cd10,strings.Repeat
6c22d050,strings.ToUpper
6c22d400,strings.ToLower
6c22d7b0,strings.TrimLeftFunc
6c22d880,strings.TrimRightFunc
6c22d940,strings.TrimFunc
6c22d9b0,strings.IndexFunc
6c22da40,strings.lastIndexFunc
6c22dae0,strings.Trim
6c22dc80,strings.TrimLeft
6c22ddc0,strings.trimLeftUnicode
6c22de80,strings.trimRightUnicode
6c22df30,strings.TrimSpace
6c22e080,strings.Replace
6c22e560,strings.EqualFold
6c22e7b0,strings.Index
6c22ebf0,strings.Cut
6c22ecb0,type:.eq.strings.singleStringReplacer
6c22ed10,strings.(*stringWriter).WriteString
6c22edd0,strings.(*Replacer).buildOnce-fm
6c22ee70,type:.eq.strings.Reader
6c22eef0,myfmt.Println
6c22efe0,myfmt.insertLog
6c22f5e0,myfmt.LogInit
6c22fc00,type:.eq.[2]interface_{}
6c22fc90,internal/bisect.New
6c2307f0,internal/bisect.(*Matcher).stack
6c230b50,internal/bisect.PrintMarker
6c230ce0,internal/bisect.printStack
6c231490,internal/bisect.Hash
6c232410,internal/bisect.(*parseError).Error
6c232440,internal/bisect.(*dedup).seen
6c232540,internal/bisect.(*dedup).seenLossy
6c232640,type:.eq.internal/bisect.cond
6c232690,internal/godebug.(*Setting).IncNonDefault
6c232710,internal/godebug.(*Setting).register
6c232870,internal/godebug.(*Setting).Value
6c232940,internal/godebug.(*Setting).Value.func1
6c232a30,internal/godebug.lookup
6c232ca0,internal/godebug.init.0
6c232ce0,internal/godebug.newIncNonDefault
6c232d90,internal/godebug.update
6c232ee0,internal/godebug.update.func1
6c232fa0,internal/godebug.update.func2
6c232fe0,internal/godebug.parse
6c233280,internal/godebug.(*runtimeStderr).Write
6c2332e0,internal/godebug.(*Setting).IncNonDefault-fm
6c233320,sync/atomic.(*Uint64).Load-fm
6c233370,internal/godebug.(*Setting).register-fm
6c2333b0,type:.eq.internal/godebug.value
6c233410,type:.eq.sync/atomic.Pointer[internal/godebug.value]
6c233440,type:.eq.internal/godebug.setting
6c2334b0,type:.eq.internal/godebug.Setting
6c233520,internal/intern.(*Value).Get
6c233550,internal/intern.get
6c2337e0,internal/intern.get.func1
6c233820,internal/intern.finalize
6c233950,internal/intern.finalize.func1
6c233990,internal/intern.init
6c233a30,type:.eq.internal/intern.key
6c233ad0,type:.hash.internal/intern.key
6c233b40,net/netip.AddrFrom16
6c233c40,net/netip.ParseAddr
6c233e00,net/netip.parseAddrError.Error
6c2341a0,net/netip.parseIPv4
6c2345b0,net/netip.parseIPv6
6c235340,net/netip.AddrFromSlice
6c235440,net/netip.Addr.Compare
6c235730,net/netip.Addr.WithZone
6c2357f0,net/netip.Addr.IsLinkLocalUnicast
6c2358d0,net/netip.Addr.IsPrivate
6c235a70,net/netip.Addr.As16
6c235b40,net/netip.Addr.As4
6c235c30,net/netip.Addr.AsSlice
6c235d70,net/netip.Addr.String
6c236280,net/netip.Addr.appendTo4
6c236a70,net/netip.Addr.appendTo6
6c237040,net/netip.Addr.MarshalText
6c237450,net/netip.(*Addr).UnmarshalText
6c237560,net/netip.Addr.marshalBinaryWithTrailingBytes
6c2377b0,net/netip.Addr.MarshalBinary
6c237810,net/netip.(*Addr).UnmarshalBinary
6c237b40,net/netip.ParsePrefix
6c2385f0,net/netip.Prefix.Contains
6c2388e0,net/netip.init
6c238970,type:.eq.net/netip.parseAddrError
6c238a30,net/netip.(*Addr).MarshalBinary
6c238ac0,net/netip.(*Addr).MarshalText
6c238b50,net/netip.(*Addr).String
6c238bc0,net/netip.(*parseAddrError).Error
6c238c30,type:.eq.net/netip.Prefix
6c238c80,context.deadlineExceededError.Error
6c238cb0,context.deadlineExceededError.Timeout
6c238cd0,context.deadlineExceededError.Temporary
6c238cf0,context.emptyCtx.Deadline
6c238d20,context.emptyCtx.Done
6c238d40,context.emptyCtx.Err
6c238d70,context.emptyCtx.Value
6c238da0,context.backgroundCtx.String
6c238dd0,context.WithCancel
6c238eb0,context.WithCancel.func1
6c238f10,context.Cause
6c239020,context.Cause.func1
6c239060,context.parentCancelCtx
6c239150,context.removeChild
6c239200,context.init.0
6c239230,context.(*cancelCtx).Value
6c2392e0,context.(*cancelCtx).Done
6c239440,context.(*cancelCtx).Done.func1
6c239480,context.(*cancelCtx).Err
6c2394f0,context.(*cancelCtx).propagateCancel
6c239880,context.(*cancelCtx).propagateCancel.func2
6c2399c0,context.(*cancelCtx).propagateCancel.func1
6c239a70,context.contextName
6c239b20,context.(*cancelCtx).String
6c239ba0,context.(*cancelCtx).cancel
6c239db0,context.WithDeadlineCause
6c23a180,context.WithDeadlineCause.func3
6c23a1e0,context.WithDeadlineCause.func2
6c23a230,context.WithDeadlineCause.func4
6c23a270,context.WithDeadlineCause.func1
6c23a2d0,context.(*timerCtx).Deadline
6c23a310,context.(*timerCtx).String
6c23a490,context.(*timerCtx).cancel
6c23a590,context.WithTimeout
6c23a660,context.WithValue
6c23a7b0,context.(*valueCtx).String
6c23a980,context.(*valueCtx).Value
6c23aa20,context.value
6c23aca0,context.init
6c23ad00,type:.eq.context.valueCtx
6c23adc0,context.(*deadlineExceededError).Error
6c23ae10,context.(*deadlineExceededError).Temporary
6c23ae50,context.(*deadlineExceededError).Timeout
6c23ae90,context.(*emptyCtx).Deadline
6c23aef0,context.(*emptyCtx).Done
6c23af40,context.(*emptyCtx).Err
6c23af90,context.(*emptyCtx).Value
6c23afe0,context.backgroundCtx.Deadline
6c23b030,context.(*backgroundCtx).Deadline
6c23b080,context.backgroundCtx.Done
6c23b0c0,context.(*backgroundCtx).Done
6c23b100,context.backgroundCtx.Err
6c23b140,context.(*backgroundCtx).Err
6c23b190,context.(*backgroundCtx).String
6c23b1e0,context.backgroundCtx.Value
6c23b220,context.(*backgroundCtx).Value
6c23b270,context.cancelCtx.Deadline
6c23b300,context.(*cancelCtx).Deadline
6c23b390,context.stopCtx.Deadline
6c23b420,context.(*stopCtx).Deadline
6c23b4b0,context.stopCtx.Done
6c23b500,context.(*stopCtx).Done
6c23b550,context.stopCtx.Err
6c23b5b0,context.(*stopCtx).Err
6c23b610,context.stopCtx.Value
6c23b680,context.(*stopCtx).Value
6c23b6f0,context.(*timerCtx).Done
6c23b740,context.(*timerCtx).Err
6c23b790,context.(*timerCtx).Value
6c23b850,context.valueCtx.Deadline
6c23b8e0,context.(*valueCtx).Deadline
6c23b970,context.valueCtx.Done
6c23b9c0,context.(*valueCtx).Done
6c23ba10,context.valueCtx.Err
6c23ba70,context.(*valueCtx).Err
6c23bad0,vendor/golang.org/x/net/dns/dnsmessage.(*nestedError).Error
6c23bb50,vendor/golang.org/x/net/dns/dnsmessage.(*header).pack
6c23bd80,vendor/golang.org/x/net/dns/dnsmessage.(*header).unpack
6c23c250,vendor/golang.org/x/net/dns/dnsmessage.(*Parser).Start
6c23c4a0,vendor/golang.org/x/net/dns/dnsmessage.(*Parser).resourceHeader
6c23c6a0,vendor/golang.org/x/net/dns/dnsmessage.(*Parser).skipResource
6c23c8e0,vendor/golang.org/x/net/dns/dnsmessage.(*Parser).Question
6c23ccb0,vendor/golang.org/x/net/dns/dnsmessage.(*Parser).SkipQuestion
6c23cf40,vendor/golang.org/x/net/dns/dnsmessage.(*Parser).CNAMEResource
6c23d090,vendor/golang.org/x/net/dns/dnsmessage.(*Parser).AResource
6c23d1d0,vendor/golang.org/x/net/dns/dnsmessage.(*Parser).AAAAResource
6c23d3d0,vendor/golang.org/x/net/dns/dnsmessage.NewBuilder
6c23d5a0,vendor/golang.org/x/net/dns/dnsmessage.(*Builder).Question
6c23d760,vendor/golang.org/x/net/dns/dnsmessage.(*Builder).OPTResource
6c23dbd0,vendor/golang.org/x/net/dns/dnsmessage.(*Builder).Finish
6c23dca0,vendor/golang.org/x/net/dns/dnsmessage.(*ResourceHeader).pack
6c23df10,vendor/golang.org/x/net/dns/dnsmessage.(*ResourceHeader).unpack
6c23e330,vendor/golang.org/x/net/dns/dnsmessage.skipResource
6c23e6e0,vendor/golang.org/x/net/dns/dnsmessage.(*Name).pack
6c23ebb0,vendor/golang.org/x/net/dns/dnsmessage.(*Name).unpackCompressed
6c23efb0,vendor/golang.org/x/net/dns/dnsmessage.(*Question).pack
6c23f180,vendor/golang.org/x/net/dns/dnsmessage.unpackCNAMEResource
6c23f280,vendor/golang.org/x/net/dns/dnsmessage.init
6c23f7c0,type:.eq.vendor/golang.org/x/net/dns/dnsmessage.nestedError
6c23f850,type:.eq.vendor/golang.org/x/net/dns/dnsmessage.ResourceHeader
6c23f8a0,internal/singleflight.(*Group).DoChan
6c23fb70,internal/singleflight.(*Group).DoChan.func1
6c23fbd0,internal/singleflight.(*Group).doCall
6c23fd60,internal/singleflight.(*Group).ForgetUnshared
6c23fe80,internal/singleflight.(*Group).ForgetUnshared.func1
6c23fec0,type:.eq.internal/singleflight.Result
6c23ff60,net.sortByRFC6724
6c23ffc0,net.sortByRFC6724withSrcs
6c240230,net.srcAddrs
6c240420,net.ipAttrOf
6c2404f0,net.(*byRFC6724).Len
6c240520,net.(*byRFC6724).Swap
6c240860,net.(*byRFC6724).Less
6c240cf0,net.policyTable.Classify
6c240e10,net.classifyScope
6c241100,net.commonPrefixLen
6c241260,net.initConfVal
6c241340,net.(*conf).hostLookupOrder
6c241440,net.(*conf).hostLookupOrder.func1
6c241570,net.(*conf).lookupOrder
6c242450,net.goDebugNetDNS
6c242580,net.goDebugNetDNS.func1
6c242630,net.isLocalhost
6c242750,net.(*mptcpStatus).get
6c2427d0,net.minNonzeroTime
6c242930,net.(*Dialer).deadline
6c242a90,net.partialDeadline
6c242cb0,net.parseNetwork
6c243030,net.(*Resolver).resolveAddrList
6c243e20,net.Dial
6c243ed0,net.DialTimeout
6c243f90,net.(*Dialer).DialContext
6c244760,net.(*Dialer).DialContext.func1
6c244820,net.(*sysDialer).dialParallel
6c244ec0,net.(*sysDialer).dialParallel.func5
6c244f10,net.(*sysDialer).dialParallel.func4
6c244f50,net.(*sysDialer).dialParallel.func3
6c244fa0,net.(*sysDialer).dialParallel.func1
6c2450f0,net.(*sysDialer).dialParallel.func2
6c245130,net.(*sysDialer).dialSerial
6c2457a0,net.(*sysDialer).dialSingle
6c245d60,net.(*sysDialer).dialSingle.func1
6c245dc0,net.(*ListenConfig).Listen
6c246360,net.(*ListenConfig).ListenPacket
6c2468e0,net.Listen
6c246990,net.ListenPacket
6c246a40,net.isDomainName
6c246b80,net.newRequest
6c247080,net.checkResponse
6c2471b0,net.dnsPacketRoundTrip
6c247530,net.dnsStreamRoundTrip
6c247b10,net.(*Resolver).exchange
6c2486d0,net.checkHeader
6c2488d0,net.skipToAnswer
6c248a50,net.(*Resolver).tryOneName
6c2494b0,net.getSystemDNSConfig
6c249510,net.(*resolverConfig).init
6c2495f0,net.(*resolverConfig).tryUpdate
6c249810,net.(*resolverConfig).tryUpdate.func1
6c249850,net.(*resolverConfig).releaseSema
6c249890,net.avoidDNS
6c249900,net.(*dnsConfig).nameList
6c249ce0,net.goLookupIPFiles
6c249ff0,net.(*Resolver).goLookupIP
6c24a130,net.(*Resolver).goLookupIPCNAMEOrder
6c24b6f0,net.(*Resolver).goLookupIPCNAMEOrder.func4
6c24b760,net.(*Resolver).goLookupIPCNAMEOrder.func3
6c24b8b0,net.(*Resolver).goLookupIPCNAMEOrder.func3.2
6c24b900,net.(*Resolver).goLookupIPCNAMEOrder.func3.1
6c24ba70,net.(*Resolver).goLookupIPCNAMEOrder.func2
6c24bc60,net.(*Resolver).goLookupIPCNAMEOrder.func2.1
6c24bca0,net.dnsReadConfig
6c24c100,net.dnsReadConfig.func1
6c24c160,net.(*netFD).Close
6c24c1d0,net.(*netFD).shutdown
6c24c290,net.(*netFD).Read
6c24c370,net.(*netFD).readFrom
6c24c470,net.(*netFD).readFromInet4
6c24c560,net.(*netFD).readFromInet6
6c24c650,net.(*netFD).Write
6c24c730,net.(*netFD).writeTo
6c24c820,net.(*netFD).writeToInet4
6c24c910,net.(*netFD).writeToInet6
6c24ca00,net.(*netFD).SetDeadline
6c24ca60,net.(*netFD).SetReadDeadline
6c24cac0,net.(*netFD).SetWriteDeadline
6c24cb20,net.(*netFD).init
6c24cc30,net.(*netFD).connect
6c24d670,net.(*netFD).connect.func2
6c24d760,net.(*netFD).connect.func1
6c24d7a0,net.(*netFD).connect.func3
6c24d7f0,net.(*conn).writeBuffers
6c24d990,net.(*netFD).writeBuffers
6c24da70,net.(*netFD).accept
6c24dfa0,net.(*netFD).accept.func1
6c24e000,net.glob..func1
6c24e080,net.glob..func2
6c24e0a0,net.parseLiteralIP
6c24e140,net.readHosts
6c24ecc0,net.readHosts.func1
6c24ed00,net.lookupStaticHost
6c24f090,net.lookupStaticHost.func1
6c24f0d0,net.(*Interface).Addrs
6c24f280,net.Interfaces
6c24f3c0,net.InterfaceAddrs
6c24f4c0,net.(*ipv6ZoneCache).update
6c24f890,net.(*ipv6ZoneCache).update.func1
6c24f8d0,net.(*ipv6ZoneCache).name
6c24fb00,net.(*ipv6ZoneCache).index
6c24fcd0,net.adapterAddresses
6c24ff60,net.interfaceTable
6c250230,net.interfaceAddrTable
6c250c20,net.IP.IsUnspecified
6c250ce0,net.IP.IsLoopback
6c250dc0,net.IP.IsMulticast
6c250e70,net.IP.Mask
6c250ff0,net.IP.String
6c2512a0,net.IP.MarshalText
6c2514b0,net.(*IP).UnmarshalText
6c251640,net.IP.Equal
6c251780,net.IP.matchAddrFamily
6c251aa0,net.IPMask.String
6c251bb0,net.networkNumberAndMask
6c251d40,net.(*IPNet).Contains
6c251e40,net.(*IPNet).Network
6c251e70,net.(*IPNet).String
6c252200,net.parseIP
6c252340,net.ParseCIDR
6c2528e0,net.(*IPAddr).Network
6c252910,net.(*IPAddr).String
6c2529e0,net.(*IPAddr).isWildcard
6c252a40,net.(*IPConn).SyscallConn
6c252af0,net.(*IPConn).ReadFrom
6c252cb0,net.(*IPConn).WriteTo
6c252f10,net.sockaddrToIP
6c253070,net.(*IPAddr).family
6c2530f0,net.(*IPAddr).sockaddr
6c2531a0,net.(*IPAddr).toLocal
6c253290,net.(*IPConn).readFrom
6c2534c0,net.(*IPConn).writeTo
6c2535d0,net.(*sysDialer).dialIP
6c2537d0,net.(*sysDialer).dialIP.func1
6c253840,net.(*sysListener).listenIP
6c253a40,net.(*sysListener).listenIP.func1
6c253ab0,net.isIPv4
6c253be0,net.addrList.forResolve
6c253d80,net.addrList.partition
6c253fc0,net.filterAddrList
6c254220,net.ipv4only
6c254280,net.ipv6only
6c2542e0,net.SplitHostPort
6c2548d0,net.(*Resolver).internetAddrList
6c2550c0,net.(*Resolver).internetAddrList.func1
6c255330,net.(*ipStackCapabilities).probe
6c2556a0,net.(*ipStackCapabilities).probe.func1
6c2556e0,net.favoriteAddrFamily
6c2558f0,net.internetSocket
6c255a70,net.ipToSockaddrInet4
6c255c10,net.ipToSockaddrInet6
6c255f00,net.ipToSockaddr
6c256200,net.lookupPortMap
6c256450,net.LookupIP
6c2565a0,net.(*onlyValuesCtx).Value
6c256630,net.(*Resolver).lookupIPAddr
6c2573a0,net.(*Resolver).lookupIPAddr.func5
6c2573f0,net.(*Resolver).lookupIPAddr.func4
6c257440,net.(*Resolver).lookupIPAddr.func1
6c257500,net.(*Resolver).LookupPort
6c257700,net.(*Resolver).dial
6c2578d0,net.getprotobyname
6c2579f0,net.lookupProtocol
6c257ea0,net.lookupProtocol.func1
6c258030,net.(*Resolver).preferGoOverWindows
6c2580a0,net.(*Resolver).lookupIP
6c2584c0,net.(*Resolver).lookupIP.func2
6c258540,net.(*Resolver).lookupIP.func1
6c258ec0,net.(*Resolver).lookupIP.func1.2
6c258f00,net.(*Resolver).lookupPort
6c259600,net.(*Resolver).lookupPort.func2
6c259640,net.concurrentThreadsLimit
6c259660,net.(*sysListener).listenMPTCP
6c2596d0,net.(*conn).Read
6c2598a0,net.(*conn).Write
6c259a10,net.(*conn).Close
6c259b50,net.(*conn).LocalAddr
6c259ba0,net.(*conn).RemoteAddr
6c259bf0,net.(*conn).SetDeadline
6c259d60,net.(*conn).SetReadDeadline
6c259ed0,net.(*conn).SetWriteDeadline
6c25a040,net.(*conn).SetReadBuffer
6c25a190,net.(*conn).SetWriteBuffer
6c25a2e0,net.canceledError.Error
6c25a310,net.canceledError.Is
6c25a370,net.(*OpError).Unwrap
6c25a3a0,net.(*OpError).Error
6c25a5c0,net.(*OpError).Timeout
6c25a680,net.(*OpError).Temporary
6c25a790,net.(*ParseError).Error
6c25a810,net.(*ParseError).Timeout
6c25a830,net.(*ParseError).Temporary
6c25a850,net.(*AddrError).Error
6c25a900,net.(*AddrError).Timeout
6c25a920,net.(*AddrError).Temporary
6c25a940,net.UnknownNetworkError.Error
6c25a9a0,net.UnknownNetworkError.Timeout
6c25a9c0,net.UnknownNetworkError.Temporary
6c25a9e0,net.(*timeoutError).Error
6c25aa10,net.(*timeoutError).Timeout
6c25aa30,net.(*timeoutError).Temporary
6c25aa50,net.(*timeoutError).Is
6c25aab0,net.(*DNSError).Error
6c25abc0,net.(*DNSError).Timeout
6c25abf0,net.(*DNSError).Temporary
6c25ac30,net.genericReadFrom
6c25acf0,net.releaseThread
6c25ad30,net.(*Buffers).WriteTo
6c25b0f0,net.(*Buffers).Read
6c25b320,net.getSystemNSS
6c25b380,net.(*nsswitchConfig).init
6c25b470,net.(*nsswitchConfig).tryUpdate
6c25b760,net.(*nsswitchConfig).tryUpdate.func1
6c25b7a0,net.(*nsswitchConfig).releaseSema
6c25b7e0,net.parseNSSConfFile
6c25b9d0,net.parseNSSConfFile.func1
6c25ba10,net.parseNSSConf
6c25c150,net.parseNSSConf.parseCriteria.func1
6c25c3f0,net.(*file).close
6c25c430,net.(*file).getLineFromData
6c25c5b0,net.(*file).readLine
6c25c720,net.(*file).stat
6c25c810,net.open
6c25c930,net.stat
6c25ca20,net.countAnyByte
6c25caa0,net.splitAtBytes
6c25cc90,net.hasUpperCase
6c25cd30,net.lowerASCIIBytes
6c25cd70,net.foreachField
6c25cfa0,net.stringsHasSuffixFold
6c25d050,net.parsePort
6c25d1b0,net.(*rawConn).Control
6c25d2f0,net.sendFile
6c25d4b0,net.socket
6c25d870,net.(*netFD).dial
6c25e230,net.(*netFD).listenStream
6c25e700,net.(*netFD).listenDatagram
6c25ecc0,net.maxListenerBacklog
6c25ece0,net.sysSocket
6c25ee60,net.setReadBuffer
6c25ef30,net.setWriteBuffer
6c25f000,net.setKeepAlive
6c25f0e0,net.setDefaultSockopts
6c25f240,net.setDefaultMulticastSockopts
6c25f310,net.(*TCPAddr).Network
6c25f340,net.(*TCPAddr).String
6c25f5e0,net.(*TCPAddr).isWildcard
6c25f640,net.ResolveTCPAddr
6c25f7d0,net.(*TCPConn).SyscallConn
6c25f880,net.(*TCPConn).ReadFrom
6c25fa60,net.(*TCPConn).CloseWrite
6c25fbc0,net.newTCPConn
6c25fcc0,net.DialTCP
6c260150,net.(*TCPListener).SyscallConn
6c260200,net.(*TCPListener).AcceptTCP
6c260360,net.(*TCPListener).Accept
6c2604d0,net.(*TCPListener).Close
6c260610,net.(*TCPListener).SetDeadline
6c260780,net.ListenTCP
6c260a70,net.sockaddrToTCP
6c260be0,net.(*TCPAddr).family
6c260c60,net.(*TCPAddr).sockaddr
6c260d10,net.(*TCPAddr).toLocal
6c260e00,net.(*TCPConn).readFrom
6c260ec0,net.(*sysDialer).dialTCP
6c260fe0,net.(*sysDialer).doDialTCPProto
6c261340,net.(*sysDialer).doDialTCPProto.func1
6c2613b0,net.selfConnect
6c2614a0,net.(*TCPListener).accept
6c261540,net.(*sysListener).listenTCPProto
6c2616a0,net.(*sysListener).listenTCPProto.func1
6c261710,net.setNoDelay
6c2617f0,net.setKeepAlivePeriod
6c261920,net.(*UDPAddr).Network
6c261950,net.(*UDPAddr).String
6c261bf0,net.(*UDPAddr).isWildcard
6c261c50,net.ResolveUDPAddr
6c261de0,net.(*UDPConn).SyscallConn
6c261e90,net.(*UDPConn).readFromUDP
6c262020,net.(*UDPConn).ReadFrom
6c2620d0,net.(*UDPConn).WriteToUDP
6c262260,net.(*UDPConn).WriteTo
6c2624c0,net.DialUDP
6c262950,net.ListenUDP
6c262c40,net.sockaddrToUDP
6c262db0,net.(*UDPAddr).family
6c262e30,net.(*UDPAddr).sockaddr
6c262ee0,net.(*UDPAddr).toLocal
6c262fd0,net.(*UDPConn).readFrom
6c2632a0,net.(*UDPConn).writeTo
6c2635d0,net.(*sysDialer).dialUDP
6c263700,net.(*sysDialer).dialUDP.func1
6c263770,net.(*sysListener).listenUDP
6c2638a0,net.(*sysListener).listenUDP.func1
6c263910,net.(*UnixAddr).Network
6c263940,net.(*UnixAddr).String
6c263980,net.(*UnixAddr).isWildcard
6c2639c0,net.(*UnixConn).SyscallConn
6c263a70,net.(*UnixConn).CloseWrite
6c263bd0,net.(*UnixConn).ReadFrom
6c263d90,net.(*UnixConn).WriteTo
6c263ff0,net.(*UnixListener).SyscallConn
6c2640a0,net.(*UnixListener).Accept
6c264210,net.(*UnixListener).Close
6c264350,net.(*UnixListener).SetDeadline
6c2644c0,net.unixSocket
6c264820,net.sockaddrToUnix
6c2648c0,net.sockaddrToUnixgram
6c264960,net.sockaddrToUnixpacket
6c264a00,net.(*UnixAddr).family
6c264a20,net.(*UnixAddr).sockaddr
6c264ac0,net.(*UnixAddr).toLocal
6c264af0,net.(*UnixConn).readFrom
6c264c70,net.(*UnixConn).writeTo
6c264e10,net.(*sysDialer).dialUnix
6c264f30,net.(*sysDialer).dialUnix.func1
6c264fa0,net.(*UnixListener).accept
6c265050,net.(*UnixListener).close
6c2650d0,net.(*UnixListener).close.func1
6c265120,net.(*sysListener).listenUnix
6c265290,net.(*sysListener).listenUnix.func1
6c265300,net.(*sysListener).listenUnixgram
6c265420,net.(*sysListener).listenUnixgram.func1
6c265490,net.initConfVal.func1
6c2655b0,net.(*Resolver).lookupIPAddr.func2
6c265610,net.(*Resolver).lookupIPAddr.func3
6c265630,net.(*Resolver).goLookupIPCNAMEOrder.func1
6c265650,net.init
6c266ab0,net.map.init.0
6c266e90,net.(*netFD).listenStream.(*netFD).addrFunc.func1
6c266ec0,net.(*netFD).listenDatagram.(*netFD).addrFunc.func1
6c266ef0,net.(*netFD).dial.(*netFD).addrFunc.func1
6c266f20,net.(*netFD).dial.(*netFD).addrFunc.func2
6c266f50,net.(*netFD).dial.(*netFD).addrFunc.func3
6c266f80,net.(*netFD).dial.(*netFD).addrFunc.func4
6c266fb0,net.(*netFD).dial.(*netFD).addrFunc.func5
6c266fe0,net.socket.listenerBacklog.func1
6c267010,net.lookupProtocol.func1.acquireThread.func1
6c267070,net.(*Resolver).lookupPort.acquireThread.func1
6c2670d0,net.(*Resolver).lookupIP.func1.acquireThread.func1
6c267130,net.(*netFD).accept.(*netFD).addrFunc.func2
6c267160,net.(*netFD).accept.(*netFD).addrFunc.func3
6c267190,type:.eq.net.UnixAddr
6c267220,type:.eq.net.OpError
6c267350,type:.eq.net.AddrError
6c2673e0,type:.eq.net.DNSError
6c2674d0,type:.eq.net.onlyValuesCtx
6c267560,type:.eq.net.ParseError
6c2675f0,type:.eq.net.UnixListener
6c267670,net.(*IP).MarshalText
6c2676f0,net.(*IP).String
6c267760,net.(*IPMask).String
6c2678a0,net.(*TCPConn).Close
6c2678f0,net.(*TCPConn).LocalAddr
6c267940,net.(*TCPConn).Read
6c2679b0,net.(*TCPConn).RemoteAddr
6c267a00,net.(*TCPConn).SetDeadline
6c267a60,net.(*TCPConn).SetReadBuffer
6c267ac0,net.(*TCPConn).SetReadDeadline
6c267b20,net.(*TCPConn).SetWriteBuffer
6c267b80,net.(*TCPConn).SetWriteDeadline
6c267be0,net.(*TCPConn).Write
6c267c50,net.(*TCPConn).writeBuffers
6c267cc0,net.(*IPConn).Close
6c267d10,net.(*IPConn).LocalAddr
6c267d60,net.(*IPConn).Read
6c267dd0,net.(*IPConn).RemoteAddr
6c267e20,net.(*IPConn).SetDeadline
6c267e80,net.(*IPConn).SetReadBuffer
6c267ee0,net.(*IPConn).SetReadDeadline
6c267f40,net.(*IPConn).SetWriteBuffer
6c267fa0,net.(*IPConn).SetWriteDeadline
6c268000,net.(*IPConn).Write
6c268070,net.(*IPConn).writeBuffers
6c2680e0,net.(*UDPConn).Close
6c268130,net.(*UDPConn).LocalAddr
6c268180,net.(*UDPConn).Read
6c2681f0,net.(*UDPConn).RemoteAddr
6c268240,net.(*UDPConn).SetDeadline
6c2682a0,net.(*UDPConn).SetReadBuffer
6c268300,net.(*UDPConn).SetReadDeadline
6c268360,net.(*UDPConn).SetWriteBuffer
6c2683c0,net.(*UDPConn).SetWriteDeadline
6c268420,net.(*UDPConn).Write
6c268490,net.(*UDPConn).writeBuffers
6c268500,net.(*UnixConn).Close
6c268550,net.(*UnixConn).LocalAddr
6c2685a0,net.(*UnixConn).Read
6c268610,net.(*UnixConn).RemoteAddr
6c268660,net.(*UnixConn).SetDeadline
6c2686c0,net.(*UnixConn).SetReadBuffer
6c268720,net.(*UnixConn).SetReadDeadline
6c268780,net.(*UnixConn).SetWriteBuffer
6c2687e0,net.(*UnixConn).SetWriteDeadline
6c268840,net.(*UnixConn).Write
6c2688b0,net.(*UnixConn).writeBuffers
6c268920,net.onlyValuesCtx.Deadline
6c2689b0,net.(*onlyValuesCtx).Deadline
6c268a40,net.onlyValuesCtx.Done
6c268a90,net.(*onlyValuesCtx).Done
6c268ae0,net.onlyValuesCtx.Err
6c268b40,net.(*onlyValuesCtx).Err
6c268ba0,net.(*canceledError).Error
6c268bf0,net.(*canceledError).Is
6c268c70,net.(*UnknownNetworkError).Error
6c268cf0,net.(*UnknownNetworkError).Temporary
6c268d30,net.(*UnknownNetworkError).Timeout
6c268d70,net.writerOnly.Write
6c268df0,net.(*writerOnly).Write
6c268e70,net.(*rawListener).Control
6c268ed0,net.(*nsswitchConfig).init-fm
6c268f10,net.(*ipStackCapabilities).probe-fm
6c268f50,net.(*resolverConfig).init-fm
6c268f90,net.(*Resolver).lookupIP-fm
6c269030,type:.eq.net.dialResult·1
6c2690e0,type:.eq.net.nssCriterion
6c269170,type:.eq.net.result·3
6c2691d0,encoding/base64.(*Encoding).Encode
6c269480,encoding/base64.(*Encoding).EncodeToString
6c269590,encoding/base64.CorruptInputError.Error
6c269600,encoding/base64.(*Encoding).decodeQuantum
6c269a80,encoding/base64.(*Encoding).DecodeString
6c269b80,encoding/base64.(*Encoding).Decode
6c269eb0,encoding/base64.init
6c26a1a0,type:.eq.encoding/base64.Encoding
6c26a1f0,encoding/base64.(*CorruptInputError).Error
6c26a280,encoding/json.Unmarshal
6c26a3c0,encoding/json.(*UnmarshalTypeError).Error
6c26a550,encoding/json.(*InvalidUnmarshalError).Error
6c26a680,encoding/json.(*decodeState).unmarshal
6c26a870,encoding/json.Number.String
6c26a8a0,encoding/json.(*decodeState).addErrorContext
6c26a9b0,encoding/json.(*decodeState).skip
6c26aa50,encoding/json.(*decodeState).scanNext
6c26aad0,encoding/json.(*decodeState).scanWhile
6c26ab90,encoding/json.(*decodeState).rescanLiteral
6c26ace0,encoding/json.(*decodeState).value
6c26aea0,encoding/json.(*decodeState).valueQuoted
6c26af60,encoding/json.indirect
6c26b4e0,encoding/json.(*decodeState).array
6c26bc30,encoding/json.(*decodeState).object
6c26d940,encoding/json.(*decodeState).convertNumber
6c26db20,encoding/json.(*decodeState).literalStore
6c270360,encoding/json.(*decodeState).valueInterface
6c270440,encoding/json.(*decodeState).arrayInterface
6c2705b0,encoding/json.(*decodeState).objectInterface
6c270810,encoding/json.(*decodeState).literalInterface
6c270a60,encoding/json.getu4
6c270af0,encoding/json.unquoteBytes
6c2711f0,encoding/json.Marshal
6c2713f0,encoding/json.Marshal.func1
6c271440,encoding/json.MarshalIndent
6c2715a0,encoding/json.(*UnsupportedTypeError).Error
6c271610,encoding/json.(*UnsupportedValueError).Error
6c271670,encoding/json.(*MarshalerError).Error
6c2717a0,encoding/json.(*MarshalerError).Unwrap
6c2717d0,encoding/json.newEncodeState
6c2718d0,encoding/json.(*encodeState).marshal
6c2719e0,encoding/json.(*encodeState).marshal.func1
6c271a70,encoding/json.isEmptyValue
6c271d00,encoding/json.(*encodeState).reflectValue
6c271d80,encoding/json.valueEncoder
6c271e00,encoding/json.typeEncoder
6c272030,encoding/json.typeEncoder.func1
6c2720a0,encoding/json.newTypeEncoder
6c272530,encoding/json.invalidValueEncoder
6c272570,encoding/json.marshalerEncoder
6c272860,encoding/json.addrMarshalerEncoder
6c272ba0,encoding/json.textMarshalerEncoder
6c272e40,encoding/json.addrTextMarshalerEncoder
6c273130,encoding/json.boolEncoder
6c273320,encoding/json.intEncoder
6c273500,encoding/json.uintEncoder
6c2736d0,encoding/json.floatEncoder.encode
6c273a80,encoding/json.stringEncoder
6c273f40,encoding/json.isValidNumber
6c2740f0,encoding/json.interfaceEncoder
6c274230,encoding/json.unsupportedTypeEncoder
6c274320,encoding/json.structEncoder.encode
6c2745e0,encoding/json.mapEncoder.encode
6c274f30,encoding/json.mapEncoder.encode.func1
6c274fb0,encoding/json.mapEncoder.encode.func2
6c275000,encoding/json.newMapEncoder
6c275110,encoding/json.encodeByteSlice
6c275430,encoding/json.sliceEncoder.encode
6c275920,encoding/json.sliceEncoder.encode.func1
6c275970,encoding/json.newSliceEncoder
6c275ad0,encoding/json.arrayEncoder.encode
6c275bf0,encoding/json.newArrayEncoder
6c275c80,encoding/json.ptrEncoder.encode
6c276060,encoding/json.ptrEncoder.encode.func1
6c2760b0,encoding/json.newPtrEncoder
6c276140,encoding/json.condAddrEncoder.encode
6c2761e0,encoding/json.isValidTag
6c276320,encoding/json.typeByIndex
6c2763f0,encoding/json.(*reflectWithString).resolve
6c2766c0,encoding/json.byIndex.Len
6c2766e0,encoding/json.byIndex.Swap
6c2767c0,encoding/json.byIndex.Less
6c276890,encoding/json.typeFields
6c277e00,encoding/json.typeFields.func1
6c277f40,encoding/json.cachedTypeFields
6c2780d0,encoding/json.appendFoldedName
6c2782a0,encoding/json.appendHTMLEscape
6c278700,encoding/json.appendCompact
6c278e30,encoding/json.appendCompact.func1
6c278e70,encoding/json.appendIndent
6c279750,encoding/json.appendIndent.func1
6c279790,encoding/json.checkValid
6c2798a0,encoding/json.(*SyntaxError).Error
6c2798d0,encoding/json.glob..func1
6c279910,encoding/json.newScanner
6c2799d0,encoding/json.freeScanner
6c279a40,encoding/json.(*scanner).eof
6c279b30,encoding/json.(*scanner).pushParseState
6c279ce0,encoding/json.stateBeginValueOrEmpty
6c279d60,encoding/json.stateBeginValue
6c27a0d0,encoding/json.stateBeginStringOrEmpty
6c27a180,encoding/json.stateBeginString
6c27a310,encoding/json.stateEndValue
6c27a920,encoding/json.stateEndTop
6c27aa80,encoding/json.stateInString
6c27ac30,encoding/json.stateInStringEsc
6c27ae00,encoding/json.stateInStringEscU
6c27af80,encoding/json.stateInStringEscU1
6c27b100,encoding/json.stateInStringEscU12
6c27b280,encoding/json.stateInStringEscU123
6c27b400,encoding/json.stateNeg
6c27b5a0,encoding/json.state1
6c27b610,encoding/json.state0
6c27b6c0,encoding/json.stateDot
6c27b830,encoding/json.stateDot0
6c27b8c0,encoding/json.stateE
6c27b940,encoding/json.stateESign
6c27bab0,encoding/json.stateE0
6c27bb00,encoding/json.stateT
6c27bc60,encoding/json.stateTr
6c27bdc0,encoding/json.stateTru
6c27bf20,encoding/json.stateF
6c27c080,encoding/json.stateFa
6c27c1e0,encoding/json.stateFal
6c27c340,encoding/json.stateFals
6c27c4a0,encoding/json.stateN
6c27c600,encoding/json.stateNu
6c27c760,encoding/json.stateNul
6c27c8c0,encoding/json.stateError
6c27c8e0,encoding/json.quoteChar
6c27ca80,encoding/json.tagOptions.Contains
6c27cb40,encoding/json.init
6c27cd50,type:.eq.encoding/json.SyntaxError
6c27cdc0,type:.eq.encoding/json.UnsupportedValueError
6c27ce30,encoding/json.appendString[go.shape.string]
6c27d650,encoding/json.appendString[go.shape.[]uint8]
6c27ded0,type:.eq.encoding/json.MarshalerError
6c27df90,type:.eq.encoding/json.UnmarshalTypeError
6c27e0a0,encoding/json.(*Number).String
6c27e0f0,encoding/json.(*encodeState).Len
6c27e130,encoding/json.(*encodeState).Read
6c27e230,encoding/json.(*encodeState).ReadByte
6c27e2c0,encoding/json.(*encodeState).ReadFrom
6c27e330,encoding/json.(*encodeState).ReadRune
6c27e390,encoding/json.(*encodeState).Reset
6c27e3e0,encoding/json.(*encodeState).String
6c27e460,encoding/json.(*encodeState).UnreadByte
6c27e4c0,encoding/json.(*encodeState).UnreadRune
6c27e550,encoding/json.(*encodeState).Write
6c27e5c0,encoding/json.(*encodeState).WriteString
6c27e630,encoding/json.(*encodeState).WriteTo
6c27e6a0,encoding/json.jsonError.Error
6c27e700,encoding/json.(*jsonError).Error
6c27e760,encoding/json.(*byIndex).Len
6c27e7a0,encoding/json.(*byIndex).Less
6c27e890,encoding/json.(*byIndex).Swap
6c27e9a0,encoding/json.floatEncoder.encode-fm
6c27ea10,encoding/json.condAddrEncoder.encode-fm
6c27ea90,encoding/json.ptrEncoder.encode-fm
6c27eb00,encoding/json.arrayEncoder.encode-fm
6c27eb70,encoding/json.sliceEncoder.encode-fm
6c27ebe0,encoding/json.mapEncoder.encode-fm
6c27ec50,encoding/json.structEncoder.encode-fm
6c27ecd0,type:.eq.encoding/json.reflectWithString
6c27ed50,type:.eq.struct_{_encoding/json.ptr_interface_{};_encoding/json.len_int_}
6c27edc0,golang.org/x/sys/windows.(*DLLError).Error
6c27edf0,golang.org/x/sys/windows.(*DLLError).Unwrap
6c27ee20,golang.org/x/sys/windows.LoadDLL
6c27f010,golang.org/x/sys/windows.(*DLL).FindProc
6c27f2a0,golang.org/x/sys/windows.(*Proc).Call
6c27ffb0,golang.org/x/sys/windows.(*LazyDLL).Load
6c280170,golang.org/x/sys/windows.(*LazyDLL).Load.func1
6c2801b0,golang.org/x/sys/windows.(*LazyProc).Find
6c280330,golang.org/x/sys/windows.(*LazyProc).Find.func1
6c280370,golang.org/x/sys/windows.(*LazyProc).Call
6c280410,golang.org/x/sys/windows.initCanDoSearchSystem32
6c2804a0,golang.org/x/sys/windows.loadLibraryEx
6c2806a0,golang.org/x/sys/windows.GetSystemDirectory
6c280780,golang.org/x/sys/windows.itoa
6c2808a0,golang.org/x/sys/windows.ByteSliceFromString
6c280970,golang.org/x/sys/windows.StringToUTF16
6c2809e0,golang.org/x/sys/windows.UTF16PtrFromString
6c280a70,golang.org/x/sys/windows.UTF16PtrToString
6c280ba0,golang.org/x/sys/windows.getStdHandle
6c280be0,golang.org/x/sys/windows.GUID.String
6c280d00,golang.org/x/sys/windows.GetProcAddress
6c280db0,golang.org/x/sys/windows._GetProcAddress
6c280eb0,golang.org/x/sys/windows.GetStdHandle
6c280fb0,golang.org/x/sys/windows.getSystemDirectory
6c2810b0,golang.org/x/sys/windows.LoadLibraryEx
6c281160,golang.org/x/sys/windows._LoadLibraryEx
6c281260,golang.org/x/sys/windows.SetEvent
6c281350,golang.org/x/sys/windows.WaitForSingleObject
6c281450,golang.org/x/sys/windows.rtlGetNtVersionNumbers
6c281500,golang.org/x/sys/windows.stringFromGUID2
6c2815b0,golang.org/x/sys/windows.Setsockopt
6c2816c0,golang.org/x/sys/windows.init
6c285a00,type:.eq.golang.org/x/sys/windows.DLLError
6c285ac0,golang.org/x/sys/windows.(*GUID).String
6c285b30,type:.eq.golang.org/x/sys/windows.DLL
6c285b90,type:.eq.golang.org/x/sys/windows.Proc
6c285bf0,type:.eq.golang.org/x/sys/windows.LazyDLL
6c285c60,type:.eq.golang.org/x/sys/windows.LazyProc
6c285cd0,golang.org/x/net/internal/socket.NewConn
6c285fa0,golang.org/x/net/internal/socket.(*Option).set
6c286100,golang.org/x/net/internal/socket.(*Option).set.func1
6c286190,golang.org/x/net/internal/socket.(*Option).SetInt
6c2862b0,golang.org/x/net/internal/socket.init.0
6c286340,golang.org/x/net/internal/socket.init
6c2863b0,type:.eq.golang.org/x/net/internal/socket.Conn
6c286440,type:.eq.[3]interface_{}
6c2864d0,golang.org/x/net/ipv4.(*PacketConn).SetDeadline
6c286550,golang.org/x/net/ipv4.(*PacketConn).SetReadDeadline
6c2865d0,golang.org/x/net/ipv4.(*PacketConn).SetWriteDeadline
6c286650,golang.org/x/net/ipv4.(*PacketConn).Close
6c2866c0,golang.org/x/net/ipv4.NewPacketConn
6c286780,golang.org/x/net/ipv4.(*genericOpt).SetTTL
6c286840,golang.org/x/net/ipv4.(*payloadHandler).WriteTo
6c286910,golang.org/x/net/ipv4.map.init.1
6c286cc0,golang.org/x/net/ipv4.init
6c286cf0,golang.org/x/net/ipv4.(*rawOpt).Lock
6c286d30,golang.org/x/net/ipv4.(*rawOpt).Unlock
6c286d70,golang.org/x/net/ipv4.payloadHandler.Close
6c286dd0,golang.org/x/net/ipv4.(*payloadHandler).Close
6c286e30,golang.org/x/net/ipv4.payloadHandler.LocalAddr
6c286e90,golang.org/x/net/ipv4.(*payloadHandler).LocalAddr
6c286ef0,golang.org/x/net/ipv4.(*payloadHandler).Lock
6c286f40,golang.org/x/net/ipv4.payloadHandler.SetDeadline
6c286fa0,golang.org/x/net/ipv4.(*payloadHandler).SetDeadline
6c287000,golang.org/x/net/ipv4.payloadHandler.SetReadDeadline
6c287060,golang.org/x/net/ipv4.(*payloadHandler).SetReadDeadline
6c2870c0,golang.org/x/net/ipv4.payloadHandler.SetWriteDeadline
6c287120,golang.org/x/net/ipv4.(*payloadHandler).SetWriteDeadline
6c287180,golang.org/x/net/ipv4.(*payloadHandler).Unlock
6c2871d0,golang.org/x/net/ipv4.PacketConn.LocalAddr
6c287230,golang.org/x/net/ipv4.(*PacketConn).LocalAddr
6c287290,golang.org/x/net/ipv4.(*PacketConn).Lock
6c2872e0,golang.org/x/net/ipv4.(*PacketConn).Unlock
6c287330,type:.eq.golang.org/x/net/ipv4.rawOpt
6c287390,type:.eq.golang.org/x/net/ipv4.payloadHandler
6c287410,type:.eq.golang.org/x/net/ipv4.PacketConn
6c287470,crypto/des.cryptBlock
6c2876b0,crypto/des.feistel
6c287830,crypto/des.initFeistelBox
6c287a20,crypto/des.permuteInitialBlock
6c287b70,crypto/des.permuteFinalBlock
6c287cc0,crypto/des.(*desCipher).generateSubkeys
6c288140,crypto/des.KeySizeError.Error
6c2881b0,crypto/des.(*desCipher).BlockSize
6c2881d0,crypto/des.(*desCipher).Encrypt
6c2882d0,crypto/des.(*desCipher).Decrypt
6c2883d0,crypto/des.NewTripleDESCipher
6c2884f0,crypto/des.(*tripleDESCipher).BlockSize
6c288510,crypto/des.(*tripleDESCipher).Encrypt
6c288820,crypto/des.(*tripleDESCipher).Decrypt
6c288b40,crypto/des.(*KeySizeError).Error
6c288bd0,crypto/sha1.init.0
6c288c30,crypto/sha1.(*digest).MarshalBinary
6c288f50,crypto/sha1.(*digest).UnmarshalBinary
6c289160,crypto/sha1.(*digest).Reset
6c2891c0,crypto/sha1.New
6c289240,crypto/sha1.(*digest).Size
6c289260,crypto/sha1.(*digest).BlockSize
6c289280,crypto/sha1.(*digest).Write
6c289460,crypto/sha1.(*digest).Sum
6c289580,crypto/sha1.(*digest).checkSum
6c289760,crypto/sha1.(*digest).ConstantTimeSum
6c289870,crypto/sha1.(*digest).constSum
6c289c20,crypto/sha1.block
6c28ab50,github.com/templexxx/cpu.init.0
6c28ab90,github.com/templexxx/cpu.processOptions
6c28ad70,github.com/templexxx/cpu.doinit
6c28b320,github.com/templexxx/cpu.hasInvariantTSC
6c28b390,github.com/templexxx/cpu.getName
6c28b560,github.com/templexxx/cpu.getNativeTSCFrequency
6c28b690,github.com/templexxx/cpu.getCrystalClockFrequency
6c28b7b0,github.com/templexxx/cpu.getVersionInfo
6c28b880,github.com/templexxx/cpu.makeSignature
6c28ba00,github.com/templexxx/cpu.getCacheSize
6c28bcd0,github.com/templexxx/cpu.vendorID
6c28bda0,github.com/templexxx/cpu.valAsString
6c28bf70,github.com/templexxx/cpu.init
6c28bf90,github.com/templexxx/cpu.map.init.0
6c28c2c0,github.com/templexxx/cpu.cpuid
6c28c2e0,github.com/templexxx/cpu.xgetbv
6c28c300,type:.eq.github.com/templexxx/cpu.option
6c28c360,type:.eq.[20]github.com/templexxx/cpu.option
6c28c4b0,github.com/templexxx/xorsimd.init
6c28c530,crypto/internal/randutil.MaybeReadByte
6c28c610,crypto/internal/randutil.MaybeReadByte.func1
6c28c670,math/rand.(*Rand).Seed
6c28c6f0,math/rand.(*Rand).Int63n
6c28c890,math/rand.(*Rand).Int31n
6c28c960,math/rand.(*Rand).int31n
6c28ca30,math/rand.(*Rand).Intn
6c28cac0,math/rand.(*Rand).Shuffle
6c28cb90,math/rand.globalRand
6c28cdb0,math/rand.(*fastSource).Int63
6c28cdf0,math/rand.(*fastSource).Seed
6c28ce30,math/rand.Seed
6c28cf90,math/rand.Uint32
6c28cfe0,math/rand.Intn
6c28d020,math/rand.Float64
6c28d0a0,math/rand.(*lockedSource).Int63
6c28d180,math/rand.(*lockedSource).Seed
6c28d1e0,math/rand.(*lockedSource).seedPos
6c28d240,math/rand.(*lockedSource).seed
6c28d2f0,math/rand.(*rngSource).Seed
6c28d490,math/rand.(*rngSource).Int63
6c28d540,type:.eq.math/rand.Rand
6c28d600,math/big.divWW
6c28d740,math/big.reciprocalWord
6c28d860,math/big.(*Int).SetInt64
6c28d920,math/big.(*Int).Add
6c28db70,math/big.(*Int).Sub
6c28ddc0,math/big.(*Int).Mul
6c28df10,math/big.(*Int).QuoRem
6c28e070,math/big.(*Int).Div
6c28e130,math/big.(*Int).Mod
6c28e350,math/big.(*Int).Cmp
6c28e3e0,math/big.(*Int).SetString
6c28e490,math/big.(*Int).setFromScanner
6c28e550,math/big.(*Int).Bytes
6c28e680,math/big.(*Int).FillBytes
6c28e790,math/big.(*Int).GCD
6c28ec20,math/big.lehmerSimulate
6c28ee20,math/big.lehmerUpdate
6c28f0d0,math/big.euclidUpdate
6c28f490,math/big.(*Int).lehmerGCD
6c290180,math/big.(*Int).ModInverse
6c290530,math/big.(*Int).Rsh
6c2906f0,math/big.(*Int).String
6c290780,math/big.(*Int).Format
6c290fe0,math/big.(*Int).scan
6c291130,math/big.scanSign
6c2911d0,math/big.byteReader.ReadByte
6c291290,math/big.byteReader.UnreadByte
6c2912d0,math/big.(*Int).Scan
6c291400,math/big.(*Int).MarshalText
6c2914d0,math/big.(*Int).UnmarshalText
6c291610,math/big.(*Int).MarshalJSON
6c2916d0,math/big.(*Int).UnmarshalJSON
6c291750,math/big.nat.String
6c2917e0,math/big.nat.setUint64
6c2918e0,math/big.nat.add
6c291be0,math/big.nat.sub
6c291ed0,math/big.nat.cmp
6c291f70,math/big.nat.mulAddWW
6c292100,math/big.basicMul
6c292220,math/big.nat.montgomery
6c292600,math/big.karatsubaAdd
6c2926f0,math/big.karatsubaSub
6c2927e0,math/big.karatsuba
6c292e70,math/big.addAt
6c292f80,math/big.nat.mul
6c293850,math/big.basicSqr
6c293b20,math/big.karatsubaSqr
6c293f30,math/big.nat.sqr
6c294660,math/big.getNat
6c2947b0,math/big.nat.bitLen
6c294870,math/big.nat.shl
6c294b80,math/big.nat.shr
6c294e30,math/big.nat.trunc
6c295040,math/big.nat.expNN
6c295f70,math/big.nat.expNNMontgomeryEven
6c296570,math/big.nat.expNNWindowed
6c296fb0,math/big.nat.expNNMontgomery
6c297cd0,math/big.nat.setBytes
6c297eb0,math/big.nat.subMod2N
6c298270,math/big.nat.scan
6c298a20,math/big.nat.itoa
6c298f50,math/big.nat.convertWords
6c299530,math/big.nat.expWW
6c299610,math/big.divisors
6c299ad0,math/big.nat.rem
6c299c50,math/big.nat.div
6c299fb0,math/big.nat.divW
6c29a200,math/big.divWVW
6c29a380,math/big.nat.divLarge
6c29a7b0,math/big.nat.divBasic
6c29ac40,math/big.nat.divRecursive
6c29adf0,math/big.nat.divRecursiveStep
6c29bec0,math/big.addVV
6c29bf00,math/big.subVV
6c29bf40,math/big.addVW
6c29bf70,math/big.subVW
6c29bfa0,math/big.shlVU
6c29bff0,math/big.shrVU
6c29c040,math/big.mulAddVWW
6c29c080,math/big.addMulVVW
6c29c0c0,math/big.(*nat).String
6c29c170,math/big.byteReader.Read
6c29c1f0,math/big.(*byteReader).Read
6c29c270,math/big.(*byteReader).ReadByte
6c29c2e0,math/big.byteReader.ReadRune
6c29c350,math/big.(*byteReader).ReadRune
6c29c3c0,math/big.byteReader.SkipSpace
6c29c410,math/big.(*byteReader).SkipSpace
6c29c460,math/big.(*byteReader).UnreadByte
6c29c4c0,math/big.byteReader.UnreadRune
6c29c520,math/big.(*byteReader).UnreadRune
6c29c580,math/big.byteReader.Width
6c29c5e0,math/big.(*byteReader).Width
6c29c640,crypto/rand.Read
6c29c6b0,crypto/rand.init.0
6c29c700,crypto/rand.(*rngReader).Read
6c29c7c0,crypto/rand.(*rngReader).Read.batched.func1
6c29c8b0,crypto/rand.Int
6c29cb60,crypto/sha256.init.0
6c29cc00,crypto/sha256.(*digest).MarshalBinary
6c29d000,crypto/sha256.(*digest).UnmarshalBinary
6c29d2b0,crypto/sha256.(*digest).Reset
6c29d360,crypto/sha256.New
6c29d3b0,crypto/sha256.New224
6c29d410,crypto/sha256.(*digest).Size
6c29d450,crypto/sha256.(*digest).BlockSize
6c29d470,crypto/sha256.(*digest).Write
6c29d650,crypto/sha256.(*digest).Sum
6c29d820,crypto/sha256.(*digest).checkSum
6c29da30,crypto/sha256.Sum224
6c29dae0,crypto/sha256.block
6c2a0510,type:.eq.crypto/sha256.digest
6c2a0560,crypto/internal/nistec/fiat.(*P224Element).Equal
6c2a0620,crypto/internal/nistec/fiat.(*P224Element).IsZero
6c2a06a0,crypto/internal/nistec/fiat.(*P224Element).bytes
6c2a0750,crypto/internal/nistec/fiat.(*P224Element).SetBytes
6c2a09a0,crypto/internal/nistec/fiat.p224Mul
6c2a2eb0,crypto/internal/nistec/fiat.p224Square
6c2a53b0,crypto/internal/nistec/fiat.p224Add
6c2a5740,crypto/internal/nistec/fiat.p224Sub
6c2a59a0,crypto/internal/nistec/fiat.p224FromMontgomery
6c2a6bb0,crypto/internal/nistec/fiat.p224ToMontgomery
6c2a8e20,crypto/internal/nistec/fiat.p224Selectznz
6c2a8f90,crypto/internal/nistec/fiat.p224ToBytes
6c2a9130,crypto/internal/nistec/fiat.p224FromBytes
6c2a9470,crypto/internal/nistec/fiat.(*P224Element).Invert
6c2a9850,crypto/internal/nistec/fiat.(*P256Element).Equal
6c2a9910,crypto/internal/nistec/fiat.(*P256Element).IsZero
6c2a9990,crypto/internal/nistec/fiat.(*P256Element).bytes
6c2a9a40,crypto/internal/nistec/fiat.(*P256Element).SetBytes
6c2a9cb0,crypto/internal/nistec/fiat.p256Mul
6c2abeb0,crypto/internal/nistec/fiat.p256Square
6c2ae0a0,crypto/internal/nistec/fiat.p256Add
6c2ae420,crypto/internal/nistec/fiat.p256Sub
6c2ae660,crypto/internal/nistec/fiat.p256FromMontgomery
6c2af470,crypto/internal/nistec/fiat.p256ToMontgomery
6c2b14b0,crypto/internal/nistec/fiat.p256Selectznz
6c2b1620,crypto/internal/nistec/fiat.p256ToBytes
6c2b17c0,crypto/internal/nistec/fiat.p256FromBytes
6c2b1b70,crypto/internal/nistec/fiat.(*P256Element).Invert
6c2b1ef0,crypto/internal/nistec/fiat.(*P384Element).Equal
6c2b1fb0,crypto/internal/nistec/fiat.(*P384Element).IsZero
6c2b2030,crypto/internal/nistec/fiat.(*P384Element).bytes
6c2b20e0,crypto/internal/nistec/fiat.(*P384Element).SetBytes
6c2b2350,crypto/internal/nistec/fiat.p384Mul
6c2b8150,crypto/internal/nistec/fiat.p384Square
6c2bdf40,crypto/internal/nistec/fiat.p384Add
6c2be670,crypto/internal/nistec/fiat.p384Sub
6c2beb50,crypto/internal/nistec/fiat.p384FromMontgomery
6c2c20b0,crypto/internal/nistec/fiat.p384ToMontgomery
6c2c7290,crypto/internal/nistec/fiat.p384Selectznz
6c2c74b0,crypto/internal/nistec/fiat.p384ToBytes
6c2c7720,crypto/internal/nistec/fiat.p384FromBytes
6c2c7d20,crypto/internal/nistec/fiat.(*P384Element).Invert
6c2c8210,crypto/internal/nistec/fiat.(*P521Element).Equal
6c2c82f0,crypto/internal/nistec/fiat.(*P521Element).IsZero
6c2c83a0,crypto/internal/nistec/fiat.(*P521Element).bytes
6c2c8450,crypto/internal/nistec/fiat.(*P521Element).SetBytes
6c2c86b0,crypto/internal/nistec/fiat.p521CmovznzU64
6c2c8710,crypto/internal/nistec/fiat.p521Mul
6c2d3260,crypto/internal/nistec/fiat.p521Square
6c2ddda0,crypto/internal/nistec/fiat.p521Add
6c2de8e0,crypto/internal/nistec/fiat.p521Sub
6c2df1b0,crypto/internal/nistec/fiat.p521FromMontgomery
6c2e5ea0,crypto/internal/nistec/fiat.p521ToMontgomery
6c2ec090,crypto/internal/nistec/fiat.p521Selectznz
6c2ec390,crypto/internal/nistec/fiat.p521ToBytes
6c2ec740,crypto/internal/nistec/fiat.p521FromBytes
6c2ecfe0,crypto/internal/nistec/fiat.(*P521Element).Invert
6c2ed3b0,crypto/internal/nistec.NewP224Point
6c2ed4a0,crypto/internal/nistec.(*P224Point).SetGenerator
6c2ed5e0,crypto/internal/nistec.(*P224Point).Set
6c2ed630,crypto/internal/nistec.(*P224Point).SetBytes
6c2edbf0,crypto/internal/nistec.p224Polynomial
6c2edce0,crypto/internal/nistec.p224CheckOnCurve
6c2eddb0,crypto/internal/nistec.(*P224Point).Bytes
6c2ede00,crypto/internal/nistec.(*P224Point).bytes
6c2ee0b0,crypto/internal/nistec.(*P224Point).BytesX
6c2ee110,crypto/internal/nistec.(*P224Point).bytesX
6c2ee310,crypto/internal/nistec.(*P224Point).Add
6c2ee970,crypto/internal/nistec.(*P224Point).Double
6c2eee30,crypto/internal/nistec.(*P224Point).Select
6c2eef20,crypto/internal/nistec.(*p224Table).Select
6c2ef0b0,crypto/internal/nistec.(*P224Point).ScalarMult
6c2efdf0,crypto/internal/nistec.(*P224Point).ScalarBaseMult
6c2f0120,crypto/internal/nistec.p224Sqrt
6c2f01c0,crypto/internal/nistec.p224SqrtCandidate
6c2f0780,crypto/internal/nistec.NewP256Point
6c2f0870,crypto/internal/nistec.(*P256Point).SetGenerator
6c2f09c0,crypto/internal/nistec.(*P256Point).Set
6c2f0a10,crypto/internal/nistec.(*P256Point).SetBytes
6c2f0ff0,crypto/internal/nistec.p256Polynomial
6c2f10e0,crypto/internal/nistec.p256CheckOnCurve
6c2f11b0,crypto/internal/nistec.(*P256Point).Bytes
6c2f1200,crypto/internal/nistec.(*P256Point).bytes
6c2f14b0,crypto/internal/nistec.(*P256Point).BytesX
6c2f1510,crypto/internal/nistec.(*P256Point).bytesX
6c2f1710,crypto/internal/nistec.(*P256Point).Add
6c2f1d70,crypto/internal/nistec.(*P256Point).Double
6c2f2230,crypto/internal/nistec.(*P256Point).Select
6c2f2320,crypto/internal/nistec.(*p256Table).Select
6c2f24c0,crypto/internal/nistec.(*P256Point).ScalarMult
6c2f3420,crypto/internal/nistec.(*P256Point).ScalarBaseMult
6c2f3790,crypto/internal/nistec.p256Sqrt
6c2f3830,crypto/internal/nistec.p256SqrtCandidate
6c2f3a80,crypto/internal/nistec.NewP384Point
6c2f3b90,crypto/internal/nistec.(*P384Point).SetGenerator
6c2f3d40,crypto/internal/nistec.(*P384Point).Set
6c2f3d90,crypto/internal/nistec.(*P384Point).SetBytes
6c2f43a0,crypto/internal/nistec.p384Polynomial
6c2f4490,crypto/internal/nistec.p384CheckOnCurve
6c2f4570,crypto/internal/nistec.(*P384Point).Bytes
6c2f45c0,crypto/internal/nistec.(*P384Point).bytes
6c2f4870,crypto/internal/nistec.(*P384Point).BytesX
6c2f48d0,crypto/internal/nistec.(*P384Point).bytesX
6c2f4ad0,crypto/internal/nistec.(*P384Point).Add
6c2f5150,crypto/internal/nistec.(*P384Point).Double
6c2f5630,crypto/internal/nistec.(*P384Point).Select
6c2f5720,crypto/internal/nistec.(*p384Table).Select
6c2f58d0,crypto/internal/nistec.(*P384Point).ScalarMult
6c2f6780,crypto/internal/nistec.(*P384Point).ScalarBaseMult
6c2f6ae0,crypto/internal/nistec.p384Sqrt
6c2f6b80,crypto/internal/nistec.p384SqrtCandidate
6c2f6fd0,crypto/internal/nistec.NewP521Point
6c2f7110,crypto/internal/nistec.(*P521Point).SetGenerator
6c2f7340,crypto/internal/nistec.(*P521Point).Set
6c2f7390,crypto/internal/nistec.(*P521Point).SetBytes
6c2f79e0,crypto/internal/nistec.p521Polynomial
6c2f7ad0,crypto/internal/nistec.p521CheckOnCurve
6c2f7bc0,crypto/internal/nistec.(*P521Point).Bytes
6c2f7c10,crypto/internal/nistec.(*P521Point).bytes
6c2f7ed0,crypto/internal/nistec.(*P521Point).BytesX
6c2f7f30,crypto/internal/nistec.(*P521Point).bytesX
6c2f8140,crypto/internal/nistec.(*P521Point).Add
6c2f8800,crypto/internal/nistec.(*P521Point).Double
6c2f8d10,crypto/internal/nistec.(*P521Point).Select
6c2f8e00,crypto/internal/nistec.(*p521Table).Select
6c2f8f90,crypto/internal/nistec.(*P521Point).ScalarMult
6c2f9b70,crypto/internal/nistec.(*P521Point).ScalarBaseMult
6c2f9e90,crypto/internal/nistec.p521Sqrt
6c2f9f50,crypto/internal/nistec.p521SqrtCandidate
6c2f9fb0,crypto/internal/nistec.p224SqrtCandidate.func1
6c2fa0c0,crypto/internal/nistec.p224Polynomial.p224B.func1
6c2fa190,crypto/internal/nistec.(*P224Point).Add.p224B.func1
6c2fa260,crypto/internal/nistec.(*P224Point).Add.p224B.func2
6c2fa330,crypto/internal/nistec.(*P224Point).Double.p224B.func1
6c2fa400,crypto/internal/nistec.(*P224Point).Double.p224B.func2
6c2fa4d0,crypto/internal/nistec.(*P224Point).ScalarBaseMult.(*P224Point).generatorTable.func1
6c2fa660,crypto/internal/nistec.p256Polynomial.p256B.func1
6c2fa730,crypto/internal/nistec.(*P256Point).Add.p256B.func1
6c2fa800,crypto/internal/nistec.(*P256Point).Add.p256B.func2
6c2fa8d0,crypto/internal/nistec.(*P256Point).Double.p256B.func1
6c2fa9a0,crypto/internal/nistec.(*P256Point).Double.p256B.func2
6c2faa70,crypto/internal/nistec.(*P256Point).ScalarBaseMult.(*P256Point).generatorTable.func1
6c2fac00,crypto/internal/nistec.p384Polynomial.p384B.func1
6c2facf0,crypto/internal/nistec.(*P384Point).Add.p384B.func1
6c2fade0,crypto/internal/nistec.(*P384Point).Add.p384B.func2
6c2faed0,crypto/internal/nistec.(*P384Point).Double.p384B.func1
6c2fafc0,crypto/internal/nistec.(*P384Point).Double.p384B.func2
6c2fb0b0,crypto/internal/nistec.(*P384Point).ScalarBaseMult.(*P384Point).generatorTable.func1
6c2fb240,crypto/internal/nistec.p521Polynomial.p521B.func1
6c2fb360,crypto/internal/nistec.(*P521Point).Add.p521B.func1
6c2fb480,crypto/internal/nistec.(*P521Point).Add.p521B.func2
6c2fb5a0,crypto/internal/nistec.(*P521Point).Double.p521B.func1
6c2fb6c0,crypto/internal/nistec.(*P521Point).Double.p521B.func2
6c2fb7e0,crypto/internal/nistec.(*P521Point).ScalarBaseMult.(*P521Point).generatorTable.func1
6c2fb970,crypto/internal/edwards25519/field.(*Element).reduce
6c2fbac0,crypto/internal/edwards25519/field.(*Element).Add
6c2fbb70,crypto/internal/edwards25519/field.(*Element).Subtract
6c2fbc50,crypto/internal/edwards25519/field.(*Element).Invert
6c2fc100,crypto/internal/edwards25519/field.(*Element).SetBytes
6c2fc3b0,crypto/internal/edwards25519/field.(*Element).bytes
6c2fc5b0,crypto/internal/edwards25519/field.(*Element).Equal
6c2fc670,crypto/internal/edwards25519/field.(*Element).Swap
6c2fc7a0,crypto/internal/edwards25519/field.(*Element).Absolute
6c2fc940,crypto/internal/edwards25519/field.(*Element).Mult32
6c2fcb40,crypto/internal/edwards25519/field.mul51
6c2fcbc0,crypto/internal/edwards25519/field.(*Element).Pow22523
6c2fcf60,crypto/internal/edwards25519/field.(*Element).SqrtRatio
6c2fd370,crypto/internal/edwards25519/field.addMul64
6c2fd420,crypto/internal/edwards25519/field.feMulGeneric
6c2fde40,crypto/internal/edwards25519/field.feSquareGeneric
6c2fe560,crypto/internal/edwards25519/field.(*Element).carryPropagateGeneric
6c2fe640,crypto/ecdh.(*PublicKey).Equal
6c2fe700,crypto/ecdh.(*PrivateKey).ECDH
6c2fe7f0,crypto/ecdh.(*PrivateKey).Public
6c2fe860,crypto/ecdh.(*PrivateKey).Public.(*PrivateKey).PublicKey.func1
6c2fe9f0,crypto/ecdh.isLess
6c2fec30,crypto/ecdh.(*x25519Curve).String
6c2fec60,crypto/ecdh.(*x25519Curve).GenerateKey
6c2fee40,crypto/ecdh.(*x25519Curve).privateKeyToPublicKey
6c2fefb0,crypto/ecdh.(*x25519Curve).NewPublicKey
6c2ff110,crypto/ecdh.(*x25519Curve).ecdh
6c2ff240,crypto/ecdh.x25519ScalarMult
6c2ff730,crypto/ecdh.(*nistCurve[go.shape.*uint8]).ecdh
6c2ff880,crypto/ecdh.(*nistCurve[go.shape.*uint8]).NewPublicKey
6c2ffa20,crypto/ecdh.(*nistCurve[go.shape.*uint8]).privateKeyToPublicKey
6c2ffba0,crypto/ecdh.(*nistCurve[go.shape.*uint8]).NewPrivateKey
6c2ffd70,crypto/ecdh.(*nistCurve[go.shape.*uint8]).GenerateKey
6c2fff30,crypto/ecdh.(*nistCurve[*crypto/internal/nistec.P521Point]).ecdh
6c2fffb0,crypto/ecdh.(*nistCurve[*crypto/internal/nistec.P521Point]).NewPublicKey
6c300030,crypto/ecdh.(*nistCurve[*crypto/internal/nistec.P521Point]).privateKeyToPublicKey
6c300090,crypto/ecdh.(*nistCurve[*crypto/internal/nistec.P521Point]).GenerateKey
6c300100,crypto/ecdh.(*nistCurve[*crypto/internal/nistec.P521Point]).String
6c300140,crypto/ecdh.(*nistCurve[*crypto/internal/nistec.P384Point]).ecdh
6c3001c0,crypto/ecdh.(*nistCurve[*crypto/internal/nistec.P384Point]).NewPublicKey
6c300240,crypto/ecdh.(*nistCurve[*crypto/internal/nistec.P384Point]).privateKeyToPublicKey
6c3002a0,crypto/ecdh.(*nistCurve[*crypto/internal/nistec.P384Point]).GenerateKey
6c300310,crypto/ecdh.(*nistCurve[*crypto/internal/nistec.P384Point]).String
6c300350,crypto/ecdh.(*nistCurve[*crypto/internal/nistec.P256Point]).ecdh
6c3003d0,crypto/ecdh.(*nistCurve[*crypto/internal/nistec.P256Point]).NewPublicKey
6c300450,crypto/ecdh.(*nistCurve[*crypto/internal/nistec.P256Point]).privateKeyToPublicKey
6c3004b0,crypto/ecdh.(*nistCurve[*crypto/internal/nistec.P256Point]).GenerateKey
6c300520,crypto/ecdh.(*nistCurve[*crypto/internal/nistec.P256Point]).String
6c300560,crypto/elliptic.Unmarshal
6c300880,crypto/elliptic.panicIfNotOnCurve
6c300940,crypto/elliptic.initAll
6c300970,crypto/elliptic.P224
6c3009c0,crypto/elliptic.P256
6c300a10,crypto/elliptic.P384
6c300a60,crypto/elliptic.P521
6c300ab0,crypto/elliptic.initP224
6c300d60,crypto/elliptic.initP256
6c301010,crypto/elliptic.initP384
6c3012c0,crypto/elliptic.initP521
6c301570,crypto/elliptic.(*CurveParams).Params
6c301590,crypto/elliptic.(*CurveParams).polynomial
6c3016e0,crypto/elliptic.(*CurveParams).IsOnCurve
6c301870,crypto/elliptic.zForAffine
6c301920,crypto/elliptic.(*CurveParams).affineFromJacobian
6c301ae0,crypto/elliptic.(*CurveParams).Add
6c301c50,crypto/elliptic.(*CurveParams).addJacobian
6c3030a0,crypto/elliptic.(*CurveParams).doubleJacobian
6c303860,crypto/elliptic.(*CurveParams).ScalarMult
6c303b20,crypto/elliptic.(*CurveParams).ScalarBaseMult
6c303be0,crypto/elliptic.matchesSpecificCurve
6c303cd0,type:.eq.crypto/elliptic.CurveParams
6c303d50,crypto/elliptic.(*nistCurve[go.shape.*uint8]).Unmarshal
6c303f70,crypto/elliptic.(*nistCurve[go.shape.*uint8]).ScalarBaseMult
6c304070,crypto/elliptic.(*nistCurve[go.shape.*uint8]).ScalarMult
6c3041a0,crypto/elliptic.(*nistCurve[go.shape.*uint8]).normalizeScalar
6c304310,crypto/elliptic.(*nistCurve[go.shape.*uint8]).Add
6c304420,crypto/elliptic.(*nistCurve[go.shape.*uint8]).pointToAffine
6c304640,crypto/elliptic.(*nistCurve[go.shape.*uint8]).pointFromAffine
6c304910,crypto/elliptic.(*nistCurve[go.shape.*uint8]).IsOnCurve
6c3049c0,crypto/elliptic.(*nistCurve[*crypto/internal/nistec.P521Point]).Unmarshal
6c304a30,crypto/elliptic.(*nistCurve[*crypto/internal/nistec.P521Point]).ScalarBaseMult
6c304aa0,crypto/elliptic.(*nistCurve[*crypto/internal/nistec.P521Point]).ScalarMult
6c304b20,crypto/elliptic.(*nistCurve[*crypto/internal/nistec.P521Point]).Add
6c304ba0,crypto/elliptic.(*nistCurve[*crypto/internal/nistec.P521Point]).IsOnCurve
6c304c00,crypto/elliptic.(*nistCurve[*crypto/internal/nistec.P521Point]).Params
6c304c40,crypto/elliptic.(*nistCurve[*crypto/internal/nistec.P384Point]).Unmarshal
6c304cb0,crypto/elliptic.(*nistCurve[*crypto/internal/nistec.P384Point]).ScalarBaseMult
6c304d20,crypto/elliptic.(*nistCurve[*crypto/internal/nistec.P384Point]).ScalarMult
6c304da0,crypto/elliptic.(*nistCurve[*crypto/internal/nistec.P384Point]).Add
6c304e20,crypto/elliptic.(*nistCurve[*crypto/internal/nistec.P384Point]).IsOnCurve
6c304e80,crypto/elliptic.(*nistCurve[*crypto/internal/nistec.P384Point]).Params
6c304ec0,crypto/elliptic.(*nistCurve[*crypto/internal/nistec.P256Point]).Unmarshal
6c304f30,crypto/elliptic.(*nistCurve[*crypto/internal/nistec.P256Point]).ScalarBaseMult
6c304fa0,crypto/elliptic.(*nistCurve[*crypto/internal/nistec.P256Point]).ScalarMult
6c305020,crypto/elliptic.(*nistCurve[*crypto/internal/nistec.P256Point]).Add
6c3050a0,crypto/elliptic.(*nistCurve[*crypto/internal/nistec.P256Point]).IsOnCurve
6c305100,crypto/elliptic.(*nistCurve[*crypto/internal/nistec.P256Point]).Params
6c305140,crypto/elliptic.(*nistCurve[*crypto/internal/nistec.P224Point]).Unmarshal
6c3051b0,crypto/elliptic.(*nistCurve[*crypto/internal/nistec.P224Point]).ScalarBaseMult
6c305220,crypto/elliptic.(*nistCurve[*crypto/internal/nistec.P224Point]).ScalarMult
6c3052a0,crypto/elliptic.(*nistCurve[*crypto/internal/nistec.P224Point]).Add
6c305320,crypto/elliptic.(*nistCurve[*crypto/internal/nistec.P224Point]).IsOnCurve
6c305380,crypto/elliptic.(*nistCurve[*crypto/internal/nistec.P224Point]).Params
6c3053c0,crypto/elliptic.(*p256Curve).Add
6c305440,crypto/elliptic.(*p256Curve).IsOnCurve
6c3054b0,crypto/elliptic.(*p256Curve).Params
6c3054f0,crypto/elliptic.(*p256Curve).ScalarBaseMult
6c305570,crypto/elliptic.(*p256Curve).ScalarMult
6c305600,crypto/elliptic.(*p256Curve).Unmarshal
6c305680,crypto/internal/bigmod.ctEq
6c3056e0,crypto/internal/bigmod.(*Nat).SetBytes
6c3057d0,crypto/internal/bigmod.(*Nat).SetOverflowingBytes
6c3058f0,crypto/internal/bigmod.(*Nat).setBytes
6c305aa0,crypto/internal/bigmod.(*Nat).Equal
6c305b40,crypto/internal/bigmod.(*Nat).IsZero
6c305bc0,crypto/internal/bigmod.(*Nat).cmpGeq
6c305c50,crypto/internal/bigmod.(*Nat).sub
6c305ce0,crypto/internal/bigmod.rr
6c305ec0,crypto/internal/bigmod.NewModulusFromBig
6c306180,crypto/internal/bigmod.(*Modulus).Size
6c3061c0,crypto/internal/bigmod.(*Nat).shiftIn
6c306480,crypto/internal/bigmod.(*Nat).maybeSubtractModulus
6c306610,crypto/internal/bigmod.(*Nat).montgomeryReduction
6c3067b0,crypto/internal/bigmod.(*Nat).montgomeryMul
6c3070b0,crypto/internal/bigmod.addMulVVW
6c307150,crypto/internal/bigmod.(*Nat).Mul
6c3072d0,crypto/internal/bigmod.(*Nat).Exp
6c307e40,crypto/internal/bigmod.(*Nat).ExpShort
6c3082e0,crypto/internal/bigmod.init
6c308320,crypto/internal/bigmod.addMulVVW1024
6c308350,crypto/internal/bigmod.addMulVVW1536
6c308380,crypto/internal/bigmod.addMulVVW2048
6c3083b0,addMulVVWx
6c3083f0,crypto/sha512.init.0
6c308510,crypto/sha512.(*digest).Reset
6c308730,crypto/sha512.(*digest).MarshalBinary
6c308f60,crypto/sha512.(*digest).UnmarshalBinary
6c3095a0,crypto/sha512.New
6c309600,crypto/sha512.New512_224
6c309660,crypto/sha512.New512_256
6c3096c0,crypto/sha512.New384
6c309720,crypto/sha512.(*digest).Size
6c309780,crypto/sha512.(*digest).BlockSize
6c3097a0,crypto/sha512.(*digest).Write
6c3099c0,crypto/sha512.(*digest).Sum
6c309d30,crypto/sha512.(*digest).checkSum
6c30a140,crypto/sha512.blockGeneric
6c30abd0,encoding/asn1.StructuralError.Error
6c30ac30,encoding/asn1.SyntaxError.Error
6c30ac90,encoding/asn1.parseInt64
6c30aee0,encoding/asn1.parseInt32
6c30b090,encoding/asn1.parseBigInt
6c30b310,encoding/asn1.BitString.RightAlign
6c30b430,encoding/asn1.ObjectIdentifier.String
6c30b6b0,encoding/asn1.parseObjectIdentifier
6c30b920,encoding/asn1.parseBase128Int
6c30bb20,encoding/asn1.parseUTCTime
6c30be00,encoding/asn1.parseGeneralizedTime
6c30bff0,encoding/asn1.parsePrintableString
6c30c100,encoding/asn1.parseBMPString
6c30c330,encoding/asn1.parseTagAndLength
6c30c960,encoding/asn1.parseSequenceOf
6c30cdb0,encoding/asn1.parseField
6c30f710,encoding/asn1.setDefaultValue
6c30f790,encoding/asn1.(*invalidUnmarshalError).Error
6c30f8a0,encoding/asn1.UnmarshalWithParams
6c30fb20,encoding/asn1.parseFieldParameters
6c30ffe0,encoding/asn1.getUniversalType
6c310360,encoding/asn1.byteEncoder.Len
6c310380,encoding/asn1.byteEncoder.Encode
6c3103c0,encoding/asn1.bytesEncoder.Len
6c3103e0,encoding/asn1.bytesEncoder.Encode
6c310460,encoding/asn1.stringEncoder.Len
6c310480,encoding/asn1.stringEncoder.Encode
6c310500,encoding/asn1.multiEncoder.Len
6c310570,encoding/asn1.multiEncoder.Encode
6c310650,encoding/asn1.setEncoder.Len
6c3106c0,encoding/asn1.setEncoder.Encode
6c3108d0,encoding/asn1.setEncoder.Encode.func1
6c310960,encoding/asn1.(*taggedEncoder).Len
6c3109c0,encoding/asn1.(*taggedEncoder).Encode
6c310a70,encoding/asn1.int64Encoder.Len
6c310b00,encoding/asn1.int64Encoder.Encode
6c310c50,encoding/asn1.makeBigInt
6c3110f0,encoding/asn1.appendTagAndLength
6c311490,encoding/asn1.bitStringEncoder.Len
6c3114c0,encoding/asn1.bitStringEncoder.Encode
6c311590,encoding/asn1.oidEncoder.Len
6c3116d0,encoding/asn1.oidEncoder.Encode
6c311a40,encoding/asn1.makePrintableString
6c311b50,encoding/asn1.outsideUTCRange
6c311bb0,encoding/asn1.makeUTCTime
6c311c90,encoding/asn1.makeGeneralizedTime
6c311d70,encoding/asn1.appendUTCTime
6c311fc0,encoding/asn1.appendGeneralizedTime
6c312150,encoding/asn1.appendTimeCommon
6c3127d0,encoding/asn1.makeBody
6c313bf0,encoding/asn1.makeField
6c314c90,encoding/asn1.MarshalWithParams
6c314e30,encoding/asn1.init
6c3151d0,type:.eq.encoding/asn1.taggedEncoder
6c315270,encoding/asn1.(*StructuralError).Error
6c3152f0,encoding/asn1.(*SyntaxError).Error
6c315370,encoding/asn1.(*ObjectIdentifier).String
6c3153e0,encoding/asn1.(*byteEncoder).Encode
6c315440,encoding/asn1.(*byteEncoder).Len
6c315490,encoding/asn1.(*bytesEncoder).Encode
6c315530,encoding/asn1.(*bytesEncoder).Len
6c315570,encoding/asn1.(*stringEncoder).Encode
6c315610,encoding/asn1.(*stringEncoder).Len
6c315650,encoding/asn1.(*multiEncoder).Encode
6c3156c0,encoding/asn1.(*multiEncoder).Len
6c315750,encoding/asn1.(*setEncoder).Encode
6c3157c0,encoding/asn1.(*setEncoder).Len
6c315850,encoding/asn1.(*int64Encoder).Encode
6c3159d0,encoding/asn1.(*int64Encoder).Len
6c315a90,encoding/asn1.(*bitStringEncoder).Encode
6c315b90,encoding/asn1.(*bitStringEncoder).Len
6c315be0,encoding/asn1.(*oidEncoder).Encode
6c315c50,encoding/asn1.(*oidEncoder).Len
6c315cb0,type:.eq.encoding/asn1.fieldParameters
6c315d00,type:.eq.encoding/asn1.tagAndLength
6c315d50,type:.eq.[2]encoding/asn1.encoder
6c315de0,vendor/golang.org/x/crypto/cryptobyte.(*String).ReadASN1Boolean
6c315e80,vendor/golang.org/x/crypto/cryptobyte.(*String).ReadASN1Integer
6c3164f0,vendor/golang.org/x/crypto/cryptobyte.(*String).readASN1BigInt
6c316700,vendor/golang.org/x/crypto/cryptobyte.(*String).readASN1Bytes
6c316800,vendor/golang.org/x/crypto/cryptobyte.(*String).readASN1Int64
6c3169c0,vendor/golang.org/x/crypto/cryptobyte.(*String).readASN1Uint64
6c316ac0,vendor/golang.org/x/crypto/cryptobyte.(*String).readBase128Int
6c316b80,vendor/golang.org/x/crypto/cryptobyte.(*String).ReadASN1ObjectIdentifier
6c316d90,vendor/golang.org/x/crypto/cryptobyte.(*String).ReadASN1GeneralizedTime
6c316f50,vendor/golang.org/x/crypto/cryptobyte.(*String).ReadASN1UTCTime
6c3171e0,vendor/golang.org/x/crypto/cryptobyte.(*String).ReadASN1BitString
6c317300,vendor/golang.org/x/crypto/cryptobyte.(*String).ReadASN1
6c317370,vendor/golang.org/x/crypto/cryptobyte.(*String).ReadASN1Element
6c3173e0,vendor/golang.org/x/crypto/cryptobyte.(*String).ReadOptionalASN1
6c317460,vendor/golang.org/x/crypto/cryptobyte.(*String).SkipOptionalASN1
6c3174e0,vendor/golang.org/x/crypto/cryptobyte.(*String).ReadOptionalASN1Integer
6c317950,vendor/golang.org/x/crypto/cryptobyte.(*String).readASN1
6c317be0,vendor/golang.org/x/crypto/cryptobyte.(*Builder).AddUint8
6c317d70,vendor/golang.org/x/crypto/cryptobyte.(*Builder).AddUint16
6c317f00,vendor/golang.org/x/crypto/cryptobyte.(*Builder).AddUint32
6c318090,vendor/golang.org/x/crypto/cryptobyte.(*Builder).AddBytes
6c318240,vendor/golang.org/x/crypto/cryptobyte.(*Builder).AddUint16LengthPrefixed
6c318280,vendor/golang.org/x/crypto/cryptobyte.(*Builder).AddUint24LengthPrefixed
6c3182c0,vendor/golang.org/x/crypto/cryptobyte.(*Builder).callContinuation
6c318370,vendor/golang.org/x/crypto/cryptobyte.(*Builder).callContinuation.func1
6c318400,vendor/golang.org/x/crypto/cryptobyte.(*Builder).addLengthPrefixed
6c3186f0,vendor/golang.org/x/crypto/cryptobyte.(*Builder).flushChild
6c318c90,vendor/golang.org/x/crypto/cryptobyte.(*String).readLengthPrefixed
6c318da0,vendor/golang.org/x/crypto/cryptobyte.init
6c318e70,crypto/ecdsa.(*PublicKey).Equal
6c318f30,crypto/ecdsa.bigIntEqual
6c318fc0,crypto/ecdsa.VerifyASN1
6c319330,crypto/ecdsa.parseSignature
6c3194c0,crypto/ecdsa.hashToInt
6c319600,crypto/ecdsa.verifyLegacy
6c319a70,crypto/ecdsa.init
6c319ae0,crypto/ecdsa.VerifyASN1.p224.func1.1
6c319b10,crypto/ecdsa.VerifyASN1.p224.func1
6c319ba0,crypto/ecdsa.VerifyASN1.p256.func2.1
6c319bd0,crypto/ecdsa.VerifyASN1.p256.func2
6c319c60,crypto/ecdsa.VerifyASN1.p384.func3.1
6c319c90,crypto/ecdsa.VerifyASN1.p384.func3
6c319d20,crypto/ecdsa.VerifyASN1.p521.func4.1
6c319d50,crypto/ecdsa.VerifyASN1.p521.func4
6c319de0,crypto/ecdsa.(*nistCurve[go.shape.*uint8]).pointFromAffine
6c31a050,crypto/ecdsa.precomputeParams[go.shape.*uint8]
6c31a200,crypto/ecdsa.verifyNISTEC[go.shape.*uint8]
6c31a9c0,crypto/ecdsa.inverse[go.shape.*uint8]
6c31ab20,crypto/ecdsa.hashToNat[go.shape.*uint8]
6c31ad10,crypto/ecdsa.PublicKey.Add
6c31ad90,crypto/ecdsa.(*PublicKey).Add
6c31ae10,crypto/ecdsa.PublicKey.IsOnCurve
6c31ae70,crypto/ecdsa.(*PublicKey).IsOnCurve
6c31aed0,crypto/ecdsa.PublicKey.Params
6c31af20,crypto/ecdsa.(*PublicKey).Params
6c31af70,crypto/ecdsa.PublicKey.ScalarBaseMult
6c31afe0,crypto/ecdsa.(*PublicKey).ScalarBaseMult
6c31b050,crypto/ecdsa.PublicKey.ScalarMult
6c31b0d0,crypto/ecdsa.(*PublicKey).ScalarMult
6c31b150,type:.eq.crypto/ecdsa.PublicKey
6c31b1c0,type:.eq.crypto/ecdsa.PrivateKey
6c31b240,crypto/internal/edwards25519.NewGeneratorPoint
6c31b290,crypto/internal/edwards25519.(*Point).bytes
6c31b500,crypto/internal/edwards25519.(*Point).SetBytes
6c31b910,crypto/internal/edwards25519.(*projP2).FromP1xP1
6c31b9c0,crypto/internal/edwards25519.(*Point).fromP1xP1
6c31ba90,crypto/internal/edwards25519.(*Point).fromP2
6c31bb50,crypto/internal/edwards25519.(*projCached).FromP3
6c31bc00,crypto/internal/edwards25519.(*affineCached).FromP3
6c31bd10,crypto/internal/edwards25519.(*Point).Add
6c31bec0,crypto/internal/edwards25519.(*projP1xP1).Add
6c31c120,crypto/internal/edwards25519.(*projP1xP1).Sub
6c31c380,crypto/internal/edwards25519.(*projP1xP1).AddAffine
6c31c5c0,crypto/internal/edwards25519.(*projP1xP1).SubAffine
6c31c800,crypto/internal/edwards25519.(*projP1xP1).Double
6c31c9d0,crypto/internal/edwards25519.(*Point).Negate
6c31cb60,crypto/internal/edwards25519.(*Scalar).SetUniformBytes
6c31ccf0,crypto/internal/edwards25519.(*Scalar).setShortBytes
6c31cd90,crypto/internal/edwards25519.(*Scalar).SetCanonicalBytes
6c31ceb0,crypto/internal/edwards25519.(*Scalar).bytes
6c31cf20,crypto/internal/edwards25519.(*Scalar).nonAdjacentForm
6c31d3c0,crypto/internal/edwards25519.fiatScalarMul
6c31f740,crypto/internal/edwards25519.fiatScalarAdd
6c31fb80,crypto/internal/edwards25519.fiatScalarFromMontgomery
6c320af0,crypto/internal/edwards25519.fiatScalarToMontgomery
6c322b90,crypto/internal/edwards25519.fiatScalarToBytes
6c322d30,crypto/internal/edwards25519.fiatScalarFromBytes
6c3230e0,crypto/internal/edwards25519.(*Point).VarTimeDoubleScalarBaseMult
6c323640,crypto/internal/edwards25519.(*nafLookupTable5).FromP3
6c323750,crypto/internal/edwards25519.(*nafLookupTable8).FromP3
6c323860,crypto/internal/edwards25519.init
6c323ae0,crypto/internal/edwards25519.(*Point).VarTimeDoubleScalarBaseMult.basepointNafTable.func1
6c323b20,crypto/ed25519.PublicKey.Equal
6c323ba0,crypto/ed25519.verify
6c324040,crypto/ed25519.(*PublicKey).Equal
6c3240f0,crypto/rsa.EncryptPKCS1v15
6c324380,crypto/rsa.nonZeroRandomBytes
6c3244d0,crypto/rsa.VerifyPKCS1v15
6c324920,crypto/rsa.emsaPSSVerify
6c324d70,crypto/rsa.VerifyPSS
6c324f80,crypto/rsa.(*PublicKey).Size
6c324fe0,crypto/rsa.(*PublicKey).Equal
6c325050,crypto/rsa.bigIntEqual
6c3250e0,crypto/rsa.mgf1XOR
6c325290,crypto/rsa.encrypt
6c3255b0,crypto/rsa.init
6c325680,crypto/rsa.map.init.0
6c325ae0,encoding/hex.InvalidByteError.Error
6c325b80,encoding/hex.Decode
6c325d00,encoding/hex.(*InvalidByteError).Error
6c325dc0,crypto/x509/pkix.RDNSequence.String
6c3263c0,crypto/x509/pkix.(*Name).FillFromRDNSequence
6c326ab0,crypto/x509/pkix.Name.appendRDNs
6c326d20,crypto/x509/pkix.Name.ToRDNSequence
6c327630,crypto/x509/pkix.Name.String
6c327960,crypto/x509/pkix.init
6c327980,crypto/x509/pkix.map.init.0
6c327cb0,crypto/x509/pkix.(*Name).String
6c327d40,net/url.(*Error).Unwrap
6c327d70,net/url.(*Error).Error
6c327e50,net/url.(*Error).Timeout
6c327eb0,net/url.(*Error).Temporary
6c327f10,net/url.EscapeError.Error
6c327ff0,net/url.InvalidHostError.Error
6c3280e0,net/url.shouldEscape
6c328260,net/url.unescape
6c328a80,net/url.escape
6c328db0,net/url.(*Userinfo).String
6c328ea0,net/url.getScheme
6c329030,net/url.Parse
6c329250,net/url.ParseRequestURI
6c329350,net/url.parse
6c3299d0,net/url.parseAuthority
6c329e50,net/url.parseHost
6c32a480,net/url.(*URL).setPath
6c32a5b0,net/url.(*URL).EscapedPath
6c32a6d0,net/url.validEncoded
6c32a790,net/url.(*URL).setFragment
6c32a8c0,net/url.(*URL).EscapedFragment
6c32a9c0,net/url.(*URL).String
6c32b4d0,net/url.resolvePath
6c32bbd0,net/url.(*URL).Parse
6c32bc60,net/url.(*URL).ResolveReference
6c32bf20,net/url.(*URL).RequestURI
6c32c060,net/url.splitHostPort
6c32c2a0,net/url.(*URL).MarshalBinary
6c32c300,net/url.(*URL).UnmarshalBinary
6c32c3c0,type:.eq.net/url.Error
6c32c480,net/url.(*EscapeError).Error
6c32c4e0,net/url.(*InvalidHostError).Error
6c32c540,type:.eq.net/url.Userinfo
6c32c5d0,type:.eq.net/url.URL
6c32c7e0,crypto/md5.init.0
6c32c840,crypto/md5.(*digest).Reset
6c32c890,crypto/md5.(*digest).MarshalBinary
6c32cb60,crypto/md5.(*digest).UnmarshalBinary
6c32cd40,crypto/md5.New
6c32cdb0,crypto/md5.(*digest).Size
6c32cdd0,crypto/md5.(*digest).BlockSize
6c32cdf0,crypto/md5.(*digest).Write
6c32cfc0,crypto/md5.(*digest).Sum
6c32d0d0,crypto/md5.(*digest).checkSum
6c32d2b0,crypto/md5.Sum
6c32d3b0,crypto/md5.block
6c32db00,crypto/x509.(*CertPool).len
6c32db30,crypto/x509.(*CertPool).findPotentialParents
6c32e090,crypto/x509.(*CertPool).AddCert
6c32e390,crypto/x509.(*CertPool).AddCert.func1
6c32e3c0,crypto/x509.parseASN1String
6c32eb40,crypto/x509.parseName
6c32f0a0,crypto/x509.parseAI
6c32f250,crypto/x509.parseTime
6c32f3c0,crypto/x509.parseValidity
6c32f520,crypto/x509.parseExtension
6c32f6e0,crypto/x509.parsePublicKey
6c3303c0,crypto/x509.parseKeyUsageExtension
6c3304f0,crypto/x509.parseBasicConstraintsExtension
6c330690,crypto/x509.forEachSAN
6c3307f0,crypto/x509.parseExtKeyUsageExtension
6c330b50,crypto/x509.parseCertificatePoliciesExtension
6c330dc0,crypto/x509.parseNameConstraintsExtension
6c331370,crypto/x509.parseNameConstraintsExtension.func1
6c3329e0,crypto/x509.processExtensions
6c333d70,crypto/x509.processExtensions.parseSANExtension.func1
6c3343b0,crypto/x509.parseCertificate
6c335960,crypto/x509.ParseCertificate
6c335a20,crypto/x509.systemRootsPool
6c335ae0,crypto/x509.systemRootsPool.func1
6c335b20,crypto/x509.initSystemRoots
6c335c10,crypto/x509.initSystemRoots.func1
6c335c50,crypto/x509.createStoreContext
6c336000,crypto/x509.createStoreContext.func2
6c336050,crypto/x509.createStoreContext.func1
6c336090,crypto/x509.extractSimpleChain
6c3363b0,crypto/x509.checkChainSSLServerPolicy
6c336750,crypto/x509.init.0
6c336890,crypto/x509.verifyChain
6c336ca0,crypto/x509.(*Certificate).systemVerify
6c3374d0,crypto/x509.(*Certificate).systemVerify.func2
6c337510,crypto/x509.(*Certificate).systemVerify.func1
6c337550,crypto/x509.CertificateInvalidError.Error
6c337740,crypto/x509.HostnameError.Error
6c337af0,crypto/x509.UnknownAuthorityError.Error
6c337cc0,crypto/x509.SystemRootsError.Error
6c337d60,crypto/x509.SystemRootsError.Unwrap
6c337d90,crypto/x509.parseRFC2821Mailbox
6c3383d0,crypto/x509.domainToReverseLabels
6c338680,crypto/x509.matchEmailConstraint
6c338840,crypto/x509.matchURIConstraint
6c338b60,crypto/x509.matchDomainConstraint
6c338de0,crypto/x509.(*Certificate).checkNameConstraints
6c339500,crypto/x509.(*Certificate).isValid
6c33a130,crypto/x509.(*Certificate).isValid.func1
6c33a970,crypto/x509.(*Certificate).Verify
6c33b2a0,crypto/x509.alreadyInChain
6c33b500,crypto/x509.(*Certificate).buildChains
6c33b740,crypto/x509.(*Certificate).buildChains.func1
6c33bc20,crypto/x509.validHostname
6c33bde0,crypto/x509.matchExactly
6c33c040,crypto/x509.matchHostnames
6c33c3d0,crypto/x509.(*Certificate).VerifyHostname
6c33c840,crypto/x509.checkChainForKeyUsage
6c33c9f0,crypto/x509.SignatureAlgorithm.String
6c33ca90,crypto/x509.PublicKeyAlgorithm.String
6c33cb00,crypto/x509.getSignatureAlgorithmFromAI
6c33ced0,crypto/x509.getPublicKeyAlgorithmFromOID
6c33cfc0,crypto/x509.namedCurveFromOID
6c33d160,crypto/x509.InsecureAlgorithmError.Error
6c33d240,crypto/x509.ConstraintViolationError.Error
6c33d270,crypto/x509.(*Certificate).CheckSignatureFrom
6c33d390,crypto/x509.signaturePublicKeyAlgoMismatchError
6c33d480,crypto/x509.checkSignature
6c33da50,crypto/x509.UnhandledCriticalExtension.Error
6c33da80,crypto/x509.isIA5String
6c33db70,crypto/x509.(*Certificate).isValid.func1.1
6c33dc30,crypto/x509.(*Certificate).isValid.func1.2
6c33dce0,crypto/x509.(*Certificate).isValid.func1.3
6c33dd90,crypto/x509.(*Certificate).isValid.func1.4
6c33de70,crypto/x509.init
6c33dee0,type:.eq.crypto/x509.CertificateInvalidError
6c33df40,type:.eq.crypto/x509.HostnameError
6c33dfa0,type:.eq.crypto/x509.UnknownAuthorityError
6c33e010,crypto/x509.(*SignatureAlgorithm).String
6c33e070,crypto/x509.(*PublicKeyAlgorithm).String
6c33e100,crypto/x509.(*CertificateInvalidError).Error
6c33e2c0,crypto/x509.(*HostnameError).Error
6c33e330,crypto/x509.(*UnknownAuthorityError).Error
6c33e3a0,crypto/x509.(*SystemRootsError).Error
6c33e460,crypto/x509.(*SystemRootsError).Unwrap
6c33e4b0,crypto/x509.(*InsecureAlgorithmError).Error
6c33e510,crypto/x509.(*ConstraintViolationError).Error
6c33e560,crypto/x509.(*UnhandledCriticalExtension).Error
6c33e5b0,type:.eq.crypto/x509.rfc2821Mailbox
6c33e640,crypto/hmac.(*hmac).Sum
6c33e800,crypto/hmac.(*hmac).Write
6c33e860,crypto/hmac.(*hmac).Size
6c33e8a0,crypto/hmac.(*hmac).BlockSize
6c33e8e0,crypto/hmac.(*hmac).Reset
6c33eb40,crypto/hmac.New
6c33ee10,crypto/hmac.New.func1
6c33ee90,crypto/hmac.New.func1.1
6c33eec0,golang.org/x/crypto/pbkdf2.Key
6c33f260,flag.(*boolValue).Set
6c33f410,flag.(*boolValue).Get
6c33f450,flag.(*boolValue).String
6c33f4a0,flag.(*boolValue).IsBoolFlag
6c33f4c0,flag.(*intValue).Set
6c33f600,flag.(*intValue).Get
6c33f640,flag.(*intValue).String
6c33f690,flag.sortFlags
6c33f800,flag.sortFlags.func1
6c33f880,flag.(*FlagSet).VisitAll
6c33f8f0,flag.isZeroValue
6c33fab0,flag.isZeroValue.func1
6c33fc20,flag.UnquoteUsage
6c33fe90,flag.(*FlagSet).PrintDefaults
6c340010,flag.(*FlagSet).PrintDefaults.func1
6c340820,flag.(*FlagSet).defaultUsage
6c340950,flag.glob..func1
6c340a40,flag.(*FlagSet).Bool
6c340ac0,flag.(*FlagSet).Int
6c340b40,flag.(*FlagSet).Var
6c3410d0,flag.(*FlagSet).sprintf
6c3411c0,flag.(*FlagSet).failf
6c341280,flag.(*FlagSet).usage
6c3412c0,flag.(*FlagSet).parseOne
6c341b60,flag.(*FlagSet).Parse
6c341c80,flag.init.0
6c341cc0,flag.commandLineUsage
6c341cf0,flag.init
6c341de0,flag.(*FlagSet).defaultUsage-fm
6c341e20,type:.eq.flag.Flag
6c341f20,github.com/klauspost/cpuid.glob..func1
6c341f40,github.com/klauspost/cpuid.init.0
6c341fe0,github.com/klauspost/cpuid.Detect
6c342320,github.com/klauspost/cpuid.CPUInfo.Supports
6c342410,github.com/klauspost/cpuid.hertz
6c342740,github.com/klauspost/cpuid.ParseFeature
6c3427f0,github.com/klauspost/cpuid.flagSet.Strings
6c342980,github.com/klauspost/cpuid.brandName
6c342b40,github.com/klauspost/cpuid.threadsPerCore
6c342cb0,github.com/klauspost/cpuid.logicalCores
6c342da0,github.com/klauspost/cpuid.familyModel
6c342e40,github.com/klauspost/cpuid.physicalCores
6c342f30,github.com/klauspost/cpuid.vendorID
6c343040,github.com/klauspost/cpuid.cacheLine
6c3430f0,github.com/klauspost/cpuid.(*CPUInfo).cacheSize
6c343400,github.com/klauspost/cpuid.hasSGX
6c343680,github.com/klauspost/cpuid.support
6c347c80,github.com/klauspost/cpuid.valAsString
6c347e50,github.com/klauspost/cpuid.addInfo
6c348070,github.com/klauspost/cpuid.FeatureID.String
6c348150,github.com/klauspost/cpuid.init
6c348170,github.com/klauspost/cpuid.map.init.0
6c348570,github.com/klauspost/cpuid.asmCpuid
6c348590,github.com/klauspost/cpuid.asmCpuidex
6c3485b0,github.com/klauspost/cpuid.asmXgetbv
6c3485c0,github.com/klauspost/cpuid.asmRdtscpAsm
6c3485e0,github.com/klauspost/cpuid.asmDarwinHasAVX512
6c3485f0,github.com/klauspost/reedsolomon.init.0
6c348610,github.com/klauspost/reedsolomon.newInversionTree
6c3487b0,github.com/klauspost/reedsolomon.(*inversionTree).GetInvertedMatrix
6c3488e0,github.com/klauspost/reedsolomon.(*inversionTree).GetInvertedMatrix.func1
6c348920,github.com/klauspost/reedsolomon.(*inversionTree).InsertInvertedMatrix
6c348a90,github.com/klauspost/reedsolomon.(*inversionTree).InsertInvertedMatrix.func1
6c348ad0,github.com/klauspost/reedsolomon.(*inversionNode).getInvertedMatrix
6c348bb0,github.com/klauspost/reedsolomon.(*inversionNode).insertInvertedMatrix
6c348d50,github.com/klauspost/reedsolomon.matrix.String
6c349050,github.com/klauspost/reedsolomon.matrix.Multiply
6c3493c0,github.com/klauspost/reedsolomon.matrix.Augment
6c349650,github.com/klauspost/reedsolomon.matrix.SubMatrix
6c349860,github.com/klauspost/reedsolomon.matrix.Invert
6c349a80,github.com/klauspost/reedsolomon.matrix.gaussianElimination
6c349ea0,github.com/klauspost/reedsolomon.vandermonde
6c34a080,github.com/klauspost/reedsolomon.init.1
6c34a0c0,github.com/klauspost/reedsolomon.buildMatrix
6c34a250,github.com/klauspost/reedsolomon.buildMatrixPAR1
6c34a470,github.com/klauspost/reedsolomon.buildMatrixCauchy
6c34a640,github.com/klauspost/reedsolomon.buildXorMatrix
6c34a830,github.com/klauspost/reedsolomon.New
6c34ae30,github.com/klauspost/reedsolomon.(*reedSolomon).Encode
6c34afa0,github.com/klauspost/reedsolomon.(*reedSolomon).codeSomeShards
6c34b4b0,github.com/klauspost/reedsolomon.(*reedSolomon).codeSomeShardsP
6c34b700,github.com/klauspost/reedsolomon.(*reedSolomon).codeSomeShardsP.func3
6c34b750,github.com/klauspost/reedsolomon.(*reedSolomon).codeSomeShardsP.func1
6c34bb80,github.com/klauspost/reedsolomon.(*reedSolomon).ReconstructData
6c34bbe0,github.com/klauspost/reedsolomon.(*reedSolomon).reconstruct
6c34c7e0,github.com/klauspost/reedsolomon.init
6c34c990,type:.eq.github.com/klauspost/reedsolomon.options
6c34c9e0,github.com/klauspost/reedsolomon.(*matrix).String
6c34ca50,crypto/rc4.KeySizeError.Error
6c34cac0,crypto/rc4.NewCipher
6c34cba0,crypto/rc4.(*Cipher).Reset
6c34cbf0,crypto/rc4.(*Cipher).XORKeyStream
6c34cd10,crypto/rc4.(*KeySizeError).Error
6c34cda0,type:.eq.crypto/rc4.Cipher
6c34cdf0,vendor/golang.org/x/crypto/chacha20.newUnauthenticatedCipher
6c34d0a0,vendor/golang.org/x/crypto/chacha20.quarterRound
6c34d100,vendor/golang.org/x/crypto/chacha20.(*Cipher).XORKeyStream
6c34d580,vendor/golang.org/x/crypto/chacha20.(*Cipher).xorKeyStreamBlocksGeneric
6c34de00,vendor/golang.org/x/crypto/chacha20.hChaCha20
6c34e2e0,vendor/golang.org/x/crypto/internal/poly1305.(*MAC).Verify
6c34e390,vendor/golang.org/x/crypto/internal/poly1305.(*macGeneric).Write
6c34e5a0,vendor/golang.org/x/crypto/internal/poly1305.(*macGeneric).Sum
6c34e630,vendor/golang.org/x/crypto/internal/poly1305.mul64
6c34e6a0,vendor/golang.org/x/crypto/internal/poly1305.add128
6c34e760,vendor/golang.org/x/crypto/internal/poly1305.updateGeneric
6c34f1f0,vendor/golang.org/x/crypto/internal/poly1305.finalize
6c34f3c0,vendor/golang.org/x/crypto/chacha20poly1305.(*chacha20poly1305).Overhead
6c34f3e0,vendor/golang.org/x/crypto/chacha20poly1305.(*chacha20poly1305).Seal
6c34f4f0,vendor/golang.org/x/crypto/chacha20poly1305.(*chacha20poly1305).Open
6c34f660,vendor/golang.org/x/crypto/chacha20poly1305.writeWithPadding
6c34f750,vendor/golang.org/x/crypto/chacha20poly1305.writeUint64
6c34f810,vendor/golang.org/x/crypto/chacha20poly1305.(*chacha20poly1305).sealGeneric
6c34fde0,vendor/golang.org/x/crypto/chacha20poly1305.(*chacha20poly1305).openGeneric
6c3503c0,container/list.(*List).Len
6c3503f0,type:.eq.container/list.List
6c350450,type:.eq.container/list.Element
6c3504c0,vendor/golang.org/x/crypto/hkdf.Extract
6c3505c0,vendor/golang.org/x/crypto/hkdf.(*hkdf).Read
6c3508a0,vendor/golang.org/x/crypto/hkdf.Expand
6c3509c0,crypto/tls.AlertError.Error
6c350a00,crypto/tls.alert.String
6c350af0,crypto/tls.alert.Error
6c350b30,crypto/tls.verifyHandshakeSignature
6c350fe0,crypto/tls.signedMessage
6c351220,crypto/tls.typeAndHashFromSignatureScheme
6c351460,crypto/tls.legacyTypeAndHashFromPublicKey
6c3515e0,crypto/tls.signatureSchemesForCertificate
6c351ac0,crypto/tls.selectSignatureScheme
6c351be0,crypto/tls.unsupportedCertificateError
6c3520e0,crypto/tls.(*certCache).active
6c3521d0,crypto/tls.(*certCache).active.func1
6c352290,crypto/tls.(*certCache).newCert
6c3524d0,crypto/tls.cipherRC4
6c352520,crypto/tls.cipher3DES
6c3525f0,crypto/tls.cipherAES
6c3526c0,crypto/tls.macSHA1
6c352740,crypto/tls.macSHA1.newConstantTimeHash.func1
6c3527f0,crypto/tls.macSHA256
6c352850,crypto/tls.(*prefixNonceAEAD).Overhead
6c352890,crypto/tls.(*prefixNonceAEAD).explicitNonceLen
6c3528b0,crypto/tls.(*prefixNonceAEAD).Seal
6c352990,crypto/tls.(*prefixNonceAEAD).Open
6c352a90,crypto/tls.(*xorNonceAEAD).Overhead
6c352ad0,crypto/tls.(*xorNonceAEAD).explicitNonceLen
6c352af0,crypto/tls.(*xorNonceAEAD).Seal
6c352c30,crypto/tls.(*xorNonceAEAD).Open
6c352dc0,crypto/tls.aeadAESGCM
6c352f30,crypto/tls.aeadAESGCMTLS13
6c353090,crypto/tls.aeadChaCha20Poly1305
6c3531e0,crypto/tls.(*cthWrapper).Size
6c353220,crypto/tls.(*cthWrapper).BlockSize
6c353260,crypto/tls.(*cthWrapper).Reset
6c353290,crypto/tls.(*cthWrapper).Write
6c3532f0,crypto/tls.(*cthWrapper).Sum
6c353350,crypto/tls.tls10MAC
6c353490,crypto/tls.rsaKA
6c3534c0,crypto/tls.ecdheECDSAKA
6c353510,crypto/tls.ecdheRSAKA
6c353560,crypto/tls.(*Config).Clone
6c353960,crypto/tls.(*Config).Clone.func1
6c3539a0,crypto/tls.(*Config).supportedVersions
6c353b30,crypto/tls.(*Config).mutualVersion
6c353bb0,crypto/tls.(*CertificateRequestInfo).SupportsCertificate
6c353e20,crypto/tls.(*Config).writeKeyLog
6c353fd0,crypto/tls.(*CertificateVerificationError).Error
6c354060,crypto/tls.(*CertificateVerificationError).Unwrap
6c354090,crypto/tls.SignatureScheme.String
6c3542b0,crypto/tls.CurveID.String
6c3543e0,crypto/tls.ClientAuthType.String
6c3544c0,crypto/tls.(*Conn).LocalAddr
6c354500,crypto/tls.(*Conn).RemoteAddr
6c354540,crypto/tls.(*Conn).SetDeadline
6c3545a0,crypto/tls.(*Conn).SetReadDeadline
6c354600,crypto/tls.(*Conn).SetWriteDeadline
6c354660,crypto/tls.(*permanentError).Error
6c3546a0,crypto/tls.(*permanentError).Unwrap
6c3546f0,crypto/tls.(*permanentError).Timeout
6c354730,crypto/tls.(*permanentError).Temporary
6c354750,crypto/tls.(*halfConn).setTrafficSecret
6c354850,crypto/tls.(*halfConn).explicitNonceLen
6c354980,crypto/tls.extractPadding
6c354a70,crypto/tls.(*halfConn).decrypt
6c355600,crypto/tls.(*halfConn).encrypt
6c356420,crypto/tls.RecordHeaderError.Error
6c356480,crypto/tls.(*Conn).readRecordOrCCS
6c358ee0,crypto/tls.(*Conn).retryReadRecord
6c359070,crypto/tls.(*atLeastReader).Read
6c359200,crypto/tls.(*Conn).readFromUntil
6c359330,crypto/tls.(*Conn).sendAlertLocked
6c359630,crypto/tls.(*Conn).sendAlert
6c359700,crypto/tls.(*Conn).sendAlert.func1
6c359740,crypto/tls.(*Conn).maxPayloadSizeForWrite
6c359990,crypto/tls.(*Conn).write
6c359b00,crypto/tls.(*Conn).flush
6c359c00,crypto/tls.glob..func1
6c359c40,crypto/tls.(*Conn).writeRecordLocked
6c35a4a0,crypto/tls.(*Conn).writeRecordLocked.func1
6c35a510,crypto/tls.(*Conn).writeHandshakeRecord
6c35a670,crypto/tls.(*Conn).writeHandshakeRecord.func1
6c35a6b0,crypto/tls.(*Conn).writeChangeCipherRecord
6c35a7a0,crypto/tls.(*Conn).writeChangeCipherRecord.func1
6c35a7e0,crypto/tls.(*Conn).readHandshakeBytes
6c35a890,crypto/tls.(*Conn).readHandshake
6c35ac20,crypto/tls.(*Conn).unmarshalHandshakeMessage
6c35b260,crypto/tls.(*Conn).Write
6c35b810,crypto/tls.(*Conn).Write.func2
6c35b850,crypto/tls.(*Conn).Write.func1
6c35b8a0,crypto/tls.(*Conn).handleRenegotiation
6c35bbd0,crypto/tls.(*Conn).handleRenegotiation.func1
6c35bc10,crypto/tls.(*Conn).handlePostHandshakeMessage
6c35bed0,crypto/tls.(*Conn).handleKeyUpdate
6c35c480,crypto/tls.(*Conn).handleKeyUpdate.func1
6c35c4c0,crypto/tls.(*Conn).Read
6c35c850,crypto/tls.(*Conn).Read.func1
6c35c890,crypto/tls.(*Conn).Close
6c35ca20,crypto/tls.(*Conn).CloseWrite
6c35ca90,crypto/tls.(*Conn).closeNotify
6c35cca0,crypto/tls.(*Conn).closeNotify.func1
6c35cce0,crypto/tls.(*Conn).handshakeContext
6c35d610,crypto/tls.(*Conn).handshakeContext.func4
6c35d650,crypto/tls.(*Conn).handshakeContext.func3
6c35d690,crypto/tls.(*Conn).handshakeContext.func2
6c35d7b0,crypto/tls.(*Conn).handshakeContext.func1
6c35d840,crypto/tls.(*Conn).ConnectionState
6c35d930,crypto/tls.(*Conn).ConnectionState.func1
6c35d970,crypto/tls.(*Conn).connectionStateLocked
6c35daf0,crypto/tls.(*Conn).makeClientHello
6c35ea30,crypto/tls.(*Conn).makeClientHello.(*PrivateKey).PublicKey.func1
6c35ebc0,crypto/tls.(*Conn).clientHandshake
6c35f520,crypto/tls.(*Conn).clientHandshake.func1
6c35f590,crypto/tls.(*Conn).loadSession
6c360700,crypto/tls.(*Conn).pickTLSVersion
6c360830,crypto/tls.(*clientHandshakeState).handshake
6c360fe0,crypto/tls.(*clientHandshakeState).handshake.ekmFromMasterSecret.func1
6c361570,crypto/tls.(*clientHandshakeState).pickCipherSuite
6c361670,crypto/tls.(*clientHandshakeState).doFullHandshake
6c362740,crypto/tls.(*clientHandshakeState).establishKeys
6c362c40,crypto/tls.(*clientHandshakeState).processServerHello
6c363290,crypto/tls.(*clientHandshakeState).readFinished
6c363580,crypto/tls.(*clientHandshakeState).readSessionTicket
6c363750,crypto/tls.(*clientHandshakeState).saveSessionTicket
6c3638c0,crypto/tls.(*clientHandshakeState).sendFinished
6c363a60,crypto/tls.checkKeySize
6c363b10,crypto/tls.(*Conn).verifyServerCertificate
6c3643b0,crypto/tls.certificateRequestInfoFromMsg
6c3647b0,crypto/tls.(*Conn).getClientCertificate
6c3648f0,crypto/tls.(*Conn).clientSessionCacheKey
6c364970,crypto/tls.hostnameInSNI
6c364aa0,crypto/tls.(*clientHandshakeStateTLS13).handshake
6c364f10,crypto/tls.(*clientHandshakeStateTLS13).checkServerHelloOrHRR
6c3652a0,crypto/tls.(*clientHandshakeStateTLS13).processHelloRetryRequest
6c366170,crypto/tls.(*clientHandshakeStateTLS13).processHelloRetryRequest.(*PrivateKey).PublicKey.func1
6c366300,crypto/tls.(*clientHandshakeStateTLS13).processServerHello
6c366850,crypto/tls.(*clientHandshakeStateTLS13).establishHandshakeKeys
6c367040,crypto/tls.(*clientHandshakeStateTLS13).readServerParameters
6c367790,crypto/tls.(*clientHandshakeStateTLS13).readServerCertificate
6c368040,crypto/tls.(*clientHandshakeStateTLS13).readServerFinished
6c368530,crypto/tls.(*clientHandshakeStateTLS13).sendClientCertificate
6c368b20,crypto/tls.(*clientHandshakeStateTLS13).sendClientFinished
6c368e60,crypto/tls.(*Conn).handleNewSessionTicket
6c3693a0,crypto/tls.marshalingFunction.Marshal
6c3693e0,crypto/tls.addBytesWithLength
6c369480,crypto/tls.addBytesWithLength.func1
6c369700,crypto/tls.(*clientHelloMsg).marshal
6c36bdd0,crypto/tls.(*clientHelloMsg).marshal.func16
6c36c0f0,crypto/tls.(*clientHelloMsg).marshal.func16.4
6c36c2b0,crypto/tls.(*clientHelloMsg).marshal.func16.3
6c36c470,crypto/tls.(*clientHelloMsg).marshal.func16.2
6c36c650,crypto/tls.(*clientHelloMsg).marshal.func16.1
6c36c810,crypto/tls.(*clientHelloMsg).marshal.func15
6c36c8c0,crypto/tls.(*clientHelloMsg).marshal.func15.2
6c36c970,crypto/tls.(*clientHelloMsg).marshal.func15.2.1
6c36cb30,crypto/tls.(*clientHelloMsg).marshal.func15.1
6c36cc10,crypto/tls.(*clientHelloMsg).marshal.func15.1.1
6c36cdd0,crypto/tls.(*clientHelloMsg).marshal.func14
6c36cfa0,crypto/tls.(*clientHelloMsg).marshal.func13
6c36d000,crypto/tls.(*clientHelloMsg).marshal.func13.1
6c36d1d0,crypto/tls.(*clientHelloMsg).marshal.func12
6c36d230,crypto/tls.(*clientHelloMsg).marshal.func12.1
6c36d480,crypto/tls.(*clientHelloMsg).marshal.func12.1.1
6c36d640,crypto/tls.(*clientHelloMsg).marshal.func11
6c36d6a0,crypto/tls.(*clientHelloMsg).marshal.func11.1
6c36d870,crypto/tls.(*clientHelloMsg).marshal.func10
6c36d8d0,crypto/tls.(*clientHelloMsg).marshal.func10.1
6c36dac0,crypto/tls.(*clientHelloMsg).marshal.func9
6c36db20,crypto/tls.(*clientHelloMsg).marshal.func9.1
6c36dbd0,crypto/tls.(*clientHelloMsg).marshal.func9.1.1
6c36ddb0,crypto/tls.(*clientHelloMsg).marshal.func8
6c36de10,crypto/tls.(*clientHelloMsg).marshal.func8.1
6c36dfe0,crypto/tls.(*clientHelloMsg).marshal.func7
6c36e040,crypto/tls.(*clientHelloMsg).marshal.func7.1
6c36e230,crypto/tls.(*clientHelloMsg).marshal.func6
6c36e290,crypto/tls.(*clientHelloMsg).marshal.func6.1
6c36e470,crypto/tls.(*clientHelloMsg).marshal.func5
6c36e630,crypto/tls.(*clientHelloMsg).marshal.func4
6c36e690,crypto/tls.(*clientHelloMsg).marshal.func4.1
6c36e850,crypto/tls.(*clientHelloMsg).marshal.func3
6c36e8b0,crypto/tls.(*clientHelloMsg).marshal.func3.1
6c36ea90,crypto/tls.(*clientHelloMsg).marshal.func1
6c36eaf0,crypto/tls.(*clientHelloMsg).marshal.func1.1
6c36ecd0,crypto/tls.(*clientHelloMsg).marshal.func1.1.1
6c36eeb0,crypto/tls.(*clientHelloMsg).marshalWithoutBinders
6c36ef80,crypto/tls.(*clientHelloMsg).updateBinders
6c36f1a0,crypto/tls.(*clientHelloMsg).updateBinders.func1
6c36f250,crypto/tls.(*clientHelloMsg).updateBinders.func1.1
6c36f410,crypto/tls.(*clientHelloMsg).unmarshal
6c371110,crypto/tls.(*serverHelloMsg).marshal
6c372d10,crypto/tls.(*serverHelloMsg).marshal.func10
6c373280,crypto/tls.(*serverHelloMsg).marshal.func10.2
6c373440,crypto/tls.(*serverHelloMsg).marshal.func10.1
6c373600,crypto/tls.(*serverHelloMsg).marshal.func9
6c373660,crypto/tls.(*serverHelloMsg).marshal.func9.1
6c373820,crypto/tls.(*serverHelloMsg).marshal.func8
6c3739c0,crypto/tls.(*serverHelloMsg).marshal.func7
6c373a20,crypto/tls.(*serverHelloMsg).marshal.func7.1
6c373be0,crypto/tls.(*serverHelloMsg).marshal.func6
6c373d80,crypto/tls.(*serverHelloMsg).marshal.func5
6c373f60,crypto/tls.(*serverHelloMsg).marshal.func5.1
6c374120,crypto/tls.(*serverHelloMsg).marshal.func4
6c3742c0,crypto/tls.(*serverHelloMsg).marshal.func3
6c374320,crypto/tls.(*serverHelloMsg).marshal.func3.1
6c3743d0,crypto/tls.(*serverHelloMsg).marshal.func3.1.1
6c374590,crypto/tls.(*serverHelloMsg).marshal.func2
6c3745f0,crypto/tls.(*serverHelloMsg).marshal.func2.1
6c374650,crypto/tls.(*serverHelloMsg).marshal.func2.1.1
6c374830,crypto/tls.(*serverHelloMsg).marshal.func1
6c374890,crypto/tls.(*serverHelloMsg).marshal.func1.1
6c374a50,crypto/tls.(*serverHelloMsg).unmarshal
6c375680,crypto/tls.(*encryptedExtensionsMsg).marshal
6c375890,crypto/tls.(*encryptedExtensionsMsg).marshal.func1
6c3758f0,crypto/tls.(*encryptedExtensionsMsg).marshal.func1.1
6c375f90,crypto/tls.(*encryptedExtensionsMsg).marshal.func1.1.2
6c376150,crypto/tls.(*encryptedExtensionsMsg).marshal.func1.1.1
6c3761b0,crypto/tls.(*encryptedExtensionsMsg).marshal.func1.1.1.1
6c376210,crypto/tls.(*encryptedExtensionsMsg).marshal.func1.1.1.1.1
6c3763f0,crypto/tls.(*encryptedExtensionsMsg).unmarshal
6c3767f0,crypto/tls.(*endOfEarlyDataMsg).marshal
6c376860,crypto/tls.(*endOfEarlyDataMsg).unmarshal
6c376890,crypto/tls.(*keyUpdateMsg).marshal
6c376aa0,crypto/tls.(*keyUpdateMsg).marshal.func1
6c376da0,crypto/tls.(*keyUpdateMsg).unmarshal
6c376ef0,crypto/tls.(*newSessionTicketMsgTLS13).marshal
6c377100,crypto/tls.(*newSessionTicketMsgTLS13).marshal.func1
6c377220,crypto/tls.(*newSessionTicketMsgTLS13).marshal.func1.3
6c377410,crypto/tls.(*newSessionTicketMsgTLS13).marshal.func1.3.1
6c377450,crypto/tls.(*newSessionTicketMsgTLS13).marshal.func1.2
6c377610,crypto/tls.(*newSessionTicketMsgTLS13).marshal.func1.1
6c3777d0,crypto/tls.(*newSessionTicketMsgTLS13).unmarshal
6c377c50,crypto/tls.(*certificateRequestMsgTLS13).marshal
6c377e60,crypto/tls.(*certificateRequestMsgTLS13).marshal.func1
6c378040,crypto/tls.(*certificateRequestMsgTLS13).marshal.func1.1
6c378b60,crypto/tls.(*certificateRequestMsgTLS13).marshal.func1.1.3
6c378bc0,crypto/tls.(*certificateRequestMsgTLS13).marshal.func1.1.3.1
6c378c70,crypto/tls.(*certificateRequestMsgTLS13).marshal.func1.1.3.1.1
6c378e30,crypto/tls.(*certificateRequestMsgTLS13).marshal.func1.1.2
6c378e90,crypto/tls.(*certificateRequestMsgTLS13).marshal.func1.1.2.1
6c379070,crypto/tls.(*certificateRequestMsgTLS13).marshal.func1.1.1
6c3790d0,crypto/tls.(*certificateRequestMsgTLS13).marshal.func1.1.1.1
6c3792b0,crypto/tls.(*certificateRequestMsgTLS13).unmarshal
6c379a10,crypto/tls.(*certificateMsg).marshal
6c379d00,crypto/tls.(*certificateMsg).unmarshal
6c379fb0,crypto/tls.(*certificateMsgTLS13).marshal
6c37a1c0,crypto/tls.(*certificateMsgTLS13).marshal.func1
6c37a430,crypto/tls.(*certificateMsgTLS13).marshal.func1.marshalCertificate.func1
6c37a520,crypto/tls.(*certificateMsgTLS13).marshal.func1.marshalCertificate.func1.2
6c37a610,crypto/tls.(*certificateMsgTLS13).marshal.func1.marshalCertificate.func1.2.2
6c37a670,crypto/tls.(*certificateMsgTLS13).marshal.func1.marshalCertificate.func1.2.2.1
6c37a710,crypto/tls.(*certificateMsgTLS13).marshal.func1.marshalCertificate.func1.2.2.1.1
6c37a760,crypto/tls.(*certificateMsgTLS13).marshal.func1.marshalCertificate.func1.2.1
6c37a7d0,crypto/tls.(*certificateMsgTLS13).marshal.func1.marshalCertificate.func1.2.1.1
6c37a810,crypto/tls.(*certificateMsgTLS13).marshal.func1.marshalCertificate.func1.1
6c37a860,crypto/tls.(*certificateMsgTLS13).unmarshal
6c37a9d0,crypto/tls.unmarshalCertificate
6c37aea0,crypto/tls.(*serverKeyExchangeMsg).marshal
6c37b010,crypto/tls.(*serverKeyExchangeMsg).unmarshal
6c37b0b0,crypto/tls.(*certificateStatusMsg).marshal
6c37b2c0,crypto/tls.(*certificateStatusMsg).marshal.func1
6c37b4a0,crypto/tls.(*certificateStatusMsg).marshal.func1.1
6c37b660,crypto/tls.(*certificateStatusMsg).unmarshal
6c37b7d0,crypto/tls.(*serverHelloDoneMsg).marshal
6c37b840,crypto/tls.(*serverHelloDoneMsg).unmarshal
6c37b870,crypto/tls.(*clientKeyExchangeMsg).marshal
6c37b9e0,crypto/tls.(*clientKeyExchangeMsg).unmarshal
6c37baa0,crypto/tls.(*finishedMsg).marshal
6c37bcb0,crypto/tls.(*finishedMsg).marshal.func1
6c37be70,crypto/tls.(*finishedMsg).unmarshal
6c37bf40,crypto/tls.(*certificateRequestMsg).marshal
6c37c330,crypto/tls.(*certificateRequestMsg).unmarshal
6c37c7c0,crypto/tls.(*certificateVerifyMsg).marshal
6c37c9d0,crypto/tls.(*certificateVerifyMsg).marshal.func1
6c37cbc0,crypto/tls.(*certificateVerifyMsg).marshal.func1.1
6c37cd80,crypto/tls.(*certificateVerifyMsg).unmarshal
6c37cee0,crypto/tls.(*newSessionTicketMsg).marshal
6c37d090,crypto/tls.(*newSessionTicketMsg).unmarshal
6c37d160,crypto/tls.(*helloRequestMsg).marshal
6c37d1c0,crypto/tls.(*helloRequestMsg).unmarshal
6c37d1f0,crypto/tls.transcriptMsg
6c37d260,crypto/tls.rsaKeyAgreement.processServerKeyExchange
6c37d2b0,crypto/tls.rsaKeyAgreement.generateClientKeyExchange
6c37d5b0,crypto/tls.sha1Hash
6c37d6d0,crypto/tls.md5SHA1Hash
6c37d890,crypto/tls.hashForServerKeyExchange
6c37daa0,crypto/tls.(*ecdheKeyAgreement).processServerKeyExchange
6c37e410,crypto/tls.(*ecdheKeyAgreement).processServerKeyExchange.(*PrivateKey).PublicKey.func1
6c37e5a0,crypto/tls.(*ecdheKeyAgreement).generateClientKeyExchange
6c37e650,crypto/tls.(*cipherSuiteTLS13).expandLabel
6c37ea60,crypto/tls.(*cipherSuiteTLS13).expandLabel.func2
6c37ec20,crypto/tls.(*cipherSuiteTLS13).expandLabel.func1
6c37ef90,crypto/tls.(*cipherSuiteTLS13).deriveSecret
6c37f0b0,crypto/tls.(*cipherSuiteTLS13).extract
6c37f1d0,crypto/tls.(*cipherSuiteTLS13).nextTrafficSecret
6c37f2a0,crypto/tls.(*cipherSuiteTLS13).trafficKey
6c37f3c0,crypto/tls.(*cipherSuiteTLS13).finishedHash
6c37f570,crypto/tls.(*cipherSuiteTLS13).exportKeyingMaterial
6c37f660,crypto/tls.(*cipherSuiteTLS13).exportKeyingMaterial.func1
6c37f7d0,crypto/tls.generateECDHEKey
6c37f8f0,crypto/tls.pHash
6c37fb30,crypto/tls.prf10
6c37fcf0,crypto/tls.prfForVersion
6c37fdb0,crypto/tls.prfForVersion.prfAndHashForVersion.prf12.func2
6c37fea0,crypto/tls.prfForVersion.prfAndHashForVersion.prf12.func1
6c37ff90,crypto/tls.masterFromPreMasterSecret
6c380210,crypto/tls.masterFromPreMasterSecret.prfForVersion.prfAndHashForVersion.prf12.func2
6c380300,crypto/tls.masterFromPreMasterSecret.prfForVersion.prfAndHashForVersion.prf12.func1
6c3803f0,crypto/tls.extMasterFromPreMasterSecret
6c380570,crypto/tls.extMasterFromPreMasterSecret.prfForVersion.prfAndHashForVersion.prf12.func2
6c380660,crypto/tls.extMasterFromPreMasterSecret.prfForVersion.prfAndHashForVersion.prf12.func1
6c380750,crypto/tls.keysFromMasterSecret
6c380bb0,crypto/tls.keysFromMasterSecret.prfForVersion.prfAndHashForVersion.prf12.func2
6c380ca0,crypto/tls.keysFromMasterSecret.prfForVersion.prfAndHashForVersion.prf12.func1
6c380d90,crypto/tls.newFinishedHash
6c3810f0,crypto/tls.newFinishedHash.prfAndHashForVersion.prf12.func2
6c3811e0,crypto/tls.newFinishedHash.prfAndHashForVersion.prf12.func1
6c3812d0,crypto/tls.(*finishedHash).Write
6c381470,crypto/tls.finishedHash.Sum
6c381570,crypto/tls.finishedHash.clientSum
6c381680,crypto/tls.finishedHash.serverSum
6c381790,crypto/tls.finishedHash.hashForClientCertificate
6c381950,crypto/tls.noExportedKeyingMaterial
6c3819c0,crypto/tls.QUICEncryptionLevel.String
6c381ad0,crypto/tls.(*Conn).quicReadHandshakeBytes
6c381b40,crypto/tls.(*Conn).quicGetTransportParameters
6c381ca0,crypto/tls.(*Conn).quicWaitForSignal
6c381f20,crypto/tls.(*Conn).quicWaitForSignal.func1
6c381f60,crypto/tls.(*Conn).sessionState
6c382130,crypto/tls.dial
6c382610,crypto/tls.(*Dialer).DialContext
6c382710,crypto/tls.(*clientHelloMsg).marshal.func2
6c382b90,crypto/tls.init
6c382f40,crypto/tls.map.init.0
6c383030,type:.eq.crypto/tls.RecordHeaderError
6c3830d0,type:.eq.crypto/tls.atLeastReader
6c383140,type:.eq.crypto/tls.xorNonceAEAD
6c3831c0,type:.eq.crypto/tls.prefixNonceAEAD
6c383240,crypto/tls.(*AlertError).Error
6c3832a0,crypto/tls.(*alert).Error
6c383300,crypto/tls.(*alert).String
6c383360,crypto/tls.(*SignatureScheme).String
6c3833c0,crypto/tls.(*CurveID).String
6c383420,crypto/tls.(*ClientAuthType).String
6c383480,crypto/tls.(*QUICEncryptionLevel).String
6c3834e0,crypto/tls.(*halfConn).Lock
6c383520,crypto/tls.(*halfConn).Unlock
6c383560,crypto/tls.(*RecordHeaderError).Error
6c3835f0,crypto/tls.(*rsaKeyAgreement).generateClientKeyExchange
6c383680,crypto/tls.(*rsaKeyAgreement).processServerKeyExchange
6c3836f0,crypto/tls.(*Conn).clientHandshake-fm
6c383750,crypto.Hash.New-fm
6c3837a0,type:.eq.crypto/tls.cacheEntry
6c3837f0,log.New
6c3838c0,log.(*Logger).SetOutput
6c3839c0,log.(*Logger).SetOutput.func1
6c383a00,log.formatHeader
6c384d60,log.glob..func1
6c384da0,log.putBuffer
6c384e10,log.(*Logger).Output
6c384ea0,log.(*Logger).Output.func1
6c384f60,log.(*Logger).output
6c3853d0,log.(*Logger).output.func2
6c385410,log.(*Logger).output.func1
6c385450,log.init.0
6c385490,log.(*Logger).Writer
6c385540,log.(*Logger).Writer.func1
6c385580,log.Printf
6c385610,log.Printf.func1
6c385690,log.Fatalf
6c385710,log.Fatalln
6c385780,log.Panic
6c385820,log.Panicf
6c3858d0,log.init.0.func1
6c385970,log.init.0.func1.1
6c385a30,log.init
6c385ab0,sync/atomic.(*Pointer[go.shape.string]).Load
6c385af0,type:.eq.sync/atomic.Pointer[string]
6c385b20,type:.eq.log.Logger
6c385bb0,net/http/internal/ascii.ToLower
6c385c30,bufio.(*Reader).Size
6c385c60,bufio.(*Reader).fill
6c385e10,bufio.(*Reader).Peek
6c385f90,bufio.(*Reader).Discard
6c3860b0,bufio.(*Reader).Read
6c3863e0,bufio.(*Reader).ReadByte
6c3864a0,bufio.(*Reader).UnreadByte
6c386540,bufio.(*Reader).ReadRune
6c386730,bufio.(*Reader).UnreadRune
6c3867a0,bufio.(*Reader).ReadSlice
6c386980,bufio.(*Reader).ReadLine
6c386b30,bufio.(*Reader).WriteTo
6c386e00,bufio.(*Reader).writeBuf
6c386ed0,bufio.(*Writer).Size
6c386f00,bufio.(*Writer).Flush
6c387080,bufio.(*Writer).Write
6c387260,bufio.(*Writer).WriteByte
6c387300,bufio.(*Writer).WriteString
6c387550,bufio.(*Writer).ReadFrom
6c3878b0,bufio.ReadWriter.Flush
6c387900,bufio.(*ReadWriter).Flush
6c387950,bufio.ReadWriter.Read
6c3879c0,bufio.(*ReadWriter).Read
6c387a30,bufio.ReadWriter.ReadByte
6c387a90,bufio.(*ReadWriter).ReadByte
6c387af0,bufio.ReadWriter.ReadFrom
6c387b60,bufio.(*ReadWriter).ReadFrom
6c387bd0,bufio.ReadWriter.ReadRune
6c387c30,bufio.(*ReadWriter).ReadRune
6c387c90,bufio.ReadWriter.UnreadByte
6c387d40,bufio.(*ReadWriter).UnreadByte
6c387df0,bufio.ReadWriter.UnreadRune
6c387e60,bufio.(*ReadWriter).UnreadRune
6c387ed0,bufio.ReadWriter.Write
6c387f40,bufio.(*ReadWriter).Write
6c387fb0,bufio.ReadWriter.WriteString
6c388020,bufio.(*ReadWriter).WriteString
6c388090,bufio.ReadWriter.WriteTo
6c388100,bufio.(*ReadWriter).WriteTo
6c388170,net/textproto.MIMEHeader.Get
6c388210,net/textproto.(*Reader).readLineSlice
6c388430,net/textproto.(*Reader).readContinuedLineSlice
6c3889d0,net/textproto.(*Reader).skipSpace
6c388a90,net/textproto.(*dotReader).Read
6c388eb0,net/textproto.readMIMEHeader
6c389730,net/textproto.mustHaveFieldNameColon
6c389830,net/textproto.(*Reader).upcomingHeaderKeys
6c389930,net/textproto.CanonicalMIMEHeaderKey
6c389b30,net/textproto.canonicalMIMEHeaderKey
6c389da0,net/textproto.initCommonHeader
6c389e80,net/textproto.ProtocolError.Error
6c389eb0,net/textproto.(*ProtocolError).Error
6c389f00,mime.isTokenChar
6c389f60,mime.FormatMediaType
6c38b680,mime.checkMediaTypeDisposition
6c38b830,mime.ParseMediaType
6c38c440,mime.decode2231Enc
6c38c590,mime.isNotTokenChar
6c38c5d0,mime.consumeToken
6c38c6a0,mime.consumeValue
6c38c9e0,mime.consumeMediaParam
6c38cd10,mime.percentHexUnescape
6c38d000,mime.setMimeTypes
6c38d490,mime.setMimeTypes.func4
6c38d4d0,mime.setMimeTypes.clearSyncMap.func3
6c38d510,mime.setMimeTypes.clearSyncMap.func2
6c38d550,mime.setMimeTypes.clearSyncMap.func1
6c38d590,mime.initMime
6c38d5e0,mime.TypeByExtension
6c38d860,mime.setExtensionType
6c38dd30,mime.setExtensionType.func1
6c38dd70,mime.init.0
6c38ddb0,mime.initMimeWindows
6c38dfc0,mime.init
6c38e000,mime.map.init.0
6c38e550,path/filepath.Match
6c38e800,path/filepath.matchChunk
6c38ebc0,path/filepath.getEsc
6c38ecc0,path/filepath.globWithLimit
6c38f0d0,path/filepath.cleanGlobPathWindows
6c38f1d0,path/filepath.glob
6c38f4e0,path/filepath.glob.func1
6c38f520,path/filepath.Clean
6c3900e0,path/filepath.Split
6c390180,path/filepath.Base
6c390280,path/filepath.Dir
6c3903a0,path/filepath.VolumeName
6c390440,path/filepath.IsAbs
6c390520,path/filepath.volumeNameLen
6c390890,path/filepath.splitList
6c390b40,path/filepath.join
6c390df0,path/filepath.init
6c390e70,mime/multipart.(*Form).RemoveAll
6c390fc0,mime/multipart.randomBoundary
6c3910e0,mime/multipart.(*Writer).CreatePart
6c391640,mime/multipart.(*Writer).Close
6c391730,mime/multipart.(*part).Write
6c391810,mime/multipart.init
6c391970,type:.eq.mime/multipart.Writer
6c391a00,type:.eq.mime/multipart.part
6c391a70,compress/flate.(*compressor).fillDeflate
6c391c50,compress/flate.(*compressor).writeBlock
6c391d40,compress/flate.(*compressor).fillWindow
6c391f70,compress/flate.(*compressor).findMatch
6c392250,compress/flate.(*compressor).writeStoredBlock
6c3922f0,compress/flate.bulkHash4
6c3923a0,compress/flate.(*compressor).encSpeed
6c392650,compress/flate.(*compressor).deflate
6c392dd0,compress/flate.(*compressor).fillStore
6c392e70,compress/flate.(*compressor).store
6c392f20,compress/flate.(*compressor).storeHuff
6c392fe0,compress/flate.(*compressor).write
6c3930f0,compress/flate.(*compressor).syncFlush
6c3931d0,compress/flate.(*compressor).init
6c393990,compress/flate.(*compressor).reset
6c393b30,compress/flate.(*compressor).close
6c393cb0,compress/flate.(*dictWriter).Write
6c393d10,compress/flate.(*Writer).Write
6c393d70,compress/flate.(*Writer).Flush
6c393db0,compress/flate.(*Writer).Close
6c393df0,compress/flate.(*Writer).Reset
6c393eb0,compress/flate.(*deflateFast).encode
6c394710,compress/flate.(*deflateFast).matchLen
6c394910,compress/flate.(*deflateFast).reset
6c394980,compress/flate.(*dictDecoder).writeCopy
6c394b20,compress/flate.(*huffmanBitWriter).flush
6c394c50,compress/flate.(*huffmanBitWriter).writeBits
6c394e00,compress/flate.(*huffmanBitWriter).writeBytes
6c394fb0,compress/flate.(*huffmanBitWriter).generateCodegen
6c3952e0,compress/flate.(*huffmanBitWriter).dynamicSize
6c3954a0,compress/flate.(*huffmanBitWriter).writeCode
6c395640,compress/flate.(*huffmanBitWriter).writeDynamicHeader
6c3958f0,compress/flate.(*huffmanBitWriter).writeStoredHeader
6c395990,compress/flate.(*huffmanBitWriter).writeBlock
6c395f20,compress/flate.(*huffmanBitWriter).writeBlockDynamic
6c396170,compress/flate.(*huffmanBitWriter).indexTokens
6c396400,compress/flate.(*huffmanBitWriter).writeTokens
6c396680,compress/flate.init.0
6c396770,compress/flate.(*huffmanBitWriter).writeBlockHuff
6c396be0,compress/flate.generateFixedLiteralEncoding
6c396d40,compress/flate.(*huffmanEncoder).bitCounts
6c397140,compress/flate.(*huffmanEncoder).assignEncodingAndSize
6c3972d0,compress/flate.(*huffmanEncoder).generate
6c3974e0,compress/flate.byLiteral.Len
6c397500,compress/flate.byLiteral.Less
6c397560,compress/flate.byLiteral.Swap
6c3975e0,compress/flate.byFreq.Len
6c397600,compress/flate.byFreq.Less
6c397680,compress/flate.byFreq.Swap
6c397700,compress/flate.CorruptInputError.Error
6c397770,compress/flate.InternalError.Error
6c3977d0,compress/flate.(*huffmanDecoder).init
6c397c20,compress/flate.(*decompressor).nextBlock
6c397e00,compress/flate.(*decompressor).Read
6c397ff0,compress/flate.(*decompressor).Close
6c398080,compress/flate.(*decompressor).readHuffman
6c398610,compress/flate.(*decompressor).huffmanBlock
6c398eb0,compress/flate.(*decompressor).dataBlock
6c399230,compress/flate.(*decompressor).copyData
6c3995a0,compress/flate.(*decompressor).moreBits
6c399680,compress/flate.(*decompressor).huffSym
6c3998a0,compress/flate.(*decompressor).makeReader
6c399ba0,compress/flate.(*decompressor).Reset
6c399e70,compress/flate.NewReader
6c39a0e0,compress/flate.init
6c39a1f0,compress/flate.NewReader.fixedHuffmanDecoderInit.func1
6c39a2b0,type:.eq.compress/flate.literalNode
6c39a2f0,compress/flate.(*byLiteral).Len
6c39a330,compress/flate.(*byLiteral).Less
6c39a3b0,compress/flate.(*byLiteral).Swap
6c39a450,compress/flate.(*byFreq).Len
6c39a490,compress/flate.(*byFreq).Less
6c39a520,compress/flate.(*byFreq).Swap
6c39a5c0,compress/flate.(*CorruptInputError).Error
6c39a650,compress/flate.(*InternalError).Error
6c39a6d0,hash/crc32.castagnoliInit
6c39a7c0,hash/crc32.ieeeInit
6c39a830,hash/crc32.MakeTable
6c39a900,hash/crc32.update
6c39aa10,hash/crc32.ChecksumIEEE
6c39aa80,hash/crc32.slicingMakeTable
6c39ab30,hash/crc32.slicingUpdate
6c39ac30,hash/crc32.ieeeInit.func1
6c39ac90,hash/crc32.castagnoliInit.func1
6c39acf0,hash/crc32.init
6c39ad80,compress/gzip.(*Reader).Reset
6c39b070,compress/gzip.(*Reader).readString
6c39b2b0,compress/gzip.(*Reader).readHeader
6c39b9f0,compress/gzip.(*Reader).Read
6c39be40,compress/gzip.(*Reader).Close
6c39be80,compress/gzip.init
6c39bea0,type:.eq.net/http/httptrace.GotConnInfo
6c39bf30,vendor/golang.org/x/text/unicode/bidi.LookupRune
6c39bfd0,vendor/golang.org/x/text/unicode/bidi.Lookup
6c39c2f0,vendor/golang.org/x/text/unicode/bidi.LookupString
6c39c610,vendor/golang.org/x/text/secure/bidirule.DirectionString
6c39c6f0,vendor/golang.org/x/text/secure/bidirule.ValidString
6c39c780,vendor/golang.org/x/text/secure/bidirule.init.0
6c39c7e0,vendor/golang.org/x/text/secure/bidirule.(*Transformer).advanceString
6c39c9b0,vendor/golang.org/x/text/unicode/norm.(*reorderBuffer).doFlush
6c39ca20,vendor/golang.org/x/text/unicode/norm.appendFlush
6c39cba0,vendor/golang.org/x/text/unicode/norm.(*reorderBuffer).insertFlush
6c39cd10,vendor/golang.org/x/text/unicode/norm.(*reorderBuffer).insertUnsafe
6c39ce60,vendor/golang.org/x/text/unicode/norm.(*reorderBuffer).insertDecomposed
6c39d160,vendor/golang.org/x/text/unicode/norm.(*reorderBuffer).insertSingle
6c39d330,vendor/golang.org/x/text/unicode/norm.(*reorderBuffer).appendRune
6c39d410,vendor/golang.org/x/text/unicode/norm.(*reorderBuffer).assignRune
6c39d4e0,vendor/golang.org/x/text/unicode/norm.(*reorderBuffer).runeAt
6c39d5a0,vendor/golang.org/x/text/unicode/norm.decomposeHangul
6c39d710,vendor/golang.org/x/text/unicode/norm.(*reorderBuffer).decomposeHangul
6c39d7e0,vendor/golang.org/x/text/unicode/norm.(*reorderBuffer).combineHangul
6c39d9f0,vendor/golang.org/x/text/unicode/norm.(*reorderBuffer).compose
6c39dca0,vendor/golang.org/x/text/unicode/norm.buildRecompMap
6c39ddb0,vendor/golang.org/x/text/unicode/norm.lookupInfoNFC
6c39de30,vendor/golang.org/x/text/unicode/norm.lookupInfoNFKC
6c39deb0,vendor/golang.org/x/text/unicode/norm.compInfo
6c39e060,vendor/golang.org/x/text/unicode/norm.(*input).charinfoNFC
6c39e130,vendor/golang.org/x/text/unicode/norm.(*input).charinfoNFKC
6c39e200,vendor/golang.org/x/text/unicode/norm.(*input).hangul
6c39e370,vendor/golang.org/x/text/unicode/norm.nextHangul
6c39e5c0,vendor/golang.org/x/text/unicode/norm.nextDone
6c39e5f0,vendor/golang.org/x/text/unicode/norm.nextMulti
6c39e7b0,vendor/golang.org/x/text/unicode/norm.nextMultiNorm
6c39ebb0,vendor/golang.org/x/text/unicode/norm.nextDecomposed
6c39fd00,vendor/golang.org/x/text/unicode/norm.doNormDecomposed
6c3a0070,vendor/golang.org/x/text/unicode/norm.nextCGJDecompose
6c3a0150,vendor/golang.org/x/text/unicode/norm.nextComposed
6c3a08c0,vendor/golang.org/x/text/unicode/norm.doNormComposed
6c3a0c20,vendor/golang.org/x/text/unicode/norm.nextCGJCompose
6c3a0d60,vendor/golang.org/x/text/unicode/norm.Form.Bytes
6c3a0fa0,vendor/golang.org/x/text/unicode/norm.Form.String
6c3a11d0,vendor/golang.org/x/text/unicode/norm.Form.IsNormalString
6c3a1480,vendor/golang.org/x/text/unicode/norm.Form.IsNormalString.func1
6c3a1570,vendor/golang.org/x/text/unicode/norm.appendQuick
6c3a17a0,vendor/golang.org/x/text/unicode/norm.doAppendInner
6c3a1830,vendor/golang.org/x/text/unicode/norm.(*formInfo).quickSpan
6c3a1b30,vendor/golang.org/x/text/unicode/norm.decomposeSegment
6c3a1fa0,vendor/golang.org/x/text/unicode/norm.(*nfcTrie).lookup
6c3a2290,vendor/golang.org/x/text/unicode/norm.(*nfcTrie).lookupString
6c3a2580,vendor/golang.org/x/text/unicode/norm.(*nfcTrie).lookupValue
6c3a2610,vendor/golang.org/x/text/unicode/norm.(*nfkcTrie).lookup
6c3a2900,vendor/golang.org/x/text/unicode/norm.(*nfkcTrie).lookupString
6c3a2bf0,vendor/golang.org/x/text/unicode/norm.(*nfkcTrie).lookupValue
6c3a2c80,vendor/golang.org/x/text/unicode/norm.(*sparseBlocks).lookup
6c3a2d80,vendor/golang.org/x/text/unicode/norm.init
6c3a2ef0,vendor/golang.org/x/net/idna.labelError.Error
6c3a2f90,vendor/golang.org/x/net/idna.runeError.Error
6c3a3020,vendor/golang.org/x/net/idna.(*Profile).process
6c3a39b0,vendor/golang.org/x/net/idna.info.isBidi
6c3a3a40,vendor/golang.org/x/net/idna.validateAndMap
6c3a4330,vendor/golang.org/x/net/idna.(*labelIter).label
6c3a4410,vendor/golang.org/x/net/idna.(*labelIter).set
6c3a44f0,vendor/golang.org/x/net/idna.validateFromPunycode
6c3a4730,vendor/golang.org/x/net/idna.(*Profile).validateLabel
6c3a4bd0,vendor/golang.org/x/net/idna.decode
6c3a54f0,vendor/golang.org/x/net/idna.encode
6c3a5d60,vendor/golang.org/x/net/idna.(*idnaTrie).lookupString
6c3a6050,vendor/golang.org/x/net/idna.(*idnaTrie).lookupValue
6c3a60e0,vendor/golang.org/x/net/idna.(*sparseBlocks).lookup
6c3a61e0,vendor/golang.org/x/net/idna.info.appendMapping
6c3a6450,vendor/golang.org/x/net/idna.init
6c3a64e0,type:.eq.vendor/golang.org/x/net/idna.labelError
6c3a6570,vendor/golang.org/x/net/idna.(*labelError).Error
6c3a6640,vendor/golang.org/x/net/idna.(*runeError).Error
6c3a6700,vendor/golang.org/x/net/http/httpguts.ValidTrailerHeader
6c3a67c0,vendor/golang.org/x/net/http/httpguts.headerValueContainsToken
6c3a6ac0,vendor/golang.org/x/net/http/httpguts.PunycodeHostPort
6c3a6cb0,vendor/golang.org/x/net/http/httpguts.init
6c3a6cd0,vendor/golang.org/x/net/http/httpguts.map.init.0
6c3a7120,vendor/golang.org/x/net/http2/hpack.NewEncoder
6c3a7210,vendor/golang.org/x/net/http2/hpack.(*Encoder).WriteField
6c3a7a00,vendor/golang.org/x/net/http2/hpack.(*Encoder).searchTable
6c3a7b10,vendor/golang.org/x/net/http2/hpack.(*Encoder).SetMaxDynamicTableSize
6c3a7b60,vendor/golang.org/x/net/http2/hpack.appendNewName
6c3a7c60,vendor/golang.org/x/net/http2/hpack.appendIndexedName
6c3a7f40,vendor/golang.org/x/net/http2/hpack.appendHpackString
6c3a83f0,vendor/golang.org/x/net/http2/hpack.DecodingError.Error
6c3a8480,vendor/golang.org/x/net/http2/hpack.InvalidIndexError.Error
6c3a8510,vendor/golang.org/x/net/http2/hpack.HeaderField.String
6c3a8620,vendor/golang.org/x/net/http2/hpack.NewDecoder
6c3a8700,vendor/golang.org/x/net/http2/hpack.(*Decoder).SetEmitFunc
6c3a8750,vendor/golang.org/x/net/http2/hpack.(*dynamicTable).add
6c3a8940,vendor/golang.org/x/net/http2/hpack.(*dynamicTable).evict
6c3a89b0,vendor/golang.org/x/net/http2/hpack.(*Decoder).Close
6c3a8a80,vendor/golang.org/x/net/http2/hpack.(*Decoder).Write
6c3a8cd0,vendor/golang.org/x/net/http2/hpack.(*Decoder).parseHeaderFieldRepr
6c3a8e70,vendor/golang.org/x/net/http2/hpack.(*Decoder).parseFieldIndexed
6c3a9180,vendor/golang.org/x/net/http2/hpack.(*Decoder).parseFieldLiteral
6c3a9700,vendor/golang.org/x/net/http2/hpack.(*Decoder).callEmit
6c3a9780,vendor/golang.org/x/net/http2/hpack.(*Decoder).parseDynamicTableSizeUpdate
6c3a9950,vendor/golang.org/x/net/http2/hpack.readVarInt
6c3a9c90,vendor/golang.org/x/net/http2/hpack.(*Decoder).readString
6c3a9ef0,vendor/golang.org/x/net/http2/hpack.(*Decoder).decodeString
6c3aa0b0,vendor/golang.org/x/net/http2/hpack.glob..func1
6c3aa0f0,vendor/golang.org/x/net/http2/hpack.huffmanDecode
6c3aa380,vendor/golang.org/x/net/http2/hpack.buildRootHuffmanNode
6c3aa5f0,vendor/golang.org/x/net/http2/hpack.AppendHuffmanString
6c3aa9b0,vendor/golang.org/x/net/http2/hpack.(*headerFieldTable).len
6c3aa9e0,vendor/golang.org/x/net/http2/hpack.(*headerFieldTable).evictOldest
6c3aad80,vendor/golang.org/x/net/http2/hpack.(*headerFieldTable).search
6c3aaee0,vendor/golang.org/x/net/http2/hpack.(*headerFieldTable).idToIndex
6c3ab030,vendor/golang.org/x/net/http2/hpack.init
6c3ab1b0,vendor/golang.org/x/net/http2/hpack.(*HeaderField).String
6c3ab220,vendor/golang.org/x/net/http2/hpack.(*DecodingError).Error
6c3ab2d0,vendor/golang.org/x/net/http2/hpack.(*InvalidIndexError).Error
6c3ab390,type:.eq.vendor/golang.org/x/net/http2/hpack.HeaderField
6c3ab420,type:.eq.vendor/golang.org/x/net/http2/hpack.pairNameValue
6c3ab4b0,type:.hash.vendor/golang.org/x/net/http2/hpack.pairNameValue
6c3ab510,net/http/internal.NewChunkedReader
6c3ab650,net/http/internal.(*chunkedReader).beginChunk
6c3ab760,net/http/internal.(*chunkedReader).chunkHeaderAvailable
6c3ab7e0,net/http/internal.(*chunkedReader).Read
6c3abbe0,net/http/internal.readChunkLine
6c3abda0,net/http/internal.(*chunkedWriter).Write
6c3abf80,net/http/internal.(*chunkedWriter).Close
6c3abfe0,net/http/internal.parseHexUint
6c3ac110,type:.eq.net/http/internal.chunkedReader
6c3ac1b0,net/http/internal.FlushAfterChunkWriter.Flush
6c3ac200,net/http/internal.(*FlushAfterChunkWriter).Flush
6c3ac250,net/http/internal.FlushAfterChunkWriter.ReadFrom
6c3ac2c0,net/http/internal.(*FlushAfterChunkWriter).ReadFrom
6c3ac330,net/http/internal.FlushAfterChunkWriter.Size
6c3ac370,net/http/internal.(*FlushAfterChunkWriter).Size
6c3ac3b0,net/http/internal.FlushAfterChunkWriter.Write
6c3ac420,net/http/internal.(*FlushAfterChunkWriter).Write
6c3ac490,net/http/internal.FlushAfterChunkWriter.WriteString
6c3ac500,net/http/internal.(*FlushAfterChunkWriter).WriteString
6c3ac570,vendor/golang.org/x/net/http/httpproxy.FromEnvironment
6c3ac800,vendor/golang.org/x/net/http/httpproxy.(*Config).ProxyFunc
6c3ac8c0,vendor/golang.org/x/net/http/httpproxy.(*config).proxyForURL
6c3ac9e0,vendor/golang.org/x/net/http/httpproxy.parseProxy
6c3acbf0,vendor/golang.org/x/net/http/httpproxy.(*config).useProxy
6c3aceb0,vendor/golang.org/x/net/http/httpproxy.(*config).init
6c3ad5d0,vendor/golang.org/x/net/http/httpproxy.canonicalAddr
6c3ad780,vendor/golang.org/x/net/http/httpproxy.idnaASCII
6c3ad820,vendor/golang.org/x/net/http/httpproxy.allMatch.match
6c3ad840,vendor/golang.org/x/net/http/httpproxy.cidrMatch.match
6c3ad890,vendor/golang.org/x/net/http/httpproxy.ipMatch.match
6c3ad940,vendor/golang.org/x/net/http/httpproxy.domainMatch.match
6c3ada70,vendor/golang.org/x/net/http/httpproxy.init
6c3adbb0,type:.eq.vendor/golang.org/x/net/http/httpproxy.domainMatch
6c3adc40,vendor/golang.org/x/net/http/httpproxy.(*config).proxyForURL-fm
6c3adca0,vendor/golang.org/x/net/http/httpproxy.(*allMatch).match
6c3adce0,vendor/golang.org/x/net/http/httpproxy.(*cidrMatch).match
6c3add50,vendor/golang.org/x/net/http/httpproxy.(*ipMatch).match
6c3ade30,vendor/golang.org/x/net/http/httpproxy.(*domainMatch).match
6c3adfa0,type:.eq.vendor/golang.org/x/net/http/httpproxy.Config
6c3ae070,net/http.refererForURL
6c3ae190,net/http.(*Client).send
6c3ae300,net/http.(*Client).deadline
6c3ae3b0,net/http.send
6c3aefd0,net/http.send.Printf.func2
6c3af050,net/http.timeBeforeContextDeadline
6c3af0f0,net/http.knownRoundTripperImpl
6c3af210,net/http.setRequestCancel
6c3af770,net/http.setRequestCancel.func4
6c3af8a0,net/http.setRequestCancel.func3
6c3af910,net/http.setRequestCancel.func3.1
6c3af950,net/http.setRequestCancel.func2
6c3af9d0,net/http.setRequestCancel.func1
6c3afa30,net/http.(*Client).Get
6c3afaf0,net/http.alwaysFalse
6c3afb10,net/http.urlErrorOp
6c3afbf0,net/http.(*Client).do
6c3b0ba0,net/http.(*Client).do.func2
6c3b0d10,net/http.(*Client).do.func1
6c3b0d50,net/http.(*Client).makeHeadersCopier
6c3b0fa0,net/http.(*Client).makeHeadersCopier.func1
6c3b14e0,net/http.defaultCheckRedirect
6c3b1550,net/http.(*cancelTimerBody).Read
6c3b1700,net/http.(*cancelTimerBody).Close
6c3b1760,net/http.shouldCopyHeaderOnRedirect
6c3b1950,net/http.stripPassword
6c3b1ab0,net/http.cloneOrMakeHeader
6c3b1d30,net/http.readSetCookies
6c3b2a10,net/http.readCookies
6c3b2f20,net/http.sanitizeCookieValue
6c3b3020,net/http.validCookieValueByte
6c3b3060,net/http.sanitizeOrWarn
6c3b32a0,net/http.sanitizeOrWarn.Printf.func1
6c3b3320,net/http.mapOpenError
6c3b3510,net/http.fileInfoDirs.len
6c3b3530,net/http.fileInfoDirs.isDir
6c3b3580,net/http.fileInfoDirs.name
6c3b35e0,net/http.dirEntryDirs.len
6c3b3600,net/http.dirEntryDirs.isDir
6c3b3650,net/http.dirEntryDirs.name
6c3b36b0,net/http.dirList
6c3b3c20,net/http.dirList.func1
6c3b3cb0,net/http.serveContent
6c3b4f20,net/http.serveContent.func1
6c3b5160,net/http.serveContent.func2
6c3b51a0,net/http.scanETag
6c3b5360,net/http.checkIfMatch
6c3b5520,net/http.checkIfUnmodifiedSince
6c3b5700,net/http.checkIfNoneMatch
6c3b59b0,net/http.checkIfModifiedSince
6c3b5bd0,net/http.checkIfRange
6c3b5f90,net/http.isZeroTime
6c3b6050,net/http.setLastModified
6c3b6200,net/http.writeNotModified
6c3b6320,net/http.checkPreconditions
6c3b6570,net/http.serveFile
6c3b6ee0,net/http.serveFile.func1
6c3b6f30,net/http.serveFile.func3
6c3b6f70,net/http.serveFile.func2
6c3b6fb0,net/http.toHTTPError
6c3b7090,net/http.localRedirect
6c3b7210,net/http.ioFS.Open
6c3b73c0,net/http.ioFS.Open.func1
6c3b7420,net/http.ioFile.Close
6c3b7460,net/http.ioFile.Read
6c3b74c0,net/http.ioFile.Stat
6c3b7510,net/http.ioFile.Seek
6c3b75d0,net/http.ioFile.ReadDir
6c3b7690,net/http.ioFile.Readdir
6c3b78d0,net/http.(*fileHandler).ServeHTTP
6c3b79f0,net/http.httpRange.mimeHeader
6c3b7c30,net/http.parseRange
6c3b8420,net/http.(*countingWriter).Write
6c3b8470,net/http.rangesMIMESize
6c3b8600,net/http.http2asciiToLower
6c3b8680,net/http.http2isBadCipher
6c3b8810,net/http.(*http2clientConnPool).GetClientConn
6c3b8870,net/http.(*http2clientConnPool).getClientConn
6c3b8b90,net/http.(*http2clientConnPool).getStartDialLocked
6c3b8da0,net/http.(*http2clientConnPool).getStartDialLocked.func1
6c3b8e00,net/http.(*http2dialCall).dial
6c3b9140,net/http.(*http2clientConnPool).addConnIfNeeded
6c3b9440,net/http.(*http2clientConnPool).addConnIfNeeded.func1
6c3b94a0,net/http.(*http2addConnCall).run
6c3b97d0,net/http.(*http2clientConnPool).MarkDead
6c3b9a90,net/http.(*http2clientConnPool).MarkDead.func1
6c3b9ad0,net/http.http2noDialClientConnPool.GetClientConn
6c3b9b30,net/http.http2shouldRetryDial
6c3b9c50,net/http.glob..func1
6c3b9cc0,net/http.glob..func2
6c3b9d30,net/http.glob..func3
6c3b9da0,net/http.glob..func4
6c3b9e10,net/http.glob..func5
6c3b9e80,net/http.http2getDataBufferChunk
6c3b9f50,net/http.http2putDataBufferChunk
6c3ba070,net/http.(*http2dataBuffer).Read
6c3ba310,net/http.(*http2dataBuffer).Len
6c3ba340,net/http.(*http2dataBuffer).Write
6c3ba4b0,net/http.(*http2dataBuffer).lastChunkOrAlloc
6c3ba5f0,net/http.http2ErrCode.String
6c3ba6c0,net/http.http2ConnectionError.Error
6c3ba750,net/http.http2StreamError.Error
6c3ba8c0,net/http.http2goAwayFlowError.Error
6c3ba8f0,net/http.http2connError.Error
6c3ba9c0,net/http.http2pseudoHeaderError.Error
6c3baa60,net/http.http2duplicatePseudoHeaderError.Error
6c3bab00,net/http.http2headerFieldNameError.Error
6c3baba0,net/http.http2headerFieldValueError.Error
6c3bac40,net/http.http2FrameType.String
6c3bad10,net/http.http2FrameHeader.Header
6c3bad50,net/http.http2FrameHeader.String
6c3bae30,net/http.http2FrameHeader.writeDebug
6c3bb160,net/http.(*http2FrameHeader).invalidate
6c3bb180,net/http.http2readFrameHeader
6c3bb2d0,net/http.(*http2Framer).endWrite
6c3bb3e0,net/http.(*http2Framer).logWrite
6c3bb6b0,net/http.(*http2Framer).logWrite.http2NewFramer.func2
6c3bb760,net/http.(*http2Framer).ReadFrame
6c3bbc90,net/http.(*http2Framer).checkFrameOrder
6c3bc160,net/http.http2parseDataFrame
6c3bc3c0,net/http.(*http2Framer).WriteDataPadded
6c3bc470,net/http.(*http2Framer).startWriteDataPadded
6c3bc7b0,net/http.http2parseSettingsFrame
6c3bc9b0,net/http.(*http2SettingsFrame).Value
6c3bcac0,net/http.(*http2SettingsFrame).HasDuplicates
6c3bcd30,net/http.(*http2SettingsFrame).ForeachSetting
6c3bce70,net/http.(*http2Framer).WriteSettings
6c3bd060,net/http.(*http2Framer).WriteSettingsAck
6c3bd120,net/http.http2parsePingFrame
6c3bd240,net/http.(*http2Framer).WritePing
6c3bd370,net/http.http2parseGoAwayFrame
6c3bd4f0,net/http.(*http2Framer).WriteGoAway
6c3bd750,net/http.http2parseUnknownFrame
6c3bd7f0,net/http.http2parseWindowUpdateFrame
6c3bd9a0,net/http.(*http2Framer).WriteWindowUpdate
6c3bdb20,net/http.(*http2HeadersFrame).HeaderBlockFragment
6c3bdb80,net/http.(*http2HeadersFrame).HeadersEnded
6c3bdbb0,net/http.http2parseHeadersFrame
6c3bdf60,net/http.(*http2Framer).WriteHeaders
6c3be3d0,net/http.http2parsePriorityFrame
6c3be5e0,net/http.http2parseRSTStreamFrame
6c3be6f0,net/http.(*http2Framer).WriteRSTStream
6c3be860,net/http.http2parseContinuationFrame
6c3be990,net/http.(*http2ContinuationFrame).HeaderBlockFragment
6c3be9f0,net/http.(*http2ContinuationFrame).HeadersEnded
6c3bea20,net/http.(*http2Framer).WriteContinuation
6c3bebc0,net/http.(*http2PushPromiseFrame).HeaderBlockFragment
6c3bec20,net/http.(*http2PushPromiseFrame).HeadersEnded
6c3bec50,net/http.http2parsePushPromise
6c3beee0,net/http.(*http2Framer).WritePushPromise
6c3bf290,net/http.(*http2MetaHeadersFrame).checkPseudos
6c3bf580,net/http.(*http2Framer).readMetaFrame
6c3bfca0,net/http.(*http2Framer).readMetaFrame.Printf.func4
6c3bfd20,net/http.(*http2Framer).readMetaFrame.Printf.func3
6c3bfda0,net/http.(*http2Framer).readMetaFrame.func5
6c3bfdf0,net/http.(*http2Framer).readMetaFrame.func1
6c3c0210,net/http.http2summarizeFrame
6c3c07f0,net/http.http2summarizeFrame.func1
6c3c0900,net/http.(*http2Transport).dialTLSWithContext
6c3c09f0,net/http.http2curGoroutineID
6c3c0d60,net/http.http2curGoroutineID.func1
6c3c0db0,net/http.glob..func7
6c3c0e50,net/http.http2parseUintBytes
6c3c1310,net/http.http2buildCommonHeaderMaps
6c3c14c0,net/http.http2lowerHeader
6c3c1580,net/http.http2canonicalHeader
6c3c1630,net/http.init.0
6c3c16f0,net/http.http2streamState.String
6c3c1740,net/http.http2Setting.String
6c3c1810,net/http.http2SettingID.String
6c3c18f0,net/http.(*http2closeWaiter).Init
6c3c1950,net/http.glob..func8
6c3c1a00,net/http.(*http2bufferedWriter).Write
6c3c1bd0,net/http.(*http2bufferedWriter).Flush
6c3c1d40,net/http.(*http2httpError).Error
6c3c1d70,net/http.(*http2httpError).Timeout
6c3c1da0,net/http.(*http2httpError).Temporary
6c3c1dc0,net/http.glob..func9
6c3c1e00,net/http.(*http2sorter).Len
6c3c1e30,net/http.(*http2sorter).Swap
6c3c1ee0,net/http.(*http2sorter).Less
6c3c1f60,net/http.(*http2sorter).Keys
6c3c20d0,net/http.(*http2pipe).setBuffer
6c3c21a0,net/http.(*http2pipe).setBuffer.func1
6c3c21e0,net/http.(*http2pipe).Len
6c3c22a0,net/http.(*http2pipe).Len.func1
6c3c22e0,net/http.(*http2pipe).Read
6c3c24e0,net/http.(*http2pipe).Read.func1
6c3c2520,net/http.(*http2pipe).Write
6c3c26b0,net/http.(*http2pipe).Write.func2
6c3c26f0,net/http.(*http2pipe).Write.func1
6c3c2730,net/http.(*http2pipe).closeWithError
6c3c2940,net/http.(*http2pipe).closeWithError.func2
6c3c2980,net/http.(*http2pipe).closeWithError.func1
6c3c29c0,net/http.(*http2pipe).Err
6c3c2a90,net/http.(*http2pipe).Err.func1
6c3c2ad0,net/http.(*http2pipe).Done
6c3c2bf0,net/http.(*http2pipe).Done.func1
6c3c2c30,net/http.glob..func10
6c3c2d10,net/http.(*http2serverInternalState).registerConn
6c3c2d80,net/http.(*http2serverInternalState).unregisterConn
6c3c2de0,net/http.(*http2serverInternalState).startGracefulShutdown
6c3c2e80,net/http.http2ConfigureServer
6c3c33b0,net/http.http2ConfigureServer.func1
6c3c3490,net/http.(*http2Server).ServeConn
6c3c4170,net/http.(*http2Server).ServeConn.http2NewFramer.func2
6c3c4220,net/http.(*http2Server).ServeConn.func3
6c3c4270,net/http.http2serverConnBaseContext
6c3c43c0,net/http.(*http2serverConn).rejectConn
6c3c44f0,net/http.(*http2serverConn).Framer
6c3c4520,net/http.(*http2serverConn).Flush
6c3c4560,net/http.(*http2serverConn).HeaderEncoder
6c3c4590,net/http.(*http2serverConn).state
6c3c46b0,net/http.(*http2serverConn).logf
6c3c47b0,net/http.(*http2serverConn).logf.Printf.func2
6c3c4830,net/http.(*http2serverConn).logf.(*Logger).Printf.func1
6c3c48b0,net/http.http2errno
6c3c4930,net/http.http2isClosedConnError
6c3c4a50,net/http.(*http2serverConn).condlogf
6c3c4be0,net/http.(*http2serverConn).canonicalHeader
6c3c4e10,net/http.(*http2serverConn).readFrames
6c3c5000,net/http.(*http2serverConn).writeFrameAsync
6c3c50d0,net/http.(*http2serverConn).closeAllStreamsOnConnClose
6c3c51c0,net/http.(*http2serverConn).stopShutdownTimer
6c3c5280,net/http.(*http2serverConn).notePanic
6c3c53a0,net/http.(*http2serverConn).notePanic.func1
6c3c53e0,net/http.(*http2serverConn).serve
6c3c6440,net/http.(*http2serverConn).serve.func8
6c3c6480,net/http.(*http2serverConn).serve.func7
6c3c64c0,net/http.(*http2serverConn).serve.func6
6c3c6500,net/http.(*http2serverConn).serve.func5
6c3c6540,net/http.(*http2serverConn).serve.func4
6c3c6580,net/http.(*http2serverConn).serve.func3
6c3c65c0,net/http.(*http2serverConn).serve.func2
6c3c6600,net/http.(*http2serverConn).serve.func1
6c3c6640,net/http.(*http2serverConn).sendServeMsg
6c3c6740,net/http.(*http2serverConn).readPreface
6c3c69d0,net/http.(*http2serverConn).readPreface.func2
6c3c6a10,net/http.(*http2serverConn).readPreface.func1
6c3c6bf0,net/http.glob..func11
6c3c6c40,net/http.glob..func12
6c3c6c80,net/http.(*http2serverConn).writeDataFromHandler
6c3c6f60,net/http.(*http2serverConn).writeFrameFromHandler
6c3c70a0,net/http.(*http2serverConn).writeFrame
6c3c7290,net/http.(*http2serverConn).startFrameWrite
6c3c77d0,net/http.(*http2serverConn).startFrameWrite.func2
6c3c7830,net/http.(*http2serverConn).startFrameWrite.func1
6c3c7890,net/http.(*http2serverConn).wroteFrame
6c3c7b40,net/http.(*http2serverConn).scheduleFrameWrite
6c3c7d70,net/http.(*http2serverConn).startGracefulShutdown
6c3c7e30,net/http.(*http2serverConn).startGracefulShutdown.func1
6c3c7e70,net/http.(*http2serverConn).goAway
6c3c7f40,net/http.(*http2serverConn).shutDownIn
6c3c8040,net/http.(*http2serverConn).resetStream
6c3c8130,net/http.(*http2serverConn).processFrameFromReader
6c3c8610,net/http.(*http2serverConn).processFrame
6c3c8ad0,net/http.(*http2serverConn).processPing
6c3c8c00,net/http.(*http2serverConn).processWindowUpdate
6c3c8e10,net/http.(*http2serverConn).processResetStream
6c3c8f90,net/http.(*http2serverConn).closeStream
6c3c9300,net/http.(*http2serverConn).processSettings
6c3c94e0,net/http.(*http2serverConn).processSetting
6c3c97c0,net/http.(*http2serverConn).processSettingInitialWindowSize
6c3c9930,net/http.(*http2serverConn).processData
6c3ca100,net/http.(*http2serverConn).processGoAway
6c3ca280,net/http.(*http2stream).endStream
6c3ca4d0,net/http.(*http2stream).onReadTimeout
6c3ca580,net/http.(*http2serverConn).processHeaders
6c3cae20,net/http.(*http2serverConn).processHeaders.func2
6c3cae80,net/http.(*http2serverConn).processHeaders.http2new400Handler.func1
6c3caee0,net/http.(*http2serverConn).upgradeRequest
6c3cb110,net/http.(*http2serverConn).upgradeRequest.func1
6c3cb170,net/http.(*http2stream).processTrailerHeaders
6c3cb700,net/http.(*http2serverConn).processPriority
6c3cb810,net/http.(*http2serverConn).newStream
6c3cbba0,net/http.(*http2serverConn).newWriterAndRequest
6c3cc820,net/http.(*http2serverConn).newWriterAndRequestNoBody
6c3cd1d0,net/http.(*http2serverConn).newResponseWriter
6c3cd3a0,net/http.(*http2serverConn).runHandler
6c3cd450,net/http.(*http2serverConn).runHandler.func1
6c3cd6c0,net/http.http2handleHeaderListTooLong
6c3cd740,net/http.(*http2serverConn).writeHeaders
6c3cd970,net/http.(*http2serverConn).noteBodyReadFromHandler
6c3cda90,net/http.(*http2serverConn).noteBodyRead
6c3cdb60,net/http.(*http2serverConn).sendWindowUpdate
6c3cdd80,net/http.(*http2requestBody).Close
6c3cddf0,net/http.(*http2requestBody).Close.func1
6c3cde50,net/http.(*http2requestBody).Read
6c3cdff0,net/http.http2chunkWriter.Write
6c3ce0b0,net/http.(*http2responseWriterState).declareTrailer
6c3ce290,net/http.(*http2responseWriterState).writeChunk
6c3cec10,net/http.(*http2responseWriterState).promoteUndeclaredTrailers
6c3ceed0,net/http.(*http2responseWriter).SetReadDeadline
6c3cf070,net/http.(*http2responseWriter).SetReadDeadline.func1
6c3cf290,net/http.(*http2responseWriter).SetWriteDeadline
6c3cf4b0,net/http.(*http2responseWriter).SetWriteDeadline.func1
6c3cf6d0,net/http.(*http2responseWriter).FlushError
6c3cf810,net/http.(*http2responseWriter).Header
6c3cf890,net/http.(*http2responseWriter).WriteHeader
6c3cf8f0,net/http.(*http2responseWriterState).writeHeader
6c3cff10,net/http.(*http2responseWriter).Write
6c3cff80,net/http.(*http2responseWriter).WriteString
6c3cfff0,net/http.(*http2responseWriter).write
6c3d01b0,net/http.(*http2responseWriter).handlerDone
6c3d0240,net/http.(*http2serverConn).startPush
6c3d0420,net/http.(*http2serverConn).startPush.func1
6c3d0960,net/http.(*http2serverConn).startPush.func1.1
6c3d09c0,net/http.http2foreachHeaderElement
6c3d0b80,net/http.http2checkValidHTTP2RequestHeaders
6c3d0d30,net/http.http2h1ServerKeepAlivesDisabled
6c3d0da0,net/http.(*http2serverConn).countError
6c3d0fb0,net/http.http2configureTransports
6c3d1460,net/http.http2configureTransports.func1
6c3d15f0,net/http.http2configureTransports.func1.2
6c3d1630,net/http.http2configureTransports.func1.1
6c3d1670,net/http.(*http2clientStream).abortStream
6c3d1720,net/http.(*http2clientStream).abortStream.func1
6c3d1760,net/http.(*http2clientStream).abortStreamLocked
6c3d1810,net/http.(*http2clientStream).abortStreamLocked.func1
6c3d1860,net/http.(*http2clientStream).abortRequestBodyWrite
6c3d1930,net/http.(*http2clientStream).abortRequestBodyWrite.func1
6c3d1970,net/http.(*http2clientStream).closeReqBodyLocked
6c3d1a50,net/http.(*http2clientStream).closeReqBodyLocked.func1
6c3d1aa0,net/http.http2stickyErrWriter.Write
6c3d1d10,net/http.http2noCachedConnError.Error
6c3d1d40,net/http.(*http2Transport).RoundTrip
6c3d1d90,net/http.http2authorityAddr
6c3d2010,net/http.http2backoffNewTimer
6c3d2080,net/http.(*http2Transport).RoundTripOpt
6c3d2700,net/http.http2shouldRetryRequest
6c3d2a40,net/http.(*http2Transport).dialClientConn
6c3d2b70,net/http.(*http2Transport).newTLSConfig
6c3d2d90,net/http.(*http2Transport).dialTLS
6c3d30d0,net/http.(*http2Transport).NewClientConn
6c3d3140,net/http.(*http2Transport).newClientConn
6c3d3ec0,net/http.(*http2Transport).newClientConn.func3
6c3d3f00,net/http.(*http2Transport).newClientConn.http2NewFramer.func2
6c3d3fb0,net/http.(*http2ClientConn).healthCheck
6c3d4190,net/http.(*http2ClientConn).SetDoNotReuse
6c3d4220,net/http.(*http2ClientConn).SetDoNotReuse.func1
6c3d4260,net/http.(*http2ClientConn).setGoAway
6c3d4420,net/http.(*http2ClientConn).setGoAway.func1
6c3d4460,net/http.(*http2ClientConn).CanTakeNewRequest
6c3d4510,net/http.(*http2ClientConn).CanTakeNewRequest.func1
6c3d4550,net/http.(*http2ClientConn).ReserveNewRequest
6c3d4620,net/http.(*http2ClientConn).ReserveNewRequest.func1
6c3d4660,net/http.(*http2ClientConn).idleStateLocked
6c3d4760,net/http.(*http2ClientConn).tooIdleLocked
6c3d4890,net/http.(*http2ClientConn).closeConn
6c3d4970,net/http.(*http2ClientConn).closeConn.func1
6c3d49b0,net/http.(*http2ClientConn).forceCloseConn
6c3d4a00,net/http.(*http2ClientConn).closeIfIdle
6c3d4b40,net/http.(*http2ClientConn).closeForError
6c3d4c10,net/http.(*http2ClientConn).Close
6c3d4c80,net/http.(*http2ClientConn).closeForLostPing
6c3d4d10,net/http.http2commaSeparatedTrailers
6c3d5050,net/http.http2checkConnHeaders
6c3d53d0,net/http.(*http2ClientConn).decrStreamReservations
6c3d5470,net/http.(*http2ClientConn).decrStreamReservations.func1
6c3d54b0,net/http.(*http2ClientConn).RoundTrip
6c3d5aa0,net/http.(*http2ClientConn).RoundTrip.func2
6c3d5c50,net/http.(*http2ClientConn).RoundTrip.func1
6c3d5d60,net/http.(*http2ClientConn).RoundTrip.func4
6c3d5db0,net/http.(*http2clientStream).doRequest
6c3d5e00,net/http.(*http2clientStream).writeRequest
6c3d6a90,net/http.(*http2clientStream).writeRequest.func1
6c3d6ad0,net/http.(*http2clientStream).encodeAndWriteHeaders
6c3d6ee0,net/http.(*http2clientStream).encodeAndWriteHeaders.func1
6c3d6f20,net/http.(*http2clientStream).cleanupWriteRequest
6c3d72c0,net/http.(*http2ClientConn).awaitOpenSlotForStreamLocked
6c3d7440,net/http.(*http2ClientConn).writeHeaders
6c3d7600,net/http.(*http2clientStream).writeRequestBody
6c3d8070,net/http.(*http2clientStream).writeRequestBody.func3
6c3d80b0,net/http.(*http2clientStream).writeRequestBody.func2
6c3d8100,net/http.(*http2clientStream).writeRequestBody.func1
6c3d8150,net/http.(*http2clientStream).awaitFlowControl
6c3d8460,net/http.(*http2clientStream).awaitFlowControl.func1
6c3d84a0,net/http.(*http2ClientConn).encodeHeaders
6c3d8ea0,net/http.(*http2ClientConn).encodeHeaders.func3
6c3d8fc0,net/http.(*http2ClientConn).encodeHeaders.func2
6c3d9000,net/http.(*http2ClientConn).encodeHeaders.func1
6c3d97e0,net/http.(*http2ClientConn).encodeTrailers
6c3d9a20,net/http.(*http2ClientConn).writeHeader
6c3d9b70,net/http.(*http2ClientConn).writeHeader.Printf.func1
6c3d9bf0,net/http.(*http2ClientConn).forgetStreamID
6c3d9f00,net/http.(*http2ClientConn).forgetStreamID.func1
6c3d9f40,net/http.(*http2ClientConn).readLoop
6c3da070,net/http.(*http2ClientConn).readLoop.func1
6c3da0b0,net/http.http2GoAwayError.Error
6c3da180,net/http.(*http2clientConnReadLoop).cleanup
6c3da510,net/http.(*http2clientConnReadLoop).cleanup.func2
6c3da550,net/http.(*http2clientConnReadLoop).cleanup.func1
6c3da590,net/http.(*http2ClientConn).countReadFrameError
6c3da810,net/http.(*http2clientConnReadLoop).run
6c3db240,net/http.(*http2clientConnReadLoop).run.func1
6c3db280,net/http.(*http2clientConnReadLoop).processHeaders
6c3db560,net/http.(*http2clientConnReadLoop).handleResponse
6c3dc1b0,net/http.(*http2clientConnReadLoop).handleResponse.func1
6c3dc230,net/http.(*http2clientConnReadLoop).processTrailers
6c3dc560,net/http.http2transportResponseBody.Read
6c3dca70,net/http.http2transportResponseBody.Read.func1
6c3dcab0,net/http.http2transportResponseBody.Close
6c3dcd10,net/http.(*http2clientConnReadLoop).processData
6c3dd580,net/http.(*http2clientConnReadLoop).endStream
6c3dd6d0,net/http.(*http2clientConnReadLoop).endStream.func1
6c3dd710,net/http.(*http2clientConnReadLoop).streamByID
6c3dd800,net/http.(*http2clientConnReadLoop).streamByID.func1
6c3dd840,net/http.(*http2clientConnReadLoop).processGoAway
6c3dda60,net/http.(*http2clientConnReadLoop).processSettings
6c3ddb90,net/http.(*http2clientConnReadLoop).processSettings.func1
6c3ddbd0,net/http.(*http2clientConnReadLoop).processSettingsNoWrite
6c3ddd80,net/http.(*http2clientConnReadLoop).processSettingsNoWrite.func1
6c3ddfb0,net/http.(*http2clientConnReadLoop).processSettingsNoWrite.func2
6c3ddff0,net/http.(*http2clientConnReadLoop).processWindowUpdate
6c3de150,net/http.(*http2clientConnReadLoop).processWindowUpdate.func1
6c3de190,net/http.(*http2clientConnReadLoop).processResetStream
6c3de3c0,net/http.(*http2ClientConn).Ping
6c3de6f0,net/http.(*http2ClientConn).Ping.func1
6c3de850,net/http.(*http2ClientConn).Ping.func1.1
6c3de890,net/http.(*http2clientConnReadLoop).processPing
6c3deae0,net/http.(*http2clientConnReadLoop).processPing.func2
6c3deb20,net/http.(*http2clientConnReadLoop).processPing.func1
6c3deb60,net/http.(*http2ClientConn).writeStreamReset
6c3debe0,net/http.(*http2Transport).logf
6c3dec70,net/http.(*http2Transport).logf.Printf.func1
6c3decf0,net/http.http2noBodyReader.Close
6c3ded20,net/http.http2noBodyReader.Read
6c3ded60,net/http.http2missingBody.Close
6c3ded90,net/http.http2missingBody.Read
6c3dedd0,net/http.http2erringRoundTripper.RoundTripErr
6c3dee00,net/http.http2erringRoundTripper.RoundTrip
6c3dee30,net/http.(*http2gzipReader).Read
6c3def90,net/http.(*http2gzipReader).Close
6c3df020,net/http.http2isConnectionCloseRequest
6c3df0f0,net/http.http2registerHTTPSProtocol
6c3df1c0,net/http.http2registerHTTPSProtocol.func1
6c3df280,net/http.http2noDialH2RoundTripper.RoundTrip
6c3df330,net/http.http2traceGetConn
6c3df3c0,net/http.http2traceGotConn
6c3df560,net/http.http2flushFrameWriter.writeFrame
6c3df5a0,net/http.http2flushFrameWriter.staysWithinBuffer
6c3df5c0,net/http.http2writeSettings.staysWithinBuffer
6c3df600,net/http.http2writeSettings.writeFrame
6c3df670,net/http.(*http2writeGoAway).writeFrame
6c3df710,net/http.(*http2writeGoAway).staysWithinBuffer
6c3df730,net/http.(*http2writeData).String
6c3df810,net/http.(*http2writeData).writeFrame
6c3df8a0,net/http.(*http2writeData).staysWithinBuffer
6c3df8d0,net/http.http2handlerPanicRST.writeFrame
6c3df930,net/http.http2handlerPanicRST.staysWithinBuffer
6c3df960,net/http.http2StreamError.writeFrame
6c3df9c0,net/http.http2StreamError.staysWithinBuffer
6c3df9f0,net/http.http2writePingAck.writeFrame
6c3dfa70,net/http.http2writePingAck.staysWithinBuffer
6c3dfaa0,net/http.http2writeSettingsAck.writeFrame
6c3dfaf0,net/http.http2writeSettingsAck.staysWithinBuffer
6c3dfb20,net/http.http2splitHeaderBlock
6c3dfc50,net/http.http2encKV
6c3dfda0,net/http.http2encKV.Printf.func1
6c3dfe20,net/http.(*http2writeResHeaders).staysWithinBuffer
6c3dfe40,net/http.(*http2writeResHeaders).writeFrame
6c3e0090,net/http.(*http2writeResHeaders).writeHeaderBlock
6c3e01a0,net/http.(*http2writePushPromise).staysWithinBuffer
6c3e01c0,net/http.(*http2writePushPromise).writeFrame
6c3e03c0,net/http.(*http2writePushPromise).writeHeaderBlock
6c3e04d0,net/http.http2write100ContinueHeadersFrame.writeFrame
6c3e05f0,net/http.http2write100ContinueHeadersFrame.staysWithinBuffer
6c3e0620,net/http.http2writeWindowUpdate.staysWithinBuffer
6c3e0650,net/http.http2writeWindowUpdate.writeFrame
6c3e06b0,net/http.http2encodeHeaders
6c3e0a10,net/http.http2encodeHeaders.func1
6c3e0a60,net/http.http2FrameWriteRequest.Consume
6c3e0d80,net/http.http2FrameWriteRequest.String
6c3e0f20,net/http.(*http2FrameWriteRequest).replyToWriter
6c3e1030,net/http.(*http2writeQueue).consume
6c3e1280,net/http.(*http2priorityNode).setParent
6c3e1400,net/http.(*http2priorityNode).walkReadyInOrder
6c3e16a0,net/http.http2sortPriorityNodeSiblings.Len
6c3e16c0,net/http.http2sortPriorityNodeSiblings.Swap
6c3e1730,net/http.http2sortPriorityNodeSiblings.Less
6c3e1850,net/http.(*http2priorityWriteScheduler).OpenStream
6c3e1aa0,net/http.(*http2priorityWriteScheduler).CloseStream
6c3e1e10,net/http.(*http2priorityWriteScheduler).AdjustStream
6c3e20c0,net/http.(*http2priorityWriteScheduler).Push
6c3e2230,net/http.(*http2priorityWriteScheduler).Pop
6c3e22e0,net/http.(*http2priorityWriteScheduler).Pop.func1
6c3e2430,net/http.(*http2priorityWriteScheduler).addClosedOrIdleNode
6c3e2580,net/http.(*http2priorityWriteScheduler).removeNode
6c3e2600,net/http.(*http2roundRobinWriteScheduler).OpenStream
6c3e2840,net/http.(*http2roundRobinWriteScheduler).CloseStream
6c3e2a00,net/http.(*http2roundRobinWriteScheduler).AdjustStream
6c3e2a20,net/http.(*http2roundRobinWriteScheduler).Push
6c3e2d20,net/http.(*http2roundRobinWriteScheduler).Pop
6c3e2f20,net/http.http2StreamError.As
6c3e3330,net/http.stringWriter.WriteString
6c3e33b0,net/http.(*headerSorter).Len
6c3e33e0,net/http.(*headerSorter).Swap
6c3e3500,net/http.(*headerSorter).Less
6c3e3580,net/http.glob..func14
6c3e35c0,net/http.Header.sortedKeyValues
6c3e38c0,net/http.Header.writeSubset
6c3e3de0,net/http.hasToken
6c3e3f70,net/http.(*contextKey).String
6c3e3fd0,net/http.hasPort
6c3e4060,net/http.removeEmptyPort
6c3e4120,net/http.isNotToken
6c3e4170,net/http.hexEscapeNonASCII
6c3e4400,net/http.noBody.Read
6c3e4440,net/http.noBody.Close
6c3e4470,net/http.noBody.WriteTo
6c3e44b0,net/http.(*ProtocolError).Error
6c3e44e0,net/http.(*ProtocolError).Is
6c3e4550,net/http.(*Request).AddCookie
6c3e4880,net/http.(*Request).write
6c3e5630,net/http.(*Request).write.func2
6c3e56c0,net/http.(*Request).write.func1
6c3e5700,net/http.idnaASCII
6c3e57a0,net/http.removeZone
6c3e58f0,net/http.ParseHTTPVersion
6c3e5ac0,net/http.NewRequestWithContext
6c3e61c0,net/http.NewRequestWithContext.func3
6c3e6300,net/http.NewRequestWithContext.func2
6c3e6440,net/http.NewRequestWithContext.func1
6c3e65a0,net/http.parseRequestLine
6c3e66b0,net/http.newTextprotoReader
6c3e6780,net/http.putTextprotoReader
6c3e67e0,net/http.readRequest
6c3e7360,net/http.readRequest.func1
6c3e73e0,net/http.readRequest.func2
6c3e7420,net/http.(*MaxBytesError).Error
6c3e7450,net/http.(*maxBytesReader).Read
6c3e7660,net/http.(*maxBytesReader).Close
6c3e76a0,net/http.(*Request).expectsContinue
6c3e7730,net/http.(*Request).wantsHttp10KeepAlive
6c3e77e0,net/http.(*Request).wantsClose
6c3e7880,net/http.(*Request).requiresHTTP1
6c3e7970,net/http.ReadResponse
6c3e8160,net/http.isProtocolSwitchHeader
6c3e8250,net/http.(*Transport).RoundTrip
6c3e82a0,net/http.(*conn).hijacked
6c3e8340,net/http.(*conn).hijacked.func1
6c3e8380,net/http.(*conn).hijackLocked
6c3e8640,net/http.(*chunkWriter).Write
6c3e8860,net/http.(*chunkWriter).flush
6c3e88d0,net/http.(*chunkWriter).close
6c3e89c0,net/http.(*response).SetReadDeadline
6c3e8a20,net/http.(*response).SetWriteDeadline
6c3e8a80,net/http.(*response).finalTrailers
6c3e8dc0,net/http.(*response).declareTrailer
6c3e8ec0,net/http.(*response).requestTooLarge
6c3e8fc0,net/http.(*response).ReadFrom
6c3e9440,net/http.(*response).ReadFrom.func1
6c3e9490,net/http.(*connReader).unlock
6c3e94c0,net/http.(*connReader).startBackgroundRead
6c3e9640,net/http.(*connReader).startBackgroundRead.func2
6c3e9680,net/http.(*connReader).startBackgroundRead.func1
6c3e96c0,net/http.(*connReader).backgroundRead
6c3e9860,net/http.(*connReader).abortPendingRead
6c3e99c0,net/http.(*connReader).abortPendingRead.func1
6c3e9a00,net/http.(*connReader).handleReadError
6c3e9a40,net/http.(*connReader).closeNotify
6c3e9ac0,net/http.(*connReader).Read
6c3e9e20,net/http.glob..func15
6c3e9ec0,net/http.newBufioReader
6c3ea130,net/http.putBufioReader
6c3ea230,net/http.newBufioWriterSize
6c3ea470,net/http.putBufioWriter
6c3ea580,net/http.(*expectContinueReader).Read
6c3ea780,net/http.(*expectContinueReader).Close
6c3ea7e0,net/http.appendTime
6c3ead90,net/http.(*conn).readRequest
6c3eb990,net/http.(*conn).readRequest.func1
6c3eba30,net/http.(*response).Header
6c3ebcf0,net/http.relevantCaller
6c3ebeb0,net/http.(*response).WriteHeader
6c3ec800,net/http.extraHeader.Write
6c3eca40,net/http.(*chunkWriter).writeHeader
6c3edb60,net/http.(*chunkWriter).writeHeader.func1
6c3edc60,net/http.foreachHeaderElement
6c3ede20,net/http.writeStatusLine
6c3ee000,net/http.(*response).Write
6c3ee070,net/http.(*response).WriteString
6c3ee0e0,net/http.(*response).write
6c3ee4e0,net/http.(*response).finishRequest
6c3ee5c0,net/http.(*response).shouldReuseConnection
6c3ee6d0,net/http.(*conn).finalFlush
6c3ee770,net/http.(*conn).close
6c3ee7b0,net/http.(*conn).closeWriteAndWait
6c3ee830,net/http.(*conn).setState
6c3ee9a0,net/http.statusError.Error
6c3eea10,net/http.isCommonNetReadError
6c3eeaf0,net/http.(*conn).serve
6c3eff30,net/http.(*conn).serve.func1
6c3f0170,net/http.(*response).sendExpectationFailed
6c3f0270,net/http.(*response).Hijack
6c3f03f0,net/http.(*response).Hijack.func1
6c3f0430,net/http.registerOnHitEOF
6c3f0560,net/http.requestBodyRemains
6c3f06d0,net/http.HandlerFunc.ServeHTTP
6c3f0710,net/http.Error
6c3f0950,net/http.NotFound
6c3f09a0,net/http.Redirect
6c3f0ff0,net/http.(*redirectHandler).ServeHTTP
6c3f1050,net/http.cleanPath
6c3f11b0,net/http.stripHostPort
6c3f1260,net/http.(*ServeMux).redirectToPathSlash
6c3f1500,net/http.(*ServeMux).Handler
6c3f1960,net/http.(*ServeMux).handler
6c3f1d20,net/http.(*ServeMux).handler.func1
6c3f1d60,net/http.(*ServeMux).ServeHTTP
6c3f1ed0,net/http.(*ServeMux).Handle
6c3f2150,net/http.(*ServeMux).Handle.func1
6c3f2190,net/http.appendSorted
6c3f2460,net/http.appendSorted.func1
6c3f24b0,net/http.(*Server).Close
6c3f2640,net/http.(*Server).Close.func1
6c3f2680,net/http.(*Server).Shutdown
6c3f2920,net/http.(*Server).Shutdown.func2
6c3f2960,net/http.(*Server).Shutdown.func1
6c3f2a20,net/http.(*Server).RegisterOnShutdown
6c3f2b00,net/http.(*Server).closeIdleConns
6c3f2d50,net/http.(*Server).closeIdleConns.func1
6c3f2d90,net/http.(*Server).closeListenersLocked
6c3f2e60,net/http.ConnState.String
6c3f2eb0,net/http.serverHandler.ServeHTTP
6c3f2f60,net/http.(*Server).ListenAndServe
6c3f3040,net/http.(*Server).Serve
6c3f3720,net/http.(*Server).Serve.func3
6c3f3770,net/http.(*Server).Serve.func2
6c3f37c0,net/http.(*Server).Serve.func1
6c3f3800,net/http.(*Server).trackListener
6c3f3980,net/http.(*Server).trackListener.func1
6c3f39c0,net/http.(*Server).trackConn
6c3f3ad0,net/http.(*Server).trackConn.func1
6c3f3b10,net/http.(*Server).doKeepAlives
6c3f3b70,net/http.(*Server).logf
6c3f3c70,net/http.(*Server).logf.Printf.func2
6c3f3cf0,net/http.(*Server).logf.(*Logger).Printf.func1
6c3f3d70,net/http.logf
6c3f3ec0,net/http.logf.Printf.func2
6c3f3f40,net/http.logf.(*Logger).Printf.func1
6c3f3fc0,net/http.(*Server).onceSetNextProtoDefaults_Serve
6c3f4070,net/http.(*Server).onceSetNextProtoDefaults
6c3f4140,net/http.(*onceCloseListener).Close
6c3f41b0,net/http.globalOptionsHandler.ServeHTTP
6c3f43a0,net/http.initALPNRequest.BaseContext
6c3f43d0,net/http.initALPNRequest.ServeHTTP
6c3f4560,net/http.checkConnErrorWriter.Write
6c3f4620,net/http.DetectContentType
6c3f4720,net/http.(*exactSig).match
6c3f47a0,net/http.(*maskedSig).match
6c3f4890,net/http.htmlSig.match
6c3f4990,net/http.mp4Sig.match
6c3f4b00,net/http.textSig.match
6c3f4ba0,net/http.(*socksDialer).connect
6c3f6210,net/http.(*socksDialer).connect.func2
6c3f6340,net/http.(*socksDialer).connect.func1
6c3f63d0,net/http.(*socksDialer).connect.func3
6c3f6420,net/http.sockssplitHostPort
6c3f65d0,net/http.socksReply.String
6c3f6740,net/http.(*socksAddr).Network
6c3f6770,net/http.(*socksAddr).String
6c3f69b0,net/http.(*socksDialer).DialWithConn
6c3f7090,net/http.(*socksDialer).pathAddrs
6c3f72f0,net/http.(*socksUsernamePassword).Authenticate
6c3f7730,net/http.StatusText
6c3f7e30,net/http.errorReader.Read
6c3f7e60,net/http.(*byteReader).Read
6c3f7ef0,net/http.newTransferWriter
6c3f8550,net/http.(*transferWriter).shouldSendChunkedRequestBody
6c3f8680,net/http.(*transferWriter).probeRequestBody
6c3f8cd0,net/http.(*transferWriter).probeRequestBody.func2
6c3f8d20,net/http.(*transferWriter).probeRequestBody.func1
6c3f8e00,net/http.(*transferWriter).shouldSendContentLength
6c3f8f30,net/http.(*transferWriter).writeHeader
6c3f9780,net/http.(*transferWriter).writeBody
6c3f9f20,net/http.(*transferWriter).writeBody.func1
6c3f9fa0,net/http.(*transferWriter).doBodyCopy
6c3fa0b0,net/http.(*transferWriter).unwrapBody
6c3fa160,net/http.readTransfer
6c3fa9a0,net/http.(*unsupportedTEError).Error
6c3fa9d0,net/http.(*transferReader).parseTransferEncoding
6c3facd0,net/http.fixLength
6c3fb260,net/http.shouldClose
6c3fb400,net/http.fixTrailer
6c3fb5c0,net/http.fixTrailer.func1
6c3fb7e0,net/http.(*body).Read
6c3fb900,net/http.(*body).Read.func1
6c3fb940,net/http.(*body).readLocked
6c3fbb70,net/http.seeUpcomingDoubleCRLF
6c3fbc40,net/http.(*body).readTrailer
6c3fc0c0,net/http.(*body).Close
6c3fc340,net/http.(*body).Close.func1
6c3fc380,net/http.(*body).didEarlyClose
6c3fc420,net/http.(*body).didEarlyClose.func1
6c3fc460,net/http.(*body).bodyRemains
6c3fc510,net/http.(*body).bodyRemains.func1
6c3fc550,net/http.(*body).registerOnHitEOF
6c3fc610,net/http.(*body).registerOnHitEOF.func1
6c3fc650,net/http.bodyLocked.Read
6c3fc6e0,net/http.parseContentLength
6c3fc8a0,net/http.finishAsyncByteRead.Read
6c3fc960,net/http.unwrapNopCloser
6c3fcb00,net/http.isKnownInMemoryReader
6c3fcbf0,net/http.bufioFlushWriter.Write
6c3fccc0,net/http.(*Transport).onceSetNextProtoDefaults
6c3fd0e0,net/http.(*Transport).onceSetNextProtoDefaults.Printf.func1
6c3fd160,net/http.ProxyFromEnvironment
6c3fd1d0,net/http.(*transportRequest).setError
6c3fd250,net/http.(*Transport).alternateRoundTripper
6c3fd320,net/http.(*Transport).roundTrip
6c3fe100,net/http.(*readTrackingBody).Read
6c3fe170,net/http.(*readTrackingBody).Close
6c3fe1c0,net/http.rewindBody
6c3fe3e0,net/http.(*persistConn).shouldRetryRequest
6c3fe6f0,net/http.(*Transport).RegisterProtocol
6c3fe980,net/http.(*Transport).RegisterProtocol.func1
6c3fe9c0,net/http.(*Transport).CancelRequest
6c3fea10,net/http.(*Transport).cancelRequest
6c3feb40,net/http.(*Transport).cancelRequest.func1
6c3feb80,net/http.(*Transport).connectMethodForRequest
6c3fec40,net/http.(*connectMethod).proxyAuth
6c3fed70,net/http.transportReadFromServerError.Unwrap
6c3feda0,net/http.transportReadFromServerError.Error
6c3fee30,net/http.(*Transport).putOrCloseIdleConn
6c3fee90,net/http.(*Transport).tryPutIdleConn
6c3ff870,net/http.(*Transport).tryPutIdleConn.func1
6c3ff8b0,net/http.(*Transport).queueForIdleConn
6c3fff90,net/http.(*Transport).queueForIdleConn.func2
6c3fffd0,net/http.(*Transport).queueForIdleConn.func1
6c400010,net/http.(*Transport).removeIdleConn
6c4000c0,net/http.(*Transport).removeIdleConn.func1
6c400100,net/http.(*Transport).removeIdleConnLocked
6c400390,net/http.(*Transport).setReqCanceler
6c4004e0,net/http.(*Transport).setReqCanceler.func1
6c400520,net/http.(*Transport).replaceReqCanceler
6c4006a0,net/http.(*Transport).replaceReqCanceler.func1
6c4006e0,net/http.(*Transport).dial
6c4008b0,net/http.(*wantConn).tryDeliver
6c4009f0,net/http.(*wantConn).tryDeliver.func1
6c400a30,net/http.(*wantConn).cancel
6c400b00,net/http.(*wantConnQueue).len
6c400b30,net/http.(*wantConnQueue).cleanFront
6c400c70,net/http.(*Transport).customDialTLS
6c400d70,net/http.(*Transport).getConn
6c401670,net/http.(*Transport).getConn.func3
6c4016b0,net/http.(*Transport).getConn.func1
6c401700,net/http.(*Transport).queueForDial
6c401a30,net/http.(*Transport).queueForDial.func3
6c401a80,net/http.(*Transport).queueForDial.func2
6c401ac0,net/http.(*Transport).queueForDial.func1
6c401b10,net/http.(*Transport).dialConnFor
6c401c40,net/http.(*Transport).decConnsPerHost
6c401f80,net/http.(*Transport).decConnsPerHost.func2
6c401fd0,net/http.(*Transport).decConnsPerHost.func1
6c402010,net/http.(*persistConn).addTLS
6c4024f0,net/http.(*persistConn).addTLS.func2
6c4025c0,net/http.(*persistConn).addTLS.func1
6c402610,net/http.(*Transport).dialConn
6c404460,net/http.(*Transport).dialConn.func6
6c4044a0,net/http.(*Transport).dialConn.func5
6c4044e0,net/http.(*Transport).dialConn.func3
6c404760,net/http.(*Transport).dialConn.func3.1
6c4047a0,net/http.(*Transport).dialConn.func2
6c404890,net/http.(*Transport).dialConn.func4
6c4048d0,net/http.persistConnWriter.Write
6c404950,net/http.persistConnWriter.ReadFrom
6c404a20,net/http.(*connectMethod).key
6c404b40,net/http.(*connectMethod).tlsHost
6c404be0,net/http.connectMethodKey.String
6c404d10,net/http.(*persistConn).Read
6c404f00,net/http.(*persistConn).isBroken
6c404f60,net/http.(*persistConn).canceled
6c405020,net/http.(*persistConn).canceled.func1
6c405060,net/http.(*persistConn).isReused
6c4050c0,net/http.(*persistConn).gotIdleConnTrace
6c405200,net/http.(*persistConn).gotIdleConnTrace.func1
6c405240,net/http.(*persistConn).cancelRequest
6c405330,net/http.(*persistConn).cancelRequest.func1
6c405370,net/http.(*persistConn).closeConnIfStillIdle
6c405470,net/http.(*persistConn).closeConnIfStillIdle.func1
6c4054b0,net/http.(*persistConn).mapRoundTripError
6c405750,net/http.(*persistConn).readLoop
6c406670,net/http.(*persistConn).readLoop.func4
6c406760,net/http.(*persistConn).readLoop.func3
6c4067c0,net/http.(*persistConn).readLoop.func5
6c406800,net/http.(*persistConn).readLoop.func2
6c406910,net/http.(*persistConn).readLoop.func1
6c406960,net/http.(*persistConn).readLoopPeekFailLocked
6c406ba0,net/http.(*persistConn).readLoopPeekFailLocked.Printf.func1
6c406c20,net/http.(*persistConn).readResponse
6c406fc0,net/http.(*readWriteCloserBody).Read
6c4070b0,net/http.nothingWrittenError.Unwrap
6c4070e0,net/http.(*persistConn).writeLoop
6c4073d0,net/http.(*persistConn).writeLoop.(*persistConn).waitForContinue.func1
6c407520,net/http.(*persistConn).writeLoop.(*persistConn).waitForContinue.func1.1
6c407560,net/http.(*persistConn).writeLoop.func2
6c4075a0,net/http.(*persistConn).wroteRequest
6c407730,net/http.(*persistConn).wroteRequest.func1
6c407770,net/http.(*httpError).Error
6c4077a0,net/http.(*httpError).Timeout
6c4077d0,net/http.(*httpError).Temporary
6c4077f0,net/http.nop
6c407810,net/http.(*persistConn).roundTrip
6c408680,net/http.(*persistConn).roundTrip.func3
6c4086c0,net/http.(*persistConn).roundTrip.func1
6c408710,net/http.(*persistConn).roundTrip.func2
6c408750,net/http.(*persistConn).markReused
6c4087a0,net/http.(*persistConn).close
6c408850,net/http.(*persistConn).close.func1
6c408890,net/http.(*persistConn).closeLocked
6c4089e0,net/http.idnaASCIIFromURL
6c408a60,net/http.canonicalAddr
6c408bd0,net/http.(*bodyEOFSignal).Read
6c408de0,net/http.(*bodyEOFSignal).Read.func1
6c408e20,net/http.(*bodyEOFSignal).Close
6c408fd0,net/http.(*bodyEOFSignal).Close.func1
6c409010,net/http.(*gzipReader).Read
6c4091b0,net/http.(*gzipReader).Close
6c4091f0,net/http.tlsHandshakeTimeoutError.Timeout
6c409210,net/http.tlsHandshakeTimeoutError.Temporary
6c409230,net/http.tlsHandshakeTimeoutError.Error
6c409260,net/http.fakeLocker.Lock
6c409280,net/http.fakeLocker.Unlock
6c4092a0,net/http.(*connLRU).add
6c4094c0,net/http.(*connLRU).len
6c4094f0,net/http.NewRequestWithContext.func4
6c409530,net/http.(*Server).onceSetNextProtoDefaults.func1
6c409650,net/http.(*http2ClientConn).RoundTrip.func3
6c4096d0,net/http.(*http2Framer).readMetaFrame.func2
6c4096f0,net/http.(*Transport).getConn.func2
6c409710,net/http.init
6c40a820,net/http.map.init.0
6c40ac40,net/http.map.init.1
6c40af80,net/http.map.init.2
6c40b4d0,net/http.map.init.3
6c40b7c0,net/http.(*http2Framer).logWrite.http2NewFramer.func1
6c40b7e0,net/http.(*http2Transport).newClientConn.http2NewFramer.func1
6c40b800,net/http.(*http2Server).ServeConn.http2NewFramer.func1
6c40b820,net/http.ProxyFromEnvironment.envProxyFunc.func1
6c40b870,type:.eq.struct_{_io.Reader;_io.WriterTo_}
6c40b900,type:.eq.net/http.readTrackingBody
6c40b970,type:.eq.net/http.muxEntry
6c40b9f0,type:.eq.net/http.redirectHandler
6c40ba50,type:.eq.net/http.connReader
6c40bad0,type:.eq.sync/atomic.Pointer[net/http.response]
6c40bb00,type:.eq.net/http.expectContinueReader
6c40bb80,type:.eq.net/http.statusError
6c40bbe0,type:.eq.net/http.maxBytesReader
6c40bce0,type:.eq.net/http.http2PriorityParam
6c40bd30,type:.eq.net/http.http2FrameHeader
6c40bd90,type:.eq.net/http.http2Setting
6c40bdd0,type:.eq.net/http.http2PingFrame
6c40be40,type:.eq.net/http.http2PriorityFrame
6c40bec0,type:.eq.net/http.http2RSTStreamFrame
6c40bf20,type:.eq.net/http.http2WindowUpdateFrame
6c40bf80,type:.eq.net/http.http2StreamError
6c40bff0,type:.eq.net/http.http2FrameWriteRequest
6c40c060,type:.eq.net/http.connectMethodKey
6c40c130,type:.hash.net/http.connectMethodKey
6c40c1c0,type:.eq.net/http.http2GoAwayError
6c40c220,type:.eq.net/http.onceCloseListener
6c40c2d0,type:.eq.net/http.initALPNRequest
6c40c340,type:.eq.net/http.http2connError
6c40c3a0,type:.eq.net/http.http2stickyErrWriter
6c40c420,type:.eq.net/http.httpError
6c40c480,net/http.(*fileInfoDirs).isDir
6c40c4f0,net/http.(*fileInfoDirs).len
6c40c530,net/http.(*fileInfoDirs).name
6c40c5b0,net/http.(*dirEntryDirs).isDir
6c40c620,net/http.(*dirEntryDirs).len
6c40c660,net/http.(*dirEntryDirs).name
6c40c6e0,net/http.(*ioFS).Open
6c40c760,net/http.(*ioFile).Close
6c40c7c0,net/http.(*ioFile).Read
6c40c840,net/http.(*ioFile).ReadDir
6c40c8c0,net/http.(*ioFile).Readdir
6c40c940,net/http.(*ioFile).Seek
6c40c9d0,net/http.(*ioFile).Stat
6c40ca40,net/http.(*connectMethodKey).String
6c40cab0,net/http.(*http2FrameType).String
6c40cbb0,net/http.(*http2FrameHeader).Header
6c40cc20,net/http.(*http2FrameHeader).String
6c40cc90,net/http.(*http2ErrCode).String
6c40cd90,net/http.http2GoAwayFrame.Header
6c40cde0,net/http.(*http2GoAwayFrame).Header
6c40ce50,net/http.http2GoAwayFrame.String
6c40ceb0,net/http.(*http2GoAwayFrame).String
6c40cf10,net/http.(*http2GoAwayFrame).invalidate
6c40cf50,net/http.http2DataFrame.Header
6c40cfa0,net/http.(*http2DataFrame).Header
6c40d010,net/http.http2DataFrame.String
6c40d070,net/http.(*http2DataFrame).String
6c40d0d0,net/http.(*http2DataFrame).invalidate
6c40d110,net/http.(*http2SettingID).String
6c40d210,net/http.(*http2Setting).String
6c40d310,net/http.http2HeadersFrame.Header
6c40d360,net/http.(*http2HeadersFrame).Header
6c40d3d0,net/http.http2HeadersFrame.String
6c40d430,net/http.(*http2HeadersFrame).String
6c40d490,net/http.(*http2HeadersFrame).invalidate
6c40d4d0,net/http.http2MetaHeadersFrame.Header
6c40d540,net/http.(*http2MetaHeadersFrame).Header
6c40d5b0,net/http.http2MetaHeadersFrame.HeaderBlockFragment
6c40d620,net/http.(*http2MetaHeadersFrame).HeaderBlockFragment
6c40d690,net/http.http2MetaHeadersFrame.HeadersEnded
6c40d6d0,net/http.(*http2MetaHeadersFrame).HeadersEnded
6c40d710,net/http.http2MetaHeadersFrame.String
6c40d770,net/http.(*http2MetaHeadersFrame).String
6c40d7e0,net/http.http2MetaHeadersFrame.invalidate
6c40d820,net/http.(*http2MetaHeadersFrame).invalidate
6c40d860,net/http.(*http2noDialClientConnPool).GetClientConn
6c40d8e0,net/http.http2noDialClientConnPool.MarkDead
6c40d930,net/http.(*http2noDialClientConnPool).MarkDead
6c40d980,net/http.(*http2ConnectionError).Error
6c40da40,net/http.(*http2StreamError).As
6c40dac0,net/http.(*http2StreamError).Error
6c40db30,net/http.(*http2StreamError).staysWithinBuffer
6c40db80,net/http.(*http2StreamError).writeFrame
6c40dc00,net/http.(*http2goAwayFlowError).Error
6c40dc50,net/http.(*http2connError).Error
6c40dd60,net/http.(*http2pseudoHeaderError).Error
6c40de30,net/http.(*http2duplicatePseudoHeaderError).Error
6c40df00,net/http.(*http2headerFieldNameError).Error
6c40dfd0,net/http.(*http2headerFieldValueError).Error
6c40e0a0,net/http.http2SettingsFrame.Header
6c40e0f0,net/http.(*http2SettingsFrame).Header
6c40e160,net/http.http2SettingsFrame.String
6c40e1c0,net/http.(*http2SettingsFrame).String
6c40e220,net/http.(*http2SettingsFrame).invalidate
6c40e260,net/http.http2PingFrame.Header
6c40e2b0,net/http.(*http2PingFrame).Header
6c40e320,net/http.http2PingFrame.String
6c40e380,net/http.(*http2PingFrame).String
6c40e3e0,net/http.(*http2PingFrame).invalidate
6c40e420,net/http.http2UnknownFrame.Header
6c40e470,net/http.(*http2UnknownFrame).Header
6c40e4e0,net/http.http2UnknownFrame.String
6c40e540,net/http.(*http2UnknownFrame).String
6c40e5a0,net/http.(*http2UnknownFrame).invalidate
6c40e5e0,net/http.http2WindowUpdateFrame.Header
6c40e630,net/http.(*http2WindowUpdateFrame).Header
6c40e6a0,net/http.http2WindowUpdateFrame.String
6c40e700,net/http.(*http2WindowUpdateFrame).String
6c40e760,net/http.(*http2WindowUpdateFrame).invalidate
6c40e7a0,net/http.http2PriorityFrame.Header
6c40e7f0,net/http.(*http2PriorityFrame).Header
6c40e860,net/http.http2PriorityFrame.String
6c40e8c0,net/http.(*http2PriorityFrame).String
6c40e920,net/http.(*http2PriorityFrame).invalidate
6c40e960,net/http.http2RSTStreamFrame.Header
6c40e9b0,net/http.(*http2RSTStreamFrame).Header
6c40ea20,net/http.http2RSTStreamFrame.String
6c40ea80,net/http.(*http2RSTStreamFrame).String
6c40eae0,net/http.(*http2RSTStreamFrame).invalidate
6c40eb20,net/http.http2ContinuationFrame.Header
6c40eb70,net/http.(*http2ContinuationFrame).Header
6c40ebe0,net/http.http2ContinuationFrame.String
6c40ec40,net/http.(*http2ContinuationFrame).String
6c40eca0,net/http.(*http2ContinuationFrame).invalidate
6c40ece0,net/http.http2PushPromiseFrame.Header
6c40ed30,net/http.(*http2PushPromiseFrame).Header
6c40eda0,net/http.http2PushPromiseFrame.String
6c40ee00,net/http.(*http2PushPromiseFrame).String
6c40ee60,net/http.(*http2PushPromiseFrame).invalidate
6c40eea0,net/http.(*http2streamState).String
6c40ef10,net/http.(*http2FrameWriteRequest).String
6c40ef80,net/http.(*ConnState).String
6c40eff0,net/http.(*http2chunkWriter).Write
6c40f0e0,net/http.(*HandlerFunc).ServeHTTP
6c40f140,net/http.(*http2stickyErrWriter).Write
6c40f1d0,net/http.(*http2noCachedConnError).Error
6c40f220,net/http.(*http2GoAwayError).Error
6c40f340,net/http.(*http2transportResponseBody).Close
6c40f3a0,net/http.(*http2transportResponseBody).Read
6c40f420,net/http.(*http2noBodyReader).Close
6c40f470,net/http.(*http2noBodyReader).Read
6c40f4d0,net/http.(*http2missingBody).Close
6c40f520,net/http.(*http2missingBody).Read
6c40f580,net/http.(*http2erringRoundTripper).RoundTrip
6c40f5d0,net/http.(*http2erringRoundTripper).RoundTripErr
6c40f620,net/http.(*http2noDialH2RoundTripper).RoundTrip
6c40f690,net/http.(*http2Transport).initConnPool-fm
6c40f760,net/http.(*http2flushFrameWriter).staysWithinBuffer
6c40f7a0,net/http.(*http2flushFrameWriter).writeFrame
6c40f800,net/http.(*http2writeSettings).staysWithinBuffer
6c40f860,net/http.(*http2writeSettings).writeFrame
6c40f8e0,net/http.(*http2handlerPanicRST).staysWithinBuffer
6c40f930,net/http.(*http2handlerPanicRST).writeFrame
6c40f9a0,net/http.(*http2writePingAck).staysWithinBuffer
6c40f9f0,net/http.(*http2writePingAck).writeFrame
6c40fa60,net/http.(*http2writeSettingsAck).staysWithinBuffer
6c40fab0,net/http.(*http2writeSettingsAck).writeFrame
6c40fb20,net/http.(*http2write100ContinueHeadersFrame).staysWithinBuffer
6c40fb70,net/http.(*http2write100ContinueHeadersFrame).writeFrame
6c40fbe0,net/http.(*http2writeWindowUpdate).staysWithinBuffer
6c40fc30,net/http.(*http2writeWindowUpdate).writeFrame
6c40fca0,net/http.(*http2sortPriorityNodeSiblings).Len
6c40fce0,net/http.(*http2sortPriorityNodeSiblings).Less
6c40fe20,net/http.(*http2sortPriorityNodeSiblings).Swap
6c40feb0,net/http.(*stringWriter).WriteString
6c40ff70,net/http.(*noBody).Close
6c40ffc0,net/http.(*noBody).Read
6c410020,net/http.(*noBody).WriteTo
6c410080,net/http.requestBodyReadError.Error
6c4100e0,net/http.(*requestBodyReadError).Error
6c410140,net/http.writerOnly.Write
6c4101c0,net/http.(*writerOnly).Write
6c410240,net/http.(*statusError).Error
6c4102e0,net/http.(*serverHandler).ServeHTTP
6c410350,net/http.onceCloseListener.Accept
6c4103c0,net/http.(*onceCloseListener).Accept
6c410430,net/http.(*globalOptionsHandler).ServeHTTP
6c410490,net/http.(*initALPNRequest).BaseContext
6c4104e0,net/http.(*initALPNRequest).ServeHTTP
6c410560,net/http.(*checkConnErrorWriter).Write
6c4105e0,net/http.(*htmlSig).match
6c4106f0,net/http.(*mp4Sig).match
6c410770,net/http.(*textSig).match
6c410830,net/http.(*errorReader).Read
6c410880,net/http.(*bodyLocked).Read
6c410920,net/http.(*finishAsyncByteRead).Read
6c4109f0,go:struct_{_io.Reader;_io.WriterTo_}.Read
6c410a70,go:(*struct_{_io.Reader;_io.WriterTo_}).Read
6c410af0,go:struct_{_io.Reader;_io.WriterTo_}.WriteTo
6c410b70,go:(*struct_{_io.Reader;_io.WriterTo_}).WriteTo
6c410bf0,net/http.(*bufioFlushWriter).Write
6c410c70,net/http.(*transportReadFromServerError).Error
6c410d20,net/http.(*transportReadFromServerError).Unwrap
6c410d70,net/http.(*persistConnWriter).ReadFrom
6c410df0,net/http.(*persistConnWriter).Write
6c410ea0,net/http.readWriteCloserBody.Close
6c410f00,net/http.(*readWriteCloserBody).Close
6c410f60,net/http.readWriteCloserBody.Write
6c410fe0,net/http.(*readWriteCloserBody).Write
6c411060,net/http.nothingWrittenError.Error
6c4110c0,net/http.(*nothingWrittenError).Error
6c411120,net/http.(*nothingWrittenError).Unwrap
6c411170,net/http.(*fakeLocker).Lock
6c4111b0,net/http.(*fakeLocker).Unlock
6c4111f0,net/http.(*tlsHandshakeTimeoutError).Error
6c411240,net/http.(*tlsHandshakeTimeoutError).Temporary
6c411280,net/http.(*tlsHandshakeTimeoutError).Timeout
6c4112c0,net.(*Dialer).DialContext-fm
6c411350,net/http.(*onceCloseListener).close-fm
6c4113c0,net/http.(*http2writePushPromise).writeHeaderBlock-fm
6c411450,net/http.(*http2clientStream).copyTrailers-fm
6c4115b0,net/http.(*http2ClientConn).healthCheck-fm
6c4115f0,net/http.(*http2serverInternalState).startGracefulShutdown-fm
6c411630,net/http.Handler.ServeHTTP-fm
6c411690,net/http.(*http2writeResHeaders).writeHeaderBlock-fm
6c411720,net/http.(*http2stream).onWriteTimeout-fm
6c4117f0,net/http.(*http2stream).onReadTimeout-fm
6c411830,net/http.(*http2responseWriterState).declareTrailer-fm
6c411880,net/http.(*http2serverConn).processSetting-fm
6c4118e0,net/http.(*http2serverConn).onShutdownTimer-fm
6c411930,net/http.(*http2serverConn).onIdleTimer-fm
6c411980,net/http.(*http2serverConn).onSettingsTimer-fm
6c4119d0,net/http.http2gate.Done-fm
6c411a20,net/http.(*Server).onceSetNextProtoDefaults_Serve-fm
6c411a60,net/http.(*connReader).startBackgroundRead-fm
6c411aa0,net/http.(*response).declareTrailer-fm
6c411af0,net/http.(*http2stream).copyTrailersToHandlerRequest-fm
6c411c30,net/http.(*http2ClientConn).forceCloseConn-fm
6c411c70,net/http.(*http2ClientConn).onIdleTimeout-fm
6c411cb0,net/http.(*socksUsernamePassword).Authenticate-fm
6c411d30,net/http.(*persistConn).closeConnIfStillIdle-fm
6c411d70,net/http.(*Transport).onceSetNextProtoDefaults-fm
6c411db0,net/http.(*persistConn).cancelRequest-fm
6c411e00,sync/atomic.(*Bool).Load-fm
6c411e50,type:.eq.net/http.socksUsernamePassword
6c411ee0,type:.eq.[5]net/http.http2Setting
6c411f40,github.com/gorilla/websocket.hostPortNoPort
6c4120f0,github.com/gorilla/websocket.glob..func1
6c412140,github.com/gorilla/websocket.decompressNoContextTakeover
6c412310,github.com/gorilla/websocket.compressNoContextTakeover
6c412490,github.com/gorilla/websocket.(*truncWriter).Write
6c412720,github.com/gorilla/websocket.(*flateWriteWrapper).Write
6c4127a0,github.com/gorilla/websocket.(*flateWriteWrapper).Close
6c4128d0,github.com/gorilla/websocket.(*flateReadWrapper).Read
6c4129c0,github.com/gorilla/websocket.(*flateReadWrapper).Close
6c412a80,github.com/gorilla/websocket.(*netError).Error
6c412ab0,github.com/gorilla/websocket.(*netError).Temporary
6c412ae0,github.com/gorilla/websocket.(*netError).Timeout
6c412b10,github.com/gorilla/websocket.(*CloseError).Error
6c413290,github.com/gorilla/websocket.hideTempErr
6c4133a0,github.com/gorilla/websocket.newConn
6c413760,github.com/gorilla/websocket.newConn.(*Conn).SetPingHandler.func2
6c413920,github.com/gorilla/websocket.newConn.(*Conn).SetCloseHandler.func1
6c413a10,github.com/gorilla/websocket.(*Conn).Close
6c413a50,github.com/gorilla/websocket.(*Conn).LocalAddr
6c413a90,github.com/gorilla/websocket.(*Conn).RemoteAddr
6c413ad0,github.com/gorilla/websocket.(*Conn).writeFatal
6c413b80,github.com/gorilla/websocket.(*Conn).read
6c413c80,github.com/gorilla/websocket.(*Conn).write
6c413f60,github.com/gorilla/websocket.(*Conn).write.func1
6c413fa0,github.com/gorilla/websocket.(*Conn).WriteControl
6c4145e0,github.com/gorilla/websocket.(*Conn).WriteControl.func1
6c414620,github.com/gorilla/websocket.(*Conn).beginMessage
6c4147f0,github.com/gorilla/websocket.(*Conn).NextWriter
6c414930,github.com/gorilla/websocket.(*messageWriter).endMessage
6c414a60,github.com/gorilla/websocket.(*messageWriter).flushFrame
6c415060,github.com/gorilla/websocket.(*messageWriter).ncopy
6c415110,github.com/gorilla/websocket.(*messageWriter).Write
6c4152f0,github.com/gorilla/websocket.(*messageWriter).WriteString
6c415440,github.com/gorilla/websocket.(*messageWriter).ReadFrom
6c415600,github.com/gorilla/websocket.(*messageWriter).Close
6c415670,github.com/gorilla/websocket.(*Conn).WriteMessage
6c415860,github.com/gorilla/websocket.(*Conn).SetWriteDeadline
6c4158d0,github.com/gorilla/websocket.(*Conn).advanceFrame
6c416980,github.com/gorilla/websocket.(*Conn).handleProtocolError
6c416b40,github.com/gorilla/websocket.(*Conn).NextReader
6c416dc0,github.com/gorilla/websocket.(*messageReader).Read
6c4171b0,github.com/gorilla/websocket.(*messageReader).Close
6c4171e0,github.com/gorilla/websocket.(*Conn).ReadMessage
6c4172a0,github.com/gorilla/websocket.(*Conn).SetReadDeadline
6c417300,github.com/gorilla/websocket.FormatCloseMessage
6c4173e0,github.com/gorilla/websocket.maskBytes
6c417580,github.com/gorilla/websocket.init.0
6c417630,github.com/gorilla/websocket.(*httpProxyDialer).Dial
6c417d30,github.com/gorilla/websocket.HandshakeError.Error
6c417d60,github.com/gorilla/websocket.(*Upgrader).returnError
6c417f30,github.com/gorilla/websocket.checkSameOrigin
6c417ff0,github.com/gorilla/websocket.(*Upgrader).selectSubprotocol
6c418140,github.com/gorilla/websocket.(*Upgrader).Upgrade
6c419380,github.com/gorilla/websocket.Subprotocols
6c4194d0,github.com/gorilla/websocket.bufioReaderSize
6c419630,github.com/gorilla/websocket.(*writeHook).Write
6c419690,github.com/gorilla/websocket.bufioWriterBuffer
6c419890,github.com/gorilla/websocket.computeAcceptKey
6c4199f0,github.com/gorilla/websocket.nextTokenOrQuoted
6c419ca0,github.com/gorilla/websocket.equalASCIIFold
6c419de0,github.com/gorilla/websocket.tokenListContainsValue
6c41a000,github.com/gorilla/websocket.parseExtensions
6c41a650,github.com/gorilla/websocket.isValidChallengeKey
6c41a6c0,github.com/gorilla/websocket.init.0.func1
6c41a790,github.com/gorilla/websocket.init
6c41a840,github.com/gorilla/websocket.map.init.0
6c41aac0,github.com/gorilla/websocket.newConn.(*Conn).SetPongHandler.func3
6c41aaf0,type:.eq.github.com/gorilla/websocket.messageWriter
6c41ab70,type:.eq.github.com/gorilla/websocket.netError
6c41abe0,type:.eq.github.com/gorilla/websocket.CloseError
6c41ac40,type:.eq.github.com/gorilla/websocket.truncWriter
6c41acb0,github.com/gorilla/websocket.(*HandshakeError).Error
6c41ad00,github.com/gorilla/websocket.proxy_Dialer.Dial-fm
6c41ad80,values.LoginReset
6c41b110,values.ClientStr
6c41b280,values.AdDialog
6c41b340,values.Restart
6c41b470,values.init
6c41b550,type:.eq.values.Pc
6c41b610,github.com/pkg/errors.(*fundamental).Error
6c41b640,github.com/pkg/errors.(*fundamental).Format
6c41b7e0,github.com/pkg/errors.(*withStack).Unwrap
6c41b810,github.com/pkg/errors.(*withStack).Format
6c41ba20,github.com/pkg/errors.Frame.file
6c41ba90,github.com/pkg/errors.Frame.line
6c41baf0,github.com/pkg/errors.Frame.name
6c41bb60,github.com/pkg/errors.Frame.Format
6c41bf10,github.com/pkg/errors.Frame.MarshalText
6c41c0c0,github.com/pkg/errors.(*stack).Format
6c41c1d0,github.com/pkg/errors.callers
6c41c290,github.com/pkg/errors.funcname
6c41c370,type:.eq.github.com/pkg/errors.withStack
6c41c3e0,type:.eq.github.com/pkg/errors.fundamental
6c41c440,github.com/pkg/errors.(*Frame).Format
6c41c4b0,github.com/pkg/errors.(*Frame).MarshalText
6c41c530,github.com/pkg/errors.(*Frame).name
6c41c590,github.com/pkg/errors.withStack.Error
6c41c5f0,github.com/pkg/errors.(*withStack).Error
6c41c650,golang.org/x/net/ipv6.(*PacketConn).SetDeadline
6c41c6d0,golang.org/x/net/ipv6.(*PacketConn).SetReadDeadline
6c41c750,golang.org/x/net/ipv6.(*PacketConn).SetWriteDeadline
6c41c7d0,golang.org/x/net/ipv6.(*PacketConn).Close
6c41c840,golang.org/x/net/ipv6.NewPacketConn
6c41c900,golang.org/x/net/ipv6.(*genericOpt).SetHopLimit
6c41c9c0,golang.org/x/net/ipv6.(*payloadHandler).WriteTo
6c41ca90,golang.org/x/net/ipv6.map.init.1
6c41cd90,golang.org/x/net/ipv6.init
6c41cdc0,golang.org/x/net/ipv6.(*rawOpt).Lock
6c41ce00,golang.org/x/net/ipv6.(*rawOpt).Unlock
6c41ce40,golang.org/x/net/ipv6.payloadHandler.Close
6c41cea0,golang.org/x/net/ipv6.(*payloadHandler).Close
6c41cf00,golang.org/x/net/ipv6.payloadHandler.LocalAddr
6c41cf60,golang.org/x/net/ipv6.(*payloadHandler).LocalAddr
6c41cfc0,golang.org/x/net/ipv6.(*payloadHandler).Lock
6c41d010,golang.org/x/net/ipv6.payloadHandler.SetDeadline
6c41d070,golang.org/x/net/ipv6.(*payloadHandler).SetDeadline
6c41d0d0,golang.org/x/net/ipv6.payloadHandler.SetReadDeadline
6c41d130,golang.org/x/net/ipv6.(*payloadHandler).SetReadDeadline
6c41d190,golang.org/x/net/ipv6.payloadHandler.SetWriteDeadline
6c41d1f0,golang.org/x/net/ipv6.(*payloadHandler).SetWriteDeadline
6c41d250,golang.org/x/net/ipv6.(*payloadHandler).Unlock
6c41d2a0,golang.org/x/net/ipv6.PacketConn.LocalAddr
6c41d300,golang.org/x/net/ipv6.(*PacketConn).LocalAddr
6c41d360,golang.org/x/net/ipv6.(*PacketConn).Lock
6c41d3b0,golang.org/x/net/ipv6.(*PacketConn).Unlock
6c41d400,type:.eq.golang.org/x/net/ipv6.rawOpt
6c41d460,type:.eq.golang.org/x/net/ipv6.payloadHandler
6c41d4e0,type:.eq.golang.org/x/net/ipv6.PacketConn
6c41d540,container/heap.Push
6c41d5b0,container/heap.Pop
6c41d650,container/heap.up
6c41d6e0,container/heap.down
6c41d7f0,kcp-go.(*autoTune).FindPeriod
6c41d8d0,kcp-go.NewAESBlockCrypt
6c41d9a0,kcp-go.(*aesBlockCrypt).Encrypt
6c41da20,kcp-go.(*aesBlockCrypt).Decrypt
6c41daa0,kcp-go.encrypt
6c41dbc0,kcp-go.encrypt8
6c41e610,kcp-go.encrypt16
6c420470,kcp-go.decrypt
6c420590,kcp-go.decrypt8
6c4211c0,kcp-go.decrypt16
6c423050,kcp-go.(*nonceAES128).Init
6c423140,kcp-go.(*nonceAES128).Fill
6c423210,kcp-go.newFECDecoder
6c4233c0,kcp-go.(*fecDecoder).decode
6c424410,kcp-go.(*fecDecoder).freeRange
6c4245a0,kcp-go.newFECEncoder
6c424800,kcp-go.(*fecEncoder).encode
6c424c50,kcp-go.(*segment).encode
6c424e50,kcp-go.(*KCP).Recv
6c4253c0,kcp-go.(*KCP).Send
6c425800,kcp-go.(*KCP).update_ack
6c4258d0,kcp-go.(*KCP).parse_ack
6c4259d0,kcp-go.(*KCP).parse_una
6c425bb0,kcp-go.(*KCP).parse_data
6c4261a0,kcp-go.(*KCP).Input
6c4269c0,kcp-go.(*KCP).flush
6c427890,kcp-go.(*KCP).flush.func1
6c427960,kcp-go.(*KCP).ReleaseTX
6c427af0,kcp-go.(*UDPSession).defaultReadLoop
6c4282d0,kcp-go.(*UDPSession).defaultReadLoop.(*UDPSession).notifyReadError.func2
6c428330,kcp-go.(*UDPSession).defaultReadLoop.(*UDPSession).notifyReadError.func1
6c428390,kcp-go.(*Listener).defaultMonitor
6c428910,kcp-go.(*Listener).defaultMonitor.(*Listener).notifyReadError.func1
6c428a10,kcp-go.(*UDPSession).UDPWrite
6c428ba0,kcp-go.(*UDPSession).readLoop
6c428bd0,kcp-go.(*Listener).monitor
6c428c00,kcp-go.init.0
6c428c40,kcp-go.newUDPSession
6c429470,kcp-go.newUDPSession.func2
6c4294b0,kcp-go.newUDPSession.func1
6c429500,kcp-go.(*UDPSession).Read
6c429cd0,kcp-go.(*UDPSession).Write
6c429d60,kcp-go.(*UDPSession).WriteBuffers
6c42a550,kcp-go.(*UDPSession).uncork
6c42a6b0,kcp-go.(*UDPSession).Close
6c42aa40,kcp-go.(*UDPSession).Close.func1
6c42aa80,kcp-go.(*UDPSession).LocalAddr
6c42aac0,kcp-go.(*UDPSession).RemoteAddr
6c42aaf0,kcp-go.(*UDPSession).SetDeadline
6c42ac50,kcp-go.(*UDPSession).SetDeadline.func1
6c42ac90,kcp-go.(*UDPSession).SetReadDeadline
6c42ada0,kcp-go.(*UDPSession).SetReadDeadline.func1
6c42ade0,kcp-go.(*UDPSession).SetWriteDeadline
6c42aef0,kcp-go.(*UDPSession).SetWriteDeadline.func1
6c42af30,kcp-go.(*UDPSession).SetWindowSize
6c42afe0,kcp-go.(*UDPSession).SetWindowSize.func1
6c42b020,kcp-go.(*UDPSession).SetMtu
6c42b170,kcp-go.(*UDPSession).SetMtu.func1
6c42b1b0,kcp-go.(*UDPSession).SetStreamMode
6c42b270,kcp-go.(*UDPSession).SetStreamMode.func1
6c42b2b0,kcp-go.(*UDPSession).SetACKNoDelay
6c42b350,kcp-go.(*UDPSession).SetACKNoDelay.func1
6c42b390,kcp-go.(*UDPSession).SetNoDelay
6c42b480,kcp-go.(*UDPSession).SetNoDelay.func1
6c42b4c0,kcp-go.(*UDPSession).SetReadBuffer
6c42b5e0,kcp-go.(*UDPSession).SetReadBuffer.func1
6c42b620,kcp-go.(*UDPSession).SetWriteBuffer
6c42b740,kcp-go.(*UDPSession).SetWriteBuffer.func1
6c42b780,kcp-go.(*UDPSession).output
6c42bea0,kcp-go.(*UDPSession).update
6c42c000,kcp-go.(*UDPSession).notifyReadError
6c42c080,kcp-go.(*UDPSession).notifyReadError.func1
6c42c0e0,kcp-go.(*UDPSession).packetInput
6c42c2b0,kcp-go.(*UDPSession).kcpInput
6c42ca20,kcp-go.(*Listener).packetInput
6c42d0a0,kcp-go.(*Listener).SetReadBuffer
6c42d130,kcp-go.(*Listener).SetWriteBuffer
6c42d1c0,kcp-go.(*Listener).Accept
6c42d210,kcp-go.(*Listener).AcceptKCP
6c42d580,kcp-go.(*Listener).SetDeadline
6c42d600,kcp-go.(*Listener).SetReadDeadline
6c42d670,kcp-go.(*Listener).SetWriteDeadline
6c42d6a0,kcp-go.(*Listener).Close
6c42d7d0,kcp-go.(*Listener).Close.func1
6c42d810,kcp-go.(*Listener).closeSession
6c42d980,kcp-go.(*Listener).closeSession.func1
6c42d9c0,kcp-go.serveConn
6c42dc60,kcp-go.serveConn.func1
6c42dca0,kcp-go.DialWithOptions
6c42de70,kcp-go.init.1
6c42dec0,kcp-go.timedFuncHeap.Len
6c42dee0,kcp-go.timedFuncHeap.Less
6c42df70,kcp-go.timedFuncHeap.Swap
6c42e050,kcp-go.(*timedFuncHeap).Push
6c42e160,kcp-go.(*timedFuncHeap).Pop
6c42e220,kcp-go.NewTimedSched
6c42e3c0,kcp-go.NewTimedSched.func2
6c42e400,kcp-go.NewTimedSched.func1
6c42e440,kcp-go.(*TimedSched).sched
6c42e830,kcp-go.(*TimedSched).prepend
6c42eac0,kcp-go.(*TimedSched).Put
6c42ebe0,kcp-go.(*UDPSession).defaultTx
6c42edb0,kcp-go.(*UDPSession).defaultTx.(*UDPSession).notifyWriteError.func1
6c42ee10,kcp-go.init.0.func1
6c42ee80,kcp-go.init
6c42ef80,type:.eq.kcp-go.nonceAES128
6c42f000,type:.eq.kcp-go.KCPOptions
6c42f050,type:.eq.kcp-go.pulse
6c42f090,type:.eq.[258]kcp-go.pulse
6c42f0f0,type:.eq.kcp-go.autoTune
6c42f130,type:.eq.kcp-go.aesBlockCrypt
6c42f1b0,kcp-go.(*timedFuncHeap).Len
6c42f1f0,kcp-go.(*timedFuncHeap).Less
6c42f2b0,kcp-go.(*timedFuncHeap).Swap
6c42f3c0,kcp-go.(*UDPSession).update-fm
6c42f400,go-reuseport.Control
6c42f4c0,go-reuseport.Control.func1
6c42f550,goproxy/proxy.(*bufferHeader).append
6c42f6c0,goproxy/proxy.(*bufferHeader).append.func1
6c42f700,goproxy/proxy.(*bufferHeader).pop
6c42f800,goproxy/proxy.(*bufferHeader).pop.func1
6c42f840,goproxy/proxy.(*bufferHeader).free
6c42f920,goproxy/proxy.(*bufferHeader).free.func1
6c42f9d0,goproxy/proxy.(*bufferHeader).almostFull
6c42fa90,goproxy/proxy.(*bufferHeader).almostFull.func1
6c42fad0,goproxy/proxy.(*bufferHeader).almostEmpty
6c42fb90,goproxy/proxy.(*bufferHeader).almostEmpty.func1
6c42fbd0,goproxy/proxy.(*client).read
6c42ff20,goproxy/proxy.(*client).write
6c430320,goproxy/proxy.(*client).write.func1
6c430360,goproxy/proxy.(*client).handle
6c430390,goproxy/proxy.init.0
6c4303d0,goproxy/proxy.NewProxy
6c430700,goproxy/proxy.(*Proxy).clientExit
6c430800,goproxy/proxy.(*Proxy).clientExit.func1
6c430840,goproxy/proxy.(*Proxy).accept
6c430ba0,goproxy/proxy.(*Proxy).accept.func1
6c430be0,goproxy/proxy.(*Proxy).NewPeerListener
6c430d80,goproxy/proxy.(*Proxy).NewListener
6c431110,goproxy/proxy.(*Proxy).NewListener.func1
6c4315f0,goproxy/proxy.(*Proxy).NewListener.func1.1
6c431650,goproxy/proxy.(*Proxy).NewListener.func2
6c4316b0,goproxy/proxy.(*Proxy).newConnection
6c431c00,goproxy/proxy.(*Proxy).newConnection.func1
6c431c40,goproxy/proxy.(*Proxy).readProc
6c432260,goproxy/proxy.(*Proxy).readProc.func1
6c4322a0,goproxy/proxy.(*Proxy).read
6c4327f0,goproxy/proxy.(*Proxy).buildCommand
6c432ad0,goproxy/proxy.(*Proxy).sendCommand
6c432b90,goproxy/proxy.(*Proxy).writeBuffer
6c432d60,goproxy/proxy.(*Proxy).write
6c433470,goproxy/proxy.(*Proxy).write.func1
6c4334b0,goproxy/proxy.(*Proxy).Handle
6c4334e0,goproxy/proxy.(*Proxy).QuitClient
6c433550,goproxy/proxy.(*Proxy).ServerKidCon
6c433690,goproxy/proxy.(*Proxy).ServerKidCon.func1
6c4336e0,goproxy/proxy.(*Proxy).serverLocalUDPListen
6c433b50,goproxy/proxy.(*Proxy).Server_udpRecvAndSend
6c434490,goproxy/proxy.(*Proxy).server_reader
6c434700,goproxy/proxy.(*Proxy).ServerUdpClose
6c434840,goproxy/proxy.(*Proxy).ClientUdpClose
6c434930,goproxy/proxy.(*Proxy).clintKidCon
6c434c20,goproxy/proxy.(*Proxy).clintKidCon.func1
6c434c70,goproxy/proxy.(*Proxy).clientLocalUDPListen
6c435350,goproxy/proxy.(*Proxy).Client_udpRecvAndSend
6c435520,goproxy/proxy.(*Proxy).client_reader
6c435810,goproxy/proxy.init
6c435860,type:.eq.goproxy/proxy.Address
6c4358f0,type:.eq.goproxy/proxy.Listener
6c435a30,type:.eq.goproxy/proxy.bufferHeader
6c435ab0,type:.eq.goproxy/proxy.client
6c435b90,golang.org/x/sys/windows/registry.Key.Close
6c435bd0,golang.org/x/sys/windows/registry.OpenKey
6c435cc0,golang.org/x/sys/windows/registry.CreateKey
6c435db0,golang.org/x/sys/windows/registry.Key.getValue
6c435fd0,golang.org/x/sys/windows/registry.Key.GetStringValue
6c436180,golang.org/x/sys/windows/registry.Key.GetStringsValue
6c436570,golang.org/x/sys/windows/registry.Key.GetIntegerValue
6c436780,golang.org/x/sys/windows/registry.Key.setValue
6c436890,golang.org/x/sys/windows/registry.Key.setStringValue
6c436950,golang.org/x/sys/windows/registry.regCreateKeyEx
6c436a70,golang.org/x/sys/windows/registry.regSetValueEx
6c436b50,golang.org/x/sys/windows/registry.init
6c436ca0,json.GetClientIpList
6c437380,json.SetClientIpList
6c437c10,json.GetSignLog
6c437f10,json.SetSignLog
6c438400,json.StrToJson
6c438e80,json.GetAuto_login
6c438ff0,json.SetAuto_login
6c439190,json.GetAuto_user
6c4392c0,json.SetAuto_user
6c439470,json.GetAuto_pwd
6c439610,json.SetAuto_pwd
6c439850,json.GetAuto_start
6c4399f0,json.SetAuto_start
6c439c30,json.GetMax_user
6c439da0,json.SetMax_user
6c439fc0,json.GetCon_pwd
6c43a220,json.SetCon_pwd
6c43a560,json.GetPcName
6c43a6b0,json.SetPcName
6c43a920,json.GetVPN
6c43aa50,json.SetVPN
6c43ac70,json.SetP2N
6c43ae90,json.SetLanIP
6c43b100,json.GetWeb_pwd
6c43b360,json.SetWeb_pwd
6c43b6a0,json.GetMappingStr
6c43bd00,json.GetMappingList
6c43c170,json.AddMapping
6c43cc60,json.DelMapping
6c43d0c0,json.EditMapping
6c43dba0,json.newUser
6c43df30,json.getJsonObj
6c43e090,json.createJson
6c43e410,json.createJson.func1
6c43e450,json.GetCurrentPath
6c43e600,json.v_ip
6c43e710,json.v_port
6c43e770,json.isIpv4
6c43e950,json.getMac
6c43f000,json.GetIps
6c43f230,json.AddP2NAndLanIP
6c43f570,json.SetPcid
6c43f660,json.InsertRegKey
6c43f940,json.InsertRegKey.func1
6c43f980,json.ReadStr
6c43fe30,json.ReadStr.func1
6c43fe70,type:.eq.struct_{_Name_string;_LocalIP_string;_LocalPort_string;_Type_string;_RemovePort_string_}
6c43ffb0,type:.eq.vpn/tun/common/config.Config
6c440590,os/exec.(*Error).Error
6c4406d0,os/exec.(*Error).Unwrap
6c440700,os/exec.wrappedError.Error
6c440780,os/exec.wrappedError.Unwrap
6c4407b0,os/exec.Command
6c440b60,os/exec.(*Cmd).String
6c440e90,os/exec.interfaceEqual
6c440f20,os/exec.(*Cmd).childStdin
6c441310,os/exec.(*Cmd).childStdin.func1
6c4414d0,os/exec.(*Cmd).childStderr
6c441590,os/exec.(*Cmd).writerDescriptor
6c441990,os/exec.(*Cmd).writerDescriptor.func1
6c441a30,os/exec.(*Cmd).Run
6c441aa0,os/exec.lookExtensions
6c441d80,os/exec.(*Cmd).Start
6c442840,os/exec.(*Cmd).Start.func4
6c442890,os/exec.(*Cmd).Start.func3
6c4428d0,os/exec.(*Cmd).Start.func2
6c4429b0,os/exec.(*Cmd).Start.func1
6c442ad0,os/exec.(*Cmd).watchCtx
6c443010,os/exec.(*ExitError).Error
6c443050,os/exec.(*Cmd).Wait
6c4432c0,os/exec.(*Cmd).awaitGoroutines
6c443590,os/exec.(*Cmd).awaitGoroutines.func1
6c443620,os/exec.(*Cmd).Output
6c443820,os/exec.(*Cmd).CombinedOutput
6c4439b0,os/exec.(*Cmd).StdinPipe
6c443c40,os/exec.(*prefixSuffixSaver).Write
6c443ff0,os/exec.(*prefixSuffixSaver).Bytes
6c4442a0,os/exec.(*Cmd).environ
6c4443b0,os/exec.dedupEnvCase
6c444870,os/exec.addCriticalEnv
6c444a10,os/exec.chkStat
6c444ab0,os/exec.hasExt
6c444b50,os/exec.findExecutable
6c444cd0,os/exec.LookPath
6c4455e0,os/exec.interfaceEqual.func1
6c445610,os/exec.Command.func1
6c445760,type:.eq.os/exec.Error
6c4457f0,type:.eq.os/exec.wrappedError
6c445880,os/exec.(*wrappedError).Error
6c445940,os/exec.(*wrappedError).Unwrap
6c445990,os/exec.ExitError.String
6c4459e0,os/exec.(*ExitError).String
6c445a30,type:.eq.os/exec.ctxResult
6c445aa0,type:.eq.os/exec.goroutineStatus·1
6c445b00,runtime/debug.ReadBuildInfo
6c445bc0,runtime/debug.ParseBuildInfo
6c446c10,runtime/debug.ParseBuildInfo.func1
6c446d00,runtime/debug.ParseBuildInfo.func2
6c446e20,type:.eq.runtime/debug.Module
6c446ef0,type:.eq.runtime/debug.BuildSetting
6c446f80,go4.org/mem.init
6c446fd0,golang.org/x/crypto/curve25519.init.0
6c447020,golang.org/x/crypto/blake2b.newDigest
6c447190,golang.org/x/crypto/blake2b.(*digest).MarshalBinary
6c4475f0,golang.org/x/crypto/blake2b.(*digest).UnmarshalBinary
6c4479a0,golang.org/x/crypto/blake2b.(*digest).BlockSize
6c4479c0,golang.org/x/crypto/blake2b.(*digest).Size
6c4479f0,golang.org/x/crypto/blake2b.(*digest).Reset
6c447aa0,golang.org/x/crypto/blake2b.(*digest).Write
6c447d30,golang.org/x/crypto/blake2b.(*digest).Sum
6c447e30,golang.org/x/crypto/blake2b.(*digest).finalize
6c448030,golang.org/x/crypto/blake2b.hashBlocksGeneric
6c4493b0,golang.org/x/crypto/blake2b.init.0
6c449490,golang.org/x/crypto/blake2b.init.0.func1
6c4494f0,golang.org/x/crypto/blake2b.init.0.func2
6c449550,golang.org/x/crypto/blake2b.init.0.func3
6c4495b0,tailscale.com/util/dnsname.init
6c4496b0,tailscale.com/tailcfg.init
6c449770,embed.(*file).Name
6c449810,embed.(*file).Size
6c449840,embed.(*file).ModTime
6c449870,embed.(*file).IsDir
6c449920,embed.(*file).Type
6c4499e0,embed.(*file).Info
6c449a20,embed.(*file).Mode
6c449ae0,embed.(*file).String
6c449b30,embed.FS.lookup
6c449d20,embed.FS.lookup.func1
6c449ec0,embed.FS.readDir
6c44a000,embed.FS.readDir.func2
6c44a0e0,embed.FS.readDir.func1
6c44a1c0,embed.FS.Open
6c44a440,embed.(*openFile).Close
6c44a470,embed.(*openFile).Stat
6c44a4b0,embed.(*openFile).Read
6c44a630,embed.(*openFile).Seek
6c44a790,embed.(*openDir).Close
6c44a7c0,embed.(*openDir).Stat
6c44a800,embed.(*openDir).Read
6c44a8d0,embed.(*openDir).ReadDir
6c44aa10,embed.sortSearch
6c44aa80,type:.eq.embed.file
6c44ab40,embed.(*FS).Open
6c44abc0,tailscale.com/version.glob..func1
6c44b090,tailscale.com/version.IsUnstableBuild
6c44b120,tailscale.com/version.IsUnstableBuild.(*SyncValue[go.shape.bool]).Get.func2
6c44b160,tailscale.com/version.glob..func2
6c44b1b0,tailscale.com/version.Short
6c44b250,tailscale.com/version.Short.(*SyncValue[go.shape.string]).Get.func2
6c44b2b0,tailscale.com/version.glob..func3
6c44b4c0,tailscale.com/version.Short.func1
6c44b5f0,tailscale.com/version.IsUnstableBuild.func1
6c44b6c0,tailscale.com/version.init
6c44ba00,tailscale.com/version.init.SyncFunc[go.shape.bool].func3
6c44ba80,tailscale.com/version.init.SyncFunc[go.shape.bool].func3.1
6c44bac0,tailscale.com/version.init.SyncFunc[go.shape.string].func2
6c44bb50,tailscale.com/version.init.SyncFunc[go.shape.string].func2.1
6c44bbb0,tailscale.com/version.init.SyncFunc[go.shape.struct_{_tailscale.com/version.valid_bool;_tailscale.com/version.commit_string;_tailscale.com/version.commitDate_string;_tailscale.com/version.dirty_bool_}].func1
6c44bc50,tailscale.com/version.init.SyncFunc[go.shape.struct_{_tailscale.com/version.valid_bool;_tailscale.com/version.commit_string;_tailscale.com/version.commitDate_string;_tailscale.com/version.dirty_bool_}].func1.1
6c44bcc0,type:.eq.go.shape.struct_{_tailscale.com/version.valid_bool;_tailscale.com/version.commit_string;_tailscale.com/version.commitDate_string;_tailscale.com/version.dirty_bool_}
6c44bd60,type:.eq.tailscale.com/types/lazy.SyncValue[bool]
6c44bde0,type:.eq.tailscale.com/types/lazy.SyncValue[string]
6c44be90,type:.eq.tailscale.com/version.embeddedInfo
6c44bf30,tailscale.com/envknob.noteEnv
6c44c040,tailscale.com/envknob.noteEnv.func1
6c44c080,tailscale.com/envknob.String
6c44c0f0,tailscale.com/envknob.RegisterBool
6c44c2b0,tailscale.com/envknob.RegisterBool.func1
6c44c2e0,tailscale.com/envknob.RegisterBool.func2
6c44c320,tailscale.com/envknob.RegisterOptBool
6c44c4e0,tailscale.com/envknob.RegisterOptBool.func1
6c44c510,tailscale.com/envknob.RegisterOptBool.func2
6c44c550,tailscale.com/envknob.setBoolLocked
6c44c7a0,tailscale.com/envknob.setOptBoolLocked
6c44ca50,tailscale.com/envknob.init
6c44cbe0,golang.org/x/sys/cpu.init.0
6c44cc10,golang.org/x/sys/cpu.processOptions
6c44d170,golang.org/x/sys/cpu.initOptions
6c44d540,golang.org/x/sys/cpu.archInit
6c44d890,golang.org/x/sys/cpu.cpuid
6c44d8b0,golang.org/x/sys/cpu.xgetbv
6c44d8d0,type:.eq.golang.org/x/sys/cpu.option
6c44d950,type:.eq.[39]golang.org/x/sys/cpu.option
6c44dcb0,tailscale.com/syncs.init
6c44dd20,tailscale.com/types/logger.RateLimitedFnWithClock
6c44de80,tailscale.com/types/logger.RateLimitedFnWithClock.func1
6c44e620,tailscale.com/types/logger.(*tokenBucket).AdvanceTo
6c44e760,github.com/dblohm7/wingoes.init
6c44e890,tailscale.com/util/winutil.GetRegInteger
6c44e900,tailscale.com/util/winutil.getRegIntegerInternal
6c44ecd0,tailscale.com/util/winutil.getRegIntegerInternal.Printf.func2
6c44ed50,tailscale.com/util/winutil.getRegIntegerInternal.func3
6c44ed90,tailscale.com/util/winutil.getRegIntegerInternal.Printf.func1
6c44ee10,tailscale.com/util/winutil.init
6c44eea0,tailscale.com/hostinfo.GetOSVersion
6c44ef30,tailscale.com/hostinfo.inContainer
6c44ef60,tailscale.com/hostinfo.goArchVar
6c44f0d0,tailscale.com/hostinfo.init.0
6c44f190,tailscale.com/hostinfo.osVersionWindows
6c44f370,tailscale.com/hostinfo.getUBR
6c44f4f0,tailscale.com/hostinfo.getUBR.func1
6c44f530,tailscale.com/hostinfo.packageTypeWindows
6c44f790,tailscale.com/hostinfo.(*lazyAtomicValue[go.shape.string]).Get.func1
6c44f800,tailscale.com/hostinfo.init
6c44f960,tailscale.com/hostinfo.(*lazyAtomicValue[go.shape.string]).Get
6c44f9e0,tailscale.com/hostinfo.(*lazyAtomicValue[string]).Get-fm
6c44fa40,type:.eq.tailscale.com/hostinfo.lazyAtomicValue[string]
6c44fab0,tailscale.com/net/tsaddr.init
6c44fc00,golang.org/x/text/transform.NopResetter.Reset
6c44fc20,golang.org/x/text/transform.(*Reader).Read
6c450090,golang.org/x/text/transform.(*NopResetter).Reset
6c4500d0,golang.org/x/text/unicode/bidi.LookupRune
6c450170,golang.org/x/text/unicode/bidi.Lookup
6c450490,golang.org/x/text/unicode/bidi.init
6c4504b0,golang.org/x/text/secure/bidirule.init.0
6c450510,golang.org/x/text/unicode/norm.init
6c450680,golang.org/x/net/idna.init
6c450710,golang.org/x/net/http/httpproxy.init
6c450850,github.com/alexbrainman/sspi.QueryPackageInfo
6c450a90,github.com/alexbrainman/sspi.QueryPackageInfo.func1
6c450ad0,github.com/alexbrainman/sspi.AcquireCredentials
6c450c70,github.com/alexbrainman/sspi.(*Credentials).Release
6c450cf0,github.com/alexbrainman/sspi.initialize
6c450d80,github.com/alexbrainman/sspi.(*Context).Update
6c450e00,github.com/alexbrainman/sspi.QuerySecurityPackageInfo
6c450eb0,github.com/alexbrainman/sspi.FreeContextBuffer
6c450f50,github.com/alexbrainman/sspi.AcquireCredentialsHandle
6c451050,github.com/alexbrainman/sspi.FreeCredentialsHandle
6c4510f0,github.com/alexbrainman/sspi.InitializeSecurityContext
6c451240,github.com/alexbrainman/sspi.CompleteAuthToken
6c4512f0,github.com/alexbrainman/sspi.DeleteSecurityContext
6c451390,github.com/alexbrainman/sspi.init
6c451610,type:.eq.github.com/alexbrainman/sspi.PackageInfo
6c4516c0,github.com/alexbrainman/sspi/internal/common.UpdateContext
6c451940,github.com/alexbrainman/sspi/negotiate.init.0
6c451a10,github.com/alexbrainman/sspi/negotiate.AcquireCurrentUserCredentials
6c451a90,github.com/alexbrainman/sspi/negotiate.NewClientContextWithFlags
6c451d80,github.com/alexbrainman/sspi/negotiate.(*ClientContext).Release
6c451e00,tailscale.com/util/clientmetric.(*Metric).Publish
6c4522d0,tailscale.com/util/clientmetric.(*Metric).Publish.func1
6c452310,tailscale.com/util/clientmetric.NewUnpublished
6c452470,tailscale.com/util/clientmetric.isIllegalMetricRune
6c4524c0,tailscale.com/util/clientmetric.NewCounter
6c452510,tailscale.com/util/clientmetric.init
6c452560,tailscale.com/util/cmpver.Compare
6c4529a0,tailscale.com/util/cmpver.splitPrefixFunc
6c452a70,tailscale.com/util/cmpver.Compare.func1
6c452ad0,tailscale.com/net/tshttpproxy.setNoProxyUntil
6c452bd0,tailscale.com/net/tshttpproxy.setNoProxyUntil.func1
6c452c10,tailscale.com/net/tshttpproxy.init.0
6c452c60,tailscale.com/net/tshttpproxy.proxyFromWinHTTPOrCache
6c453800,tailscale.com/net/tshttpproxy.proxyFromWinHTTPOrCache.Printf.func2
6c453880,tailscale.com/net/tshttpproxy.proxyFromWinHTTPOrCache.func3
6c4538c0,tailscale.com/net/tshttpproxy.proxyFromWinHTTPOrCache.func4
6c453900,tailscale.com/net/tshttpproxy.proxyFromWinHTTPOrCache.func1
6c453990,tailscale.com/net/tshttpproxy.proxyFromWinHTTP
6c453e70,tailscale.com/net/tshttpproxy.proxyFromWinHTTP.Printf.func1
6c453ef0,tailscale.com/net/tshttpproxy.proxyFromWinHTTP.func2
6c453f30,tailscale.com/net/tshttpproxy.getAccessFlag
6c453ff0,tailscale.com/net/tshttpproxy.httpOpen
6c454060,tailscale.com/net/tshttpproxy.winHTTPInternet.Close
6c4540a0,tailscale.com/net/tshttpproxy.(*winHTTPProxyInfo).free
6c454130,tailscale.com/net/tshttpproxy.winHTTPInternet.GetProxyForURL
6c454290,tailscale.com/net/tshttpproxy.winHTTPInternet.GetProxyForURL.func1
6c4542d0,tailscale.com/net/tshttpproxy.sysAuthHeaderWindows
6c4545d0,tailscale.com/net/tshttpproxy.sysAuthHeaderWindows.func2
6c454610,tailscale.com/net/tshttpproxy.sysAuthHeaderWindows.func1
6c454650,tailscale.com/net/tshttpproxy.globalFree
6c454740,tailscale.com/net/tshttpproxy.winHTTPCloseHandle
6c454830,tailscale.com/net/tshttpproxy.winHTTPGetProxyForURL
6c454950,tailscale.com/net/tshttpproxy.winHTTPOpen
6c454a80,tailscale.com/net/tshttpproxy.init
6c454d50,tailscale.com/syncs.(*AtomicValue[go.shape.uint32]).LoadOk
6c454dd0,type:.eq.tailscale.com/net/tshttpproxy.result·1
6c454e30,golang.zx2c4.com/wireguard/windows/tunnel/winipcfg.LUID.IPInterface
6c454ee0,golang.zx2c4.com/wireguard/windows/tunnel/winipcfg.LUID.GUID
6c454f60,golang.zx2c4.com/wireguard/windows/tunnel/winipcfg.LUID.AddIPAddress
6c4550b0,golang.zx2c4.com/wireguard/windows/tunnel/winipcfg.LUID.SetIPAddresses
6c455180,golang.zx2c4.com/wireguard/windows/tunnel/winipcfg.LUID.FlushIPAddresses
6c4552a0,golang.zx2c4.com/wireguard/windows/tunnel/winipcfg.LUID.SetDNS
6c455790,golang.zx2c4.com/wireguard/windows/tunnel/winipcfg.runNetsh
6c455d60,golang.zx2c4.com/wireguard/windows/tunnel/winipcfg.runNetsh.func1
6c455ee0,golang.zx2c4.com/wireguard/windows/tunnel/winipcfg.runNetsh.func1.1
6c455f20,golang.zx2c4.com/wireguard/windows/tunnel/winipcfg.LUID.fallbackSetDNSForFamily
6c4564b0,golang.zx2c4.com/wireguard/windows/tunnel/winipcfg.LUID.fallbackSetDNSDomain
6c4568b0,golang.zx2c4.com/wireguard/windows/tunnel/winipcfg.(*MibIPInterfaceRow).get
6c456950,golang.zx2c4.com/wireguard/windows/tunnel/winipcfg.(*RawSockaddrInet).SetAddrPort
6c456bd0,golang.zx2c4.com/wireguard/windows/tunnel/winipcfg.(*RawSockaddrInet).Addr
6c456d20,golang.zx2c4.com/wireguard/windows/tunnel/winipcfg.(*IPAddressPrefix).Prefix
6c4570d0,golang.zx2c4.com/wireguard/windows/tunnel/winipcfg.GetIPForwardTable2
6c4571f0,golang.zx2c4.com/wireguard/windows/tunnel/winipcfg.SetInterfaceDnsSettings
6c457250,golang.zx2c4.com/wireguard/windows/tunnel/winipcfg.convertInterfaceLUIDToGUID
6c457320,golang.zx2c4.com/wireguard/windows/tunnel/winipcfg.createUnicastIPAddressEntry
6c4573e0,golang.zx2c4.com/wireguard/windows/tunnel/winipcfg.deleteUnicastIPAddressEntry
6c4574a0,golang.zx2c4.com/wireguard/windows/tunnel/winipcfg.freeMibTable
6c457540,golang.zx2c4.com/wireguard/windows/tunnel/winipcfg.getIPForwardTable2
6c457610,golang.zx2c4.com/wireguard/windows/tunnel/winipcfg.getIPInterfaceEntry
6c4576d0,golang.zx2c4.com/wireguard/windows/tunnel/winipcfg.getUnicastIPAddressTable
6c4577a0,golang.zx2c4.com/wireguard/windows/tunnel/winipcfg.initializeIPInterfaceEntry
6c457840,golang.zx2c4.com/wireguard/windows/tunnel/winipcfg.initializeUnicastIPAddressEntry
6c4578e0,golang.zx2c4.com/wireguard/windows/tunnel/winipcfg.setInterfaceDnsSettingsByDwords
6c4579f0,golang.zx2c4.com/wireguard/windows/tunnel/winipcfg.init
6c457f30,type:.eq.golang.zx2c4.com/wireguard/windows/tunnel/winipcfg.MibIPInterfaceRow
6c457fb0,type:.eq.golang.zx2c4.com/wireguard/windows/tunnel/winipcfg.IPAddressPrefix
6c458000,type:.eq.golang.zx2c4.com/wireguard/windows/tunnel/winipcfg.MibIPforwardRow2
6c4580c0,tailscale.com/net/interfaces.init.0
6c458110,tailscale.com/net/interfaces.likelyHomeRouterIPWindows
6c4586c0,tailscale.com/net/interfaces.likelyHomeRouterIPWindows.func1
6c458850,tailscale.com/net/interfaces.likelyHomeRouterIPWindows.func1.Printf.func1
6c4588d0,tailscale.com/net/interfaces.likelyHomeRouterIPWindows.Printf.func2
6c458950,tailscale.com/net/interfaces.getPACWindows
6c458d40,tailscale.com/net/interfaces.getPACWindows.Printf.func3
6c458dc0,tailscale.com/net/interfaces.getPACWindows.Printf.func2
6c458e40,tailscale.com/net/interfaces.getPACWindows.func4
6c458ec0,tailscale.com/net/interfaces.getPACWindows.Printf.func1
6c458f40,tailscale.com/net/interfaces.init
6c459050,github.com/gobwas/httphead.init.0
6c459100,github.com/gobwas/pool/internal/pmath.LogarithmicRange
6c4591b0,github.com/gobwas/pool/internal/pmath.Identity
6c4591d0,github.com/gobwas/pool/internal/pmath.CeilToPowerOfTwo
6c459260,github.com/gobwas/pool.New
6c459330,github.com/gobwas/pool.New.WithLogSizeRange.func1
6c4593a0,github.com/gobwas/pool.New.WithLogSizeRange.func1.1
6c4593e0,github.com/gobwas/pool.New.WithLogSizeMapping.WithSizeMapping.func2
6c459420,github.com/gobwas/pool.Custom
6c4594d0,github.com/gobwas/pool.(*poolConfig).AddSize
6c459550,github.com/gobwas/pool.(*poolConfig).SetSizeMapping
6c4595a0,github.com/gobwas/pool.init
6c459600,github.com/gobwas/pool/pbufio.init
6c4596a0,github.com/gobwas/ws.(*ConnectionRejectedError).Error
6c4596d0,github.com/gobwas/ws.CompileFrame
6c4597c0,github.com/gobwas/ws.makeCloseFrame
6c459890,github.com/gobwas/ws.writeStatusText
6c4599a0,github.com/gobwas/ws.writeErrorText
6c459aa0,github.com/gobwas/ws.statusText
6c459bc0,github.com/gobwas/ws.errorText
6c459ce0,github.com/gobwas/ws.HandshakeHeaderString.WriteTo
6c459d50,github.com/gobwas/ws.WriteHeader
6c459f50,github.com/gobwas/ws.WriteFrame
6c459ff0,github.com/gobwas/ws.init
6c45c030,github.com/gobwas/ws.init.RejectionReason.func23
6c45c070,github.com/gobwas/ws.init.RejectionStatus.func22
6c45c0a0,github.com/gobwas/ws.init.RejectionReason.func21
6c45c0e0,github.com/gobwas/ws.init.RejectionHeader.func20
6c45c120,github.com/gobwas/ws.init.RejectionStatus.func19
6c45c150,github.com/gobwas/ws.init.RejectionReason.func18
6c45c190,github.com/gobwas/ws.init.RejectionStatus.func17
6c45c1c0,github.com/gobwas/ws.init.RejectionReason.func16
6c45c200,github.com/gobwas/ws.init.RejectionStatus.func15
6c45c230,github.com/gobwas/ws.init.RejectionReason.func14
6c45c270,github.com/gobwas/ws.init.RejectionStatus.func13
6c45c2a0,github.com/gobwas/ws.init.RejectionReason.func12
6c45c2e0,github.com/gobwas/ws.init.RejectionStatus.func11
6c45c310,github.com/gobwas/ws.init.RejectionReason.func10
6c45c350,github.com/gobwas/ws.init.RejectionStatus.func9
6c45c380,github.com/gobwas/ws.init.RejectionReason.func8
6c45c3c0,github.com/gobwas/ws.init.RejectionStatus.func7
6c45c3f0,github.com/gobwas/ws.init.RejectionReason.func6
6c45c430,github.com/gobwas/ws.init.RejectionStatus.func5
6c45c460,github.com/gobwas/ws.init.RejectionReason.func4
6c45c4a0,github.com/gobwas/ws.init.RejectionStatus.func3
6c45c4d0,github.com/gobwas/ws.init.RejectionReason.func2
6c45c510,github.com/gobwas/ws.init.RejectionStatus.func1
6c45c540,type:.eq.github.com/gobwas/ws.ConnectionRejectedError
6c45c5d0,github.com/gobwas/ws.(*HandshakeHeaderString).WriteTo
6c45c660,vpn/go-gateway.parseToWindowsRouteStructIPv4
6c45c870,vpn/go-gateway.parseToWindowsRouteStructIPv6
6c45ca70,vpn/go-gateway.parseWindowsGatewayIPv4
6c45cc40,vpn/go-gateway.parseWindowsGatewayIPv6
6c45ce10,vpn/go-gateway.discoverGatewayOSSpecificIPv4
6c45cf70,vpn/go-gateway.discoverGatewayOSSpecificIPv6
6c45d0d0,github.com/inhies/go-bytesize.ByteSize.format
6c45d680,github.com/inhies/go-bytesize.init
6c45d6b0,github.com/inhies/go-bytesize.map.init.0
6c45d910,github.com/inhies/go-bytesize.map.init.1
6c45db70,github.com/inhies/go-bytesize.map.init.2
6c45e090,vpn/tun/common/counter.PrintBytes
6c45e430,vpn/tun/common/netutil.ExecCmd
6c45e680,vpn/tun/common/netutil.LookupIP
6c45e740,vpn/tun/common/netutil.GetSrcKey
6c45e8d0,vpn/tun/common/netutil.GetDstKey
6c45ea60,vpn/tun/common/netutil.(*ExecCmdRecorder).ExecCmd
6c45ec40,vpn/tun/common/netutil.DiscoverGateway
6c45ed20,vpn/tun/common/netutil.LookupServerAddrIP
6c45edf0,vpn/tun/common/netutil.PrintErr
6c45eec0,vpn/tun/common/netutil.PrintErr.Printf.func1
6c45ef40,vpn/tun/common/netutil.PrintStats
6c45efa0,vpn/tun/common/netutil.PrintStats.func1
6c45f090,vpn/tun/common/netutil.PrintStats.func1.Printf.func1
6c45f110,github.com/golang/snappy.init
6c45f160,golang.zx2c4.com/wintun.(*lazyProc).Find
6c45f450,golang.zx2c4.com/wintun.(*lazyProc).Find.func1
6c45f490,golang.zx2c4.com/wintun.(*lazyDLL).Load
6c45f670,golang.zx2c4.com/wintun.(*lazyDLL).Load.func1
6c45f6b0,golang.zx2c4.com/wintun.(*Adapter).StartSession
6c45f770,golang.zx2c4.com/wintun.Session.End
6c45f800,golang.zx2c4.com/wintun.Session.ReadWaitEvent
6c45f890,golang.zx2c4.com/wintun.Session.ReceivePacket
6c45f9b0,golang.zx2c4.com/wintun.Session.ReleaseReceivePacket
6c45fa60,golang.zx2c4.com/wintun.Session.AllocateSendPacket
6c45fb70,golang.zx2c4.com/wintun.Session.SendPacket
6c45fc20,golang.zx2c4.com/wintun.logMessage
6c45fd60,golang.zx2c4.com/wintun.setupLogger
6c45fe50,golang.zx2c4.com/wintun.closeAdapter
6c45fee0,golang.zx2c4.com/wintun.CreateAdapter
6c460170,golang.zx2c4.com/wintun.(*Adapter).Close
6c460280,golang.zx2c4.com/wintun.(*Adapter).LUID
6c460330,golang.zx2c4.com/wintun.setupLogger.func1
6c460380,golang.zx2c4.com/wintun.init
6c460590,type:.eq.golang.zx2c4.com/wintun.lazyProc
6c460600,golang.zx2c4.com/wireguard/tun.CreateTUNWithRequestedGUID
6c460890,golang.zx2c4.com/wireguard/tun.(*NativeTun).Close
6c460900,golang.zx2c4.com/wireguard/tun.(*NativeTun).Close.func1
6c460990,golang.zx2c4.com/wireguard/tun.(*NativeTun).Read
6c460e60,golang.zx2c4.com/wireguard/tun.(*NativeTun).Read.func1
6c460ea0,golang.zx2c4.com/wireguard/tun.(*NativeTun).Flush
6c460ed0,golang.zx2c4.com/wireguard/tun.(*NativeTun).Write
6c461210,golang.zx2c4.com/wireguard/tun.(*NativeTun).Write.func1
6c461250,golang.zx2c4.com/wireguard/tun.(*NativeTun).LUID
6c461350,golang.zx2c4.com/wireguard/tun.(*NativeTun).LUID.func1
6c461390,golang.zx2c4.com/wireguard/tun.(*rateJuggler).update
6c461530,type:.eq.golang.zx2c4.com/wireguard/tun.NativeTun
6c461620,vpn/water.New
6c461870,vpn/water.(*wintun).Close
6c4618b0,vpn/water.(*wintun).Write
6c461920,vpn/water.(*wintun).Read
6c461990,vpn/water.openDev
6c461ee0,type:.eq.vpn/water.Interface
6c461f70,encoding/gob.(*decoderState).decodeUint
6c462230,encoding/gob.(*decoderState).getLength
6c4622a0,encoding/gob.decBool
6c462300,encoding/gob.decInt8
6c462410,encoding/gob.decUint8
6c4624e0,encoding/gob.decInt16
6c4625f0,encoding/gob.decUint16
6c4626c0,encoding/gob.decInt32
6c4627d0,encoding/gob.decUint32
6c4628a0,encoding/gob.decInt64
6c462920,encoding/gob.decUint64
6c462980,encoding/gob.decFloat32
6c462a80,encoding/gob.decFloat64
6c462af0,encoding/gob.decComplex64
6c462ca0,encoding/gob.decComplex128
6c462d50,encoding/gob.decString
6c4630c0,encoding/gob.init.0
6c463120,encoding/gob.(*encBuffer).Write
6c463210,encoding/gob.(*encBuffer).Len
6c463240,encoding/gob.(*encBuffer).Reset
6c4632a0,encoding/gob.validUserType
6c4636b0,encoding/gob.implementsInterface
6c463820,encoding/gob.userType
6c4638c0,encoding/gob.setTypeId
6c4639d0,encoding/gob.typeId.string
6c463a80,encoding/gob.typeId.name
6c463b30,encoding/gob.(*CommonType).id
6c463b60,encoding/gob.(*CommonType).setId
6c463b90,encoding/gob.(*CommonType).string
6c463bc0,encoding/gob.(*CommonType).safeString
6c463bf0,encoding/gob.(*CommonType).name
6c463c20,encoding/gob.init.1
6c463fa0,encoding/gob.(*arrayType).init
6c464000,encoding/gob.(*arrayType).safeString
6c464190,encoding/gob.(*arrayType).string
6c4641e0,encoding/gob.(*gobEncoderType).safeString
6c464210,encoding/gob.(*gobEncoderType).string
6c464240,encoding/gob.(*mapType).init
6c4642b0,encoding/gob.(*mapType).safeString
6c464490,encoding/gob.(*mapType).string
6c4644e0,encoding/gob.(*sliceType).init
6c464560,encoding/gob.(*sliceType).safeString
6c4646b0,encoding/gob.(*sliceType).string
6c464700,encoding/gob.(*structType).safeString
6c464990,encoding/gob.(*structType).string
6c4649e0,encoding/gob.newTypeObject
6c465980,encoding/gob.newTypeObject.func1
6c4659d0,encoding/gob.isExported
6c465a40,encoding/gob.isSent
6c465b10,encoding/gob.getBaseType
6c465b90,encoding/gob.getType
6c465cd0,encoding/gob.checkId
6c465ec0,encoding/gob.bootstrapType
6c466090,encoding/gob.(*wireType).string
6c466180,encoding/gob.lookupTypeInfo
6c466220,encoding/gob.getTypeInfo
6c4662d0,encoding/gob.buildTypeInfo
6c466a80,encoding/gob.buildTypeInfo.func1
6c466ac0,encoding/gob.mustGetTypeInfo
6c466b80,encoding/gob.RegisterName
6c466f50,encoding/gob.Register
6c467140,encoding/gob.registerBasics
6c4676b0,encoding/gob.init.2
6c467720,encoding/gob.init
6c467e80,type:.eq.encoding/gob.CommonType
6c467ee0,type:.eq.encoding/gob.gobEncoderType
6c467f40,type:.eq.encoding/gob.arrayType
6c467fc0,type:.eq.encoding/gob.mapType
6c468040,type:.eq.encoding/gob.sliceType
6c4680c0,type:.eq.encoding/gob.fieldType
6c468120,encoding/gob.(*typeId).name
6c468180,encoding/gob.(*typeId).string
6c4681e0,encoding/gob.(*arrayType).id
6c468220,encoding/gob.(*arrayType).name
6c468260,encoding/gob.(*arrayType).setId
6c4682a0,encoding/gob.(*sliceType).id
6c4682e0,encoding/gob.(*sliceType).name
6c468320,encoding/gob.(*sliceType).setId
6c468360,encoding/gob.(*structType).id
6c4683a0,encoding/gob.(*structType).name
6c4683e0,encoding/gob.(*structType).setId
6c468420,encoding/gob.(*mapType).id
6c468460,encoding/gob.(*mapType).name
6c4684a0,encoding/gob.(*mapType).setId
6c4684e0,encoding/gob.(*gobEncoderType).id
6c468520,encoding/gob.(*gobEncoderType).name
6c468560,encoding/gob.(*gobEncoderType).setId
6c4685a0,type:.eq.encoding/gob.userTypeInfo
6c468660,type:.eq.encoding/gob.encoderState
6c4686f0,type:.eq.sync/atomic.Pointer[encoding/gob.encEngine]
6c468720,type:.eq.encoding/gob.typeInfo
6c468790,github.com/patrickmn/go-cache.(*cache).Set
6c468980,github.com/patrickmn/go-cache.(*cache).Get
6c468b50,github.com/patrickmn/go-cache.(*cache).Delete
6c468c90,github.com/patrickmn/go-cache.(*cache).DeleteExpired
6c469060,github.com/patrickmn/go-cache.(*janitor).Run
6c469130,github.com/patrickmn/go-cache.stopJanitor
6c469170,github.com/patrickmn/go-cache.runJanitor
6c469270,github.com/patrickmn/go-cache.runJanitor.func1
6c4692c0,github.com/patrickmn/go-cache.newCacheWithJanitor
6c469410,type:.eq.github.com/patrickmn/go-cache.Item
6c469480,type:.eq.github.com/patrickmn/go-cache.keyAndValue
6c469510,vpn/tun/transport/protocol/udp.StartClient
6c469680,vpn/tun/transport/protocol/udp.StartClient.func2
6c4696c0,vpn/tun/transport/protocol/udp.StartClient.func1
6c469700,vpn/tun/transport/protocol/udp.(*Client).udpToTun
6c469e80,vpn/tun/transport/protocol/udp.(*Client).tunToUdp
6c46a180,vpn/tun/transport/protocol/udp.(*Client).heartMsg
6c46a400,vpn/tun/transport/protocol/udp.(*Client).ExitVpn
6c46a6e0,vpn/tun/transport/protocol/udp.StartServer
6c46ab30,vpn/tun/transport/protocol/udp.StartServer.func3
6c46ab70,vpn/tun/transport/protocol/udp.StartServer.func2
6c46abb0,vpn/tun/transport/protocol/udp.StartServer.func1
6c46abf0,vpn/tun/transport/protocol/udp.(*Server).DeleteClient
6c46ae10,vpn/tun/transport/protocol/udp.(*Server).tunToUdp
6c46b050,vpn/tun/transport/protocol/udp.(*Server).udpToTun
6c46bb90,type:.eq.vpn/tun/transport/protocol/udp.Client
6c46bc00,type:.eq.vpn/tun/transport/protocol/udp.Server
6c46bc90,getLanNameIP.GetCIDRForLocalIPv4
6c46c320,getLanNameIP.isPrivateIP
6c46c450,vpn/tun/transport/tun.CreateTun
6c46c600,vpn/tun/transport/tun.setRoute
6c46d5a0,vpn/tun/transport/tun.setRoute.Printf.func2
6c46d620,vpn/tun/transport/tun.ResetRoute
6c46db90,vpn/tun/transport/tun.ResetRoute.Printf.func1
6c46dc10,vpn/tun/app.(*App).InitConfig
6c46dd80,vpn/tun/app.(*App).StartApp
6c46de40,vpn/tun/app.(*App).StopApp
6c46dfc0,vpn/tun/app.mappings
6c46e510,vpn/tun/app.mappings.func2
6c46e570,vpn/tun/app.mappings.func1
6c46e5d0,vpn/tun/app.udpforward
6c46eee0,vpn/tun/app.udpforward.func3
6c46ef40,vpn/tun/app.udpforward.func2
6c46f0a0,vpn/tun/app.udpforward.func1
6c46f170,vpn/tun/app.udpMapping
6c46f470,vpn/tun/app.udpMapping.func1
6c46f4f0,vpn/tun/app.tcpforward
6c46fea0,vpn/tun/app.tcpforward.func3
6c46ff00,vpn/tun/app.tcpforward.func2
6c46ff60,vpn/tun/app.tcpforward.func1
6c470030,vpn/tun/app.tcpMapping
6c4701a0,vpn/tun/app.tcpMapping.func1
6c4702d0,vpn/tun/app.GetIps
6c470520,type:.eq.vpn/tun/app.App
6c470580,type:.eq.vpn/tun/app.tcppclient·2
6c4705e0,vpn.StopVpnServer
6c4706f0,vpn.RunVpnServer
6c470dd0,vpn.RunVpnServer.func2
6c470e20,vpn.VpnConnection
6c471a20,vpn.VpnConnection.func2
6c471a80,vpn.VpnConnection.func1
6c471ae0,vpn.udpCopy
6c471c30,vpn.udpCopy.func1
6c4722e0,vpn.cmdClientExit
6c472450,vpn.sessionTimeOut
6c4726d0,vpn.VpnClientDis
6c472870,vpn.getVpnPort
6c472970,vpn.GetVpnClientIP
6c472fb0,vpn.getRand
6c473070,vpn.StopVpnClient
6c473130,vpn.RunClient
6c473ae0,vpn.RunClient.func2
6c473b30,vpn.exitRecv
6c473bb0,vpn.RunClient.func1
6c473c00,vpn.RunVpnServer.func1
6c473c50,node.nodeProxyExit
6c473cc0,node.(*Node).login
6c474420,node.(*Node).newConnect
6c474bf0,node.(*Node).newConnect.func2
6c474c30,node.(*Node).newConnect.func1
6c474c80,node.NewNode
6c474e30,node.NewNode.func1
6c474e80,node.MappingClientStar
6c475100,type:.eq.node.Node
6c475240,server.serverProxyExit
6c4752e0,server.(*Server).login
6c475b30,server.(*Server).sessionTimeOut
6c475dc0,server.(*Server).handle
6c4766d0,server.(*Server).handle.func3
6c476720,server.(*Server).handle.func2
6c476760,server.(*Server).handle.func1
6c4767a0,server.(*Server).newListen
6c477840,server.(*Server).newListen.func2
6c4778a0,server.NewServer
6c477a80,server.NewServer.func1
6c477ae0,server.MappingServerStar
6c478570,server.getRandPort
6c478630,server.loadConfig
6c478880,server.ServerExit
6c478970,server.DisClient
6c478a90,server.(*Server).newListen.func1
6c478b30,server.init
6c478bb0,type:.eq.server.listen
6c478c10,mapping.ClientStar
6c47a110,mapping.ServerStar
6c47af30,mapping.ServerStar.func3
6c47af70,mapping.ServerStar.func2
6c47afc0,mapping.PortForwarding
6c47b170,mapping.PortForwarding.func2
6c47b1c0,mapping.PortForwarding.func1
6c47b210,mapping.udpMapping
6c47b3a0,mapping.udpMapping.func2
6c47b3e0,mapping.udpMapping.func1
6c47b420,mapping.TCPSend
6c47b6c0,mapping.getRandCon
6c47b950,mapping.SamelanIP
6c47bcd0,mapping.ServerStar.func1
6c47bcf0,mapping.ClientStar.func1
6c47bd10,golang.org/x/crypto/cryptobyte.init
6c47bde0,github.com/pion/dtls/pkg/protocol/recordlayer.(*Header).Size
6c47be10,github.com/pion/dtls/internal/ciphersuite.(*AesCcm).String
6c47be50,github.com/pion/dtls/internal/ciphersuite.ID.String
6c47c0b0,github.com/pion/dtls/internal/ciphersuite.(*TLSEcdheEcdsaWithAes128GcmSha256).String
6c47c0e0,github.com/pion/dtls/internal/ciphersuite.(*TLSEcdheEcdsaWithAes256CbcSha).String
6c47c110,github.com/pion/dtls/internal/ciphersuite.(*TLSEcdheEcdsaWithAes256GcmSha384).String
6c47c140,github.com/pion/dtls/internal/ciphersuite.(*TLSEcdheRsaWithAes128GcmSha256).String
6c47c170,github.com/pion/dtls/internal/ciphersuite.(*TLSEcdheRsaWithAes256CbcSha).String
6c47c1a0,github.com/pion/dtls/internal/ciphersuite.(*TLSEcdheRsaWithAes256GcmSha384).String
6c47c1d0,github.com/pion/dtls/internal/ciphersuite.(*TLSPskWithAes128GcmSha256).String
6c47c200,github.com/pion/dtls/internal/ciphersuite.(*ID).String
6c47c260,github.com/pion/dtls/internal/ciphersuite.(*Aes128Ccm).String
6c47c2c0,github.com/pion/dtls/internal/ciphersuite.(*Aes256Ccm).String
6c47c320,type:.eq.github.com/pion/dtls/internal/ciphersuite.AesCcm
6c47c3c0,type:.eq.github.com/pion/dtls/internal/ciphersuite.Aes128Ccm
6c47c400,type:.eq.github.com/pion/dtls/internal/ciphersuite.Aes256Ccm
6c47c440,github.com/pion/transport/netctx.init
6c47c4e0,github.com/pion/dtls.allCipherSuites
6c47c8f0,github.com/pion/dtls.init
6c47c9b0,type:.eq.[12]github.com/pion/dtls.CipherSuite
6c47ca40,github.com/pion/stun.(*Agent).StopWithError
6c47cc00,github.com/pion/stun.(*Agent).Stop
6c47cc70,github.com/pion/stun.(*Agent).Start
6c47ce80,github.com/pion/stun.(*Agent).Start.func1
6c47cec0,github.com/pion/stun.(*Agent).Collect
6c47d1e0,github.com/pion/stun.(*Agent).Process
6c47d2e0,github.com/pion/stun.(*Agent).SetHandler
6c47d390,github.com/pion/stun.(*Agent).Close
6c47d520,github.com/pion/stun.attrNames
6c47d5f0,github.com/pion/stun.AttrType.String
6c47d6d0,github.com/pion/stun.RawAttribute.AddTo
6c47d730,github.com/pion/stun.RawAttribute.String
6c47d810,github.com/pion/stun.NewClient
6c47dc20,github.com/pion/stun.NewClient.func3
6c47dc60,github.com/pion/stun.NewClient.func1
6c47dd10,github.com/pion/stun.clientFinalizer
6c47def0,github.com/pion/stun.clientFinalizer.Println.func2
6c47df60,github.com/pion/stun.clientFinalizer.Println.func1
6c47dfd0,github.com/pion/stun.(*clientTransaction).handle
6c47e030,github.com/pion/stun.glob..func1
6c47e0d0,github.com/pion/stun.(*Client).start
6c47e250,github.com/pion/stun.(*Client).start.func1
6c47e290,github.com/pion/stun.systemClockService.Now
6c47e2e0,github.com/pion/stun.StopErr.Error
6c47e420,github.com/pion/stun.CloseErr.Error
6c47e560,github.com/pion/stun.(*Client).readUntilClosed
6c47e710,github.com/pion/stun.(*Client).readUntilClosed.func1
6c47e750,github.com/pion/stun.(*tickerCollector).Start
6c47e820,github.com/pion/stun.(*tickerCollector).Start.func1
6c47e970,github.com/pion/stun.(*tickerCollector).Start.func1.1
6c47e9b0,github.com/pion/stun.(*tickerCollector).Close
6c47ea00,github.com/pion/stun.(*Client).Close
6c47ec00,github.com/pion/stun.(*callbackWaitHandler).HandleEvent
6c47ec90,github.com/pion/stun.(*callbackWaitHandler).wait
6c47ed10,github.com/pion/stun.(*callbackWaitHandler).setCallback
6c47ee00,github.com/pion/stun.glob..func2
6c47eec0,github.com/pion/stun.(*Client).Do
6c47f080,github.com/pion/stun.(*Client).Do.func1
6c47f0c0,github.com/pion/stun.(*Client).delete
6c47f130,github.com/pion/stun.glob..func3
6c47f1d0,github.com/pion/stun.(*Client).handleAgentCallback
6c47f9d0,github.com/pion/stun.(*Client).handleAgentCallback.func1
6c47fa20,github.com/pion/stun.(*Client).Start
6c47ff90,github.com/pion/stun.DecodeErrPlace.String
6c480000,github.com/pion/stun.DecodeErr.Error
6c4800d0,github.com/pion/stun.(*Message).Build
6c480180,github.com/pion/stun.MustBuild
6c480210,github.com/pion/stun.Message.MarshalBinary
6c4802b0,github.com/pion/stun.(*Message).UnmarshalBinary
6c480390,github.com/pion/stun.(*Message).AddTo
6c480420,github.com/pion/stun.(*Message).NewTransactionID
6c4804f0,github.com/pion/stun.(*Message).String
6c480770,github.com/pion/stun.(*Message).Reset
6c4807b0,github.com/pion/stun.(*Message).Add
6c480cc0,github.com/pion/stun.(*Message).WriteHeader
6c480f40,github.com/pion/stun.(*Message).WriteType
6c481090,github.com/pion/stun.(*Message).WriteTo
6c481100,github.com/pion/stun.(*Message).ReadFrom
6c4811f0,github.com/pion/stun.(*Message).Decode
6c4819d0,github.com/pion/stun.(*Message).Write
6c481ac0,github.com/pion/stun.MessageClass.String
6c481b70,github.com/pion/stun.Method.String
6c481f50,github.com/pion/stun.MessageType.AddTo
6c481fa0,github.com/pion/stun.MessageType.String
6c482070,github.com/pion/stun.transactionIDSetter.AddTo
6c4820b0,github.com/pion/stun.(*XORMappedAddress).GetFromAs
6c482430,github.com/pion/stun.NewClient.NewAgent.NoopHandler.func2
6c482450,github.com/pion/stun.init
6c4824d0,type:.eq.github.com/pion/stun.DecodeErrPlace
6c482560,type:.eq.github.com/pion/stun.DecodeErr
6c482620,type:.eq.github.com/pion/stun.MessageType
6c482660,type:.eq.github.com/pion/stun.Event
6c4826f0,type:.eq.github.com/pion/stun.tickerCollector
6c482770,type:.eq.github.com/pion/stun.StopErr
6c482800,type:.eq.github.com/pion/stun.CloseErr
6c482890,github.com/pion/stun.(*Method).String
6c4828f0,github.com/pion/stun.(*MessageClass).String
6c4829b0,github.com/pion/stun.(*MessageType).AddTo
6c482a20,github.com/pion/stun.(*MessageType).String
6c482b20,github.com/pion/stun.(*Message).MarshalBinary
6c482bf0,github.com/pion/stun.(*AttrType).String
6c482c50,github.com/pion/stun.(*RawAttribute).AddTo
6c482cd0,github.com/pion/stun.(*RawAttribute).String
6c482df0,github.com/pion/stun.(*systemClockService).Now
6c482e60,github.com/pion/stun.(*StopErr).Error
6c482ed0,github.com/pion/stun.(*CloseErr).Error
6c482f40,github.com/pion/stun.(*DecodeErrPlace).String
6c482fd0,github.com/pion/stun.(*DecodeErr).Error
6c4830d0,github.com/pion/stun.(*transactionIDSetter).AddTo
6c483130,github.com/pion/stun.(*callbackWaitHandler).HandleEvent-fm
6c483180,github.com/pion/stun.(*Client).handleAgentCallback-fm
6c4831d0,UDPTools.CC_Start
6c4833f0,UDPTools.CC_Start.func1
6c483440,UDPTools.ccListen
6c483c50,UDPTools.ccListen.func2
6c483cd0,UDPTools.ccListen.func1
6c483d10,UDPTools.CC_End
6c483e10,UDPTools.CS_Start
6c4841a0,UDPTools.CS_Start.func1
6c484200,UDPTools.csListen
6c4849a0,UDPTools.csListen.func1
6c484a10,UDPTools.getRandPort
6c484ac0,UDPTools.GetlanIP
6c484db0,UDPTools.GetOutIPV6_stun
6c484ed0,UDPTools.GetNatType_stun
6c4850f0,UDPTools.GetOutIP_stun
6c485630,UDPTools.GetOutIP_stun.func2
6c485670,UDPTools.GetOutIP_stun.func3
6c4856c0,UDPTools.GetOutIP_stun.func1
6c485790,UDPTools.GetOutIP_stun.func1.1
6c4857d0,UDPTools.Positions_stun
6c485fd0,UDPTools.getOutPort_stun
6c4860f0,UDPTools.getOutIpAndPort_stun
6c486c70,UDPTools.getOutIpAndPort_stun.func1
6c486e50,UDPTools.getOutIpAndPort_stun.func1.1
6c486f10,UDPTools.getOutIpAndPort_stun.func3
6c486f50,UDPTools.getOutIpAndPort_stun.func2
6c486f90,UDPTools.getIP
6c487450,UDPTools.GetRandPort
6c4876b0,UDPTools.getRandPort3
6c487770,UDPTools.Positions
6c487920,UDPTools.positions
6c488560,UDPTools.positions.func1
6c4885a0,UDPTools.UDPRecv
6c489410,UDPTools.UDPRecv.func5
6c4894a0,UDPTools.UDPRecv.func4
6c489520,UDPTools.UDPRecv.func3
6c4895b0,UDPTools.UDPRecv.func2
6c489630,UDPTools.UDPRecv.func1
6c489710,UDPTools.UDPScan
6c489a30,UDPTools.UDPScanNat3
6c489f30,UDPTools.UDPScanNat4
6c48a570,UDPTools.StopRecv
6c48a730,UDPTools.GetNatType
6c48a840,UDPTools.getNatType
6c48b430,UDPTools.getNatType.func1
6c48b470,UDPTools.GetOutPort
6c48b550,UDPTools.getOutPort
6c48bbf0,UDPTools.getOutPort.func1
6c48bc30,UDPTools.N11Recv
6c48c5f0,UDPTools.N11Recv.func2
6c48c640,UDPTools.N11Recv.func1
6c48d580,UDPTools.N11Recv.func1.4
6c48d600,UDPTools.N11Recv.func1.3
6c48d690,UDPTools.N11Recv.func1.2
6c48d710,UDPTools.N11Recv.func1.1
6c48d7a0,UDPTools.ttlSend
6c48da70,UDPTools.shuffleints
6c48dd60,UDPTools.shuffleints.func1
6c48de10,UDPTools.UpnpTest
6c48e4a0,UDPTools.UpnpTest.func2
6c48e510,UDPTools.UpnpTest.func1
6c48e550,UDPTools.UpnpConTest
6c48ebf0,UDPTools.UpnpConTest.func1
6c48ec30,UDPTools.init
6c48ec90,UDPTools.map.init.0
6c48ee50,hash/fnv.(*sum32a).Sum32
6c48ee80,hash/fnv.(*sum32a).Write
6c48eee0,regexp/syntax.Compile
6c48f150,regexp/syntax.(*compiler).compile
6c490960,regexp/syntax.(*compiler).alt
6c490b70,regexp/syntax.(*compiler).quest
6c490d20,regexp/syntax.(*compiler).loop
6c490ec0,regexp/syntax.(*compiler).star
6c490fd0,regexp/syntax.(*compiler).rune
6c491200,regexp/syntax.(*Error).Error
6c4912a0,regexp/syntax.ErrorCode.String
6c4912d0,regexp/syntax.(*parser).checkLimits
6c491340,regexp/syntax.(*parser).checkSize
6c491560,regexp/syntax.(*parser).calcSize
6c4918c0,regexp/syntax.(*parser).checkHeight
6c4919a0,regexp/syntax.(*parser).calcHeight
6c491aa0,regexp/syntax.(*parser).push
6c491e20,regexp/syntax.(*parser).maybeConcat
6c492020,regexp/syntax.(*parser).literal
6c492140,regexp/syntax.minFoldRune
6c4921c0,regexp/syntax.(*parser).op
6c492290,regexp/syntax.(*parser).repeat
6c492700,regexp/syntax.repeatIsValid
6c4927c0,regexp/syntax.(*parser).concat
6c492920,regexp/syntax.(*parser).alternate
6c492a90,regexp/syntax.cleanAlt
6c492c50,regexp/syntax.(*parser).collapse
6c493010,regexp/syntax.(*parser).factor
6c494380,regexp/syntax.(*parser).removeLeadingString
6c494600,regexp/syntax.(*parser).removeLeadingRegexp
6c494890,regexp/syntax.parse
6c495940,regexp/syntax.parse.func1
6c495b10,regexp/syntax.(*parser).parseRepeat
6c495d10,regexp/syntax.(*parser).parsePerlFlags
6c4962b0,regexp/syntax.(*parser).parseInt
6c4963c0,regexp/syntax.(*parser).parseVerticalBar
6c496420,regexp/syntax.mergeCharClass
6c496720,regexp/syntax.(*parser).swapVerticalBar
6c496930,regexp/syntax.(*parser).parseRightParen
6c496b00,regexp/syntax.(*parser).parseEscape
6c497090,regexp/syntax.(*parser).parseClassChar
6c4971b0,regexp/syntax.(*parser).parsePerlClassEscape
6c4972f0,regexp/syntax.(*parser).parseNamedClass
6c497540,regexp/syntax.(*parser).appendGroup
6c497700,regexp/syntax.(*parser).parseUnicodeClass
6c497dc0,regexp/syntax.(*parser).parseClass
6c498510,regexp/syntax.cleanClass
6c498610,regexp/syntax.appendLiteral
6c4986d0,regexp/syntax.appendRange
6c4987f0,regexp/syntax.appendFoldedRange
6c498a30,regexp/syntax.appendClass
6c498af0,regexp/syntax.appendFoldedClass
6c498bb0,regexp/syntax.appendNegatedClass
6c498cd0,regexp/syntax.appendTable
6c498ea0,regexp/syntax.appendNegatedTable
6c4990e0,regexp/syntax.negateClass
6c4991f0,regexp/syntax.ranges.Less
6c4992a0,regexp/syntax.ranges.Len
6c4992d0,regexp/syntax.ranges.Swap
6c499370,regexp/syntax.checkUTF8
6c499460,regexp/syntax.nextRune
6c499560,regexp/syntax.InstOp.String
6c4995c0,regexp/syntax.(*Prog).String
6c499640,regexp/syntax.(*Prog).Prefix
6c4997e0,regexp/syntax.(*Inst).MatchRunePos
6c4999b0,regexp/syntax.(*Inst).String
6c499a30,regexp/syntax.dumpProg
6c499ee0,regexp/syntax.dumpInst
6c49b9c0,regexp/syntax.(*Regexp).Equal
6c49bcb0,regexp/syntax.(*Regexp).MaxCap
6c49bd30,regexp/syntax.(*Regexp).CapNames
6c49bdc0,regexp/syntax.(*Regexp).capNames
6c49be90,regexp/syntax.(*Regexp).Simplify
6c49cab0,regexp/syntax.init
6c49cae0,regexp/syntax.map.init.0
6c49ce40,regexp/syntax.map.init.1
6c49dd60,type:.eq.regexp/syntax.Error
6c49ddf0,regexp/syntax.(*InstOp).String
6c49de60,regexp/syntax.(*ErrorCode).String
6c49deb0,regexp/syntax.(*ranges).Len
6c49df00,regexp/syntax.(*ranges).Less
6c49dfd0,regexp/syntax.(*ranges).Swap
6c49e0a0,regexp.freeBitState
6c49e170,regexp.(*bitState).reset
6c49e3a0,regexp.(*Regexp).tryBacktrack
6c49ed50,regexp.(*Regexp).backtrack
6c49f110,regexp.lazyFlag.match
6c49f230,regexp.(*machine).match
6c49f700,regexp.(*machine).step
6c49fc10,regexp.(*machine).add
6c4a0050,regexp.freeOnePassMachine
6c4a0120,regexp.(*Regexp).doOnePass
6c4a0930,regexp.(*Regexp).doExecute
6c4a0d40,regexp.onePassPrefix
6c4a0f40,regexp.onePassNext
6c4a0fc0,regexp.mergeRuneSets
6c4a1760,regexp.mergeRuneSets.func1
6c4a17e0,regexp.onePassCopy
6c4a1ac0,regexp.runeSlice.Len
6c4a1ae0,regexp.runeSlice.Less
6c4a1b30,regexp.runeSlice.Swap
6c4a1b80,regexp.makeOnePass
6c4a1f00,regexp.makeOnePass.func1
6c4a32d0,regexp.compileOnePass
6c4a3580,regexp.(*Regexp).String
6c4a35b0,regexp.compile
6c4a3960,regexp.(*Regexp).get
6c4a3cb0,regexp.(*Regexp).put
6c4a3dc0,regexp.minInputLen
6c4a4020,regexp.MustCompile
6c4a4140,regexp.quote
6c4a4270,regexp.(*inputString).step
6c4a4310,regexp.(*inputString).canCheckPrefix
6c4a4330,regexp.(*inputString).hasPrefix
6c4a4380,regexp.(*inputString).index
6c4a43f0,regexp.(*inputString).context
6c4a44a0,regexp.(*inputBytes).step
6c4a4550,regexp.(*inputBytes).canCheckPrefix
6c4a4570,regexp.(*inputBytes).hasPrefix
6c4a45c0,regexp.(*inputBytes).index
6c4a4640,regexp.(*inputBytes).context
6c4a4700,regexp.(*inputReader).step
6c4a47a0,regexp.(*inputReader).canCheckPrefix
6c4a47c0,regexp.(*inputReader).hasPrefix
6c4a47e0,regexp.(*inputReader).index
6c4a4800,regexp.(*inputReader).context
6c4a4830,regexp.init.0
6c4a4890,regexp.(*Regexp).allMatches
6c4a4bb0,regexp.(*Regexp).FindString
6c4a4cd0,regexp.(*Regexp).FindAllString
6c4a4dc0,regexp.(*Regexp).FindAllString.func1
6c4a4f50,regexp.(*Regexp).MarshalText
6c4a4fc0,regexp.(*Regexp).UnmarshalText
6c4a5090,type:.eq.regexp.inputReader
6c4a5100,type:.eq.regexp.job
6c4a5150,regexp.(*onePassInst).String
6c4a51f0,regexp.(*runeSlice).Len
6c4a5230,regexp.(*runeSlice).Less
6c4a52a0,regexp.(*runeSlice).Swap
6c4a5310,encoding/xml.(*Encoder).Flush
6c4a5350,encoding/xml.(*Encoder).Close
6c4a5390,encoding/xml.(*printer).Write
6c4a5490,encoding/xml.(*printer).WriteString
6c4a5580,encoding/xml.(*printer).Close
6c4a56b0,encoding/xml.(*Decoder).DecodeElement
6c4a5800,encoding/xml.UnmarshalError.Error
6c4a5830,encoding/xml.receiverType
6c4a5920,encoding/xml.(*Decoder).unmarshalInterface
6c4a5bc0,encoding/xml.(*Decoder).unmarshalTextInterface
6c4a5df0,encoding/xml.(*Decoder).unmarshalAttr
6c4a67a0,encoding/xml.(*Decoder).unmarshal
6c4a8d40,encoding/xml.copyValue
6c4a9690,encoding/xml.(*Decoder).unmarshalPath
6c4a9b90,encoding/xml.(*Decoder).Skip
6c4a9cb0,encoding/xml.getTypeInfo
6c4aa2a0,encoding/xml.structFieldInfo
6c4aaf20,encoding/xml.lookupXMLName
6c4ab070,encoding/xml.addFieldInfo
6c4aba00,encoding/xml.(*TagPathError).Error
6c4abb30,encoding/xml.(*fieldInfo).value
6c4abe00,encoding/xml.(*SyntaxError).Error
6c4abea0,encoding/xml.(*Decoder).Token
6c4ac980,encoding/xml.(*Decoder).switchToReader
6c4acb10,encoding/xml.(*Decoder).popElement
6c4ad210,encoding/xml.(*Decoder).autoClose
6c4ad3e0,encoding/xml.(*Decoder).rawToken
6c4af0b0,encoding/xml.(*Decoder).attrval
6c4af2f0,encoding/xml.(*Decoder).space
6c4af380,encoding/xml.(*Decoder).getc
6c4af490,encoding/xml.(*Decoder).mustgetc
6c4af580,encoding/xml.(*Decoder).text
6c4b0430,encoding/xml.(*Decoder).nsname
6c4b0560,encoding/xml.(*Decoder).name
6c4b0710,encoding/xml.(*Decoder).readName
6c4b0880,encoding/xml.isName
6c4b09f0,encoding/xml.procInst
6c4b0b00,encoding/xml.init
6c4b0f70,encoding/xml.map.init.0
6c4b1070,type:.eq.encoding/xml.Name
6c4b1100,type:.eq.encoding/xml.stack
6c4b11c0,type:.eq.encoding/xml.Attr
6c4b1280,type:.eq.encoding/xml.EndElement
6c4b1310,type:.eq.encoding/xml.TagPathError
6c4b1450,type:.eq.encoding/xml.SyntaxError
6c4b14b0,encoding/xml.(*UnmarshalError).Error
6c4b1500,upnp.AddUPNP
6c4b1670,upnp.Discover
6c4b1d70,upnp.Discover.func1
6c4b1db0,upnp.getChildDevice
6c4b1e50,upnp.getChildService
6c4b1ef0,upnp.localIPv4
6c4b2040,upnp.localIPv4.func1
6c4b2080,upnp.getServiceURL
6c4b2610,upnp.getServiceURL.func1
6c4b2650,upnp.combineURL
6c4b2740,upnp.soapRequest
6c4b2ec0,upnp.(*upnpNAT).AddPortMapping
6c4b32c0,upnp.(*upnpNAT).AddPortMapping.func1
6c4b3300,type:.eq.upnp.upnpNAT
6c4b33c0,type:.eq.upnp.UPNPService
6c4b3450,upnp2.AddUPNP
6c4b34e0,upnp2.NewUPNP
6c4b35e0,upnp2.(*UPNP).perform
6c4b3a90,upnp2.(*UPNP).AddPortMapping
6c4b3e50,upnp2.(*UPNP).DeviceDesc
6c4b4350,upnp2.(*UPNP).findGateway
6c4b4b40,upnp2.(*UPNP).findGateway.func1
6c4b4b80,upnp2.GetLocalAddress
6c4b4c70,upnp2.isPrivateUnicast
6c4b4d40,type:.eq.upnp2.Service
6c4b4dd0,TCPTools.Conn
6c4b5d70,TCPTools.Conn.func2
6c4b5dd0,TCPTools.TCPSend
6c4b60a0,TCPTools.GetOutIPV6
6c4b66a0,TCPTools.GetOutIPV6.func1
6c4b66e0,TCPTools.GetOutIP
6c4b6f60,TCPTools.GetOutIP.func2
6c4b6fa0,TCPTools.GetOutIP.func1
6c4b73d0,TCPTools.extractIPs
6c4b7460,TCPTools.Upnp
6c4b7510,TCPTools.newUpnp
6c4b7700,TCPTools.GetUpnpPort
6c4b7820,TCPTools.CheckNetworkConnection
6c4b78f0,TCPTools.GetWebInfo
6c4b7d10,TCPTools.GetWebInfo.func1
6c4b7d50,TCPTools.Conn.func1.1
6c4b7d90,TCPTools.Conn.func1
6c4b7f00,TCPTools.Conn.func1.2
6c4b7f40,type:.eq.[14]string
6c4b8010,os/signal.Notify
6c4b8230,os/signal.Notify.func1
6c4b8320,os/signal.Notify.func2
6c4b8360,os/signal.process
6c4b8550,os/signal.process.func1
6c4b8590,os/signal.loop
6c4b85d0,os/signal.init.0
6c4b8610,os/signal.Notify.func1.1
6c4b8640,type:.eq.golang.org/x/text/encoding.Encoder
6c4b8690,type:.eq.golang.org/x/text/encoding.Decoder
6c4b86e0,golang.org/x/text/encoding.Decoder.Reset
6c4b8730,golang.org/x/text/encoding.(*Decoder).Reset
6c4b8780,golang.org/x/text/encoding.Decoder.Transform
6c4b8820,golang.org/x/text/encoding.(*Decoder).Transform
6c4b88d0,golang.org/x/text/encoding.Encoder.Reset
6c4b8920,golang.org/x/text/encoding.(*Encoder).Reset
6c4b8970,golang.org/x/text/encoding.Encoder.Transform
6c4b8a10,golang.org/x/text/encoding.(*Encoder).Transform
6c4b8ac0,golang.org/x/text/encoding/internal.(*Encoding).String
6c4b8af0,golang.org/x/text/encoding/internal.(*SimpleEncoding).NewEncoder
6c4b8b60,golang.org/x/text/encoding/internal.FuncEncoding.NewEncoder
6c4b8be0,golang.org/x/text/encoding/internal.RepertoireError.Error
6c4b8c10,golang.org/x/text/encoding/internal.Encoding.NewEncoder
6c4b8c60,golang.org/x/text/encoding/internal.(*Encoding).NewEncoder
6c4b8cb0,golang.org/x/text/encoding/internal.(*FuncEncoding).NewEncoder
6c4b8d50,golang.org/x/text/encoding/internal.(*RepertoireError).Error
6c4b8da0,type:.eq.golang.org/x/text/encoding/internal.Encoding
6c4b8e30,type:.eq.golang.org/x/text/encoding/internal.SimpleEncoding
6c4b8ec0,golang.org/x/text/encoding/simplifiedchinese.gbkDecoder.Transform
6c4b93b0,golang.org/x/text/encoding/simplifiedchinese.gbkEncoder.Transform
6c4b9980,golang.org/x/text/encoding/simplifiedchinese.hzGB2312NewDecoder
6c4b99c0,golang.org/x/text/encoding/simplifiedchinese.hzGB2312NewEncoder
6c4b9a00,golang.org/x/text/encoding/simplifiedchinese.(*hzGB2312Decoder).Reset
6c4b9a30,golang.org/x/text/encoding/simplifiedchinese.(*hzGB2312Decoder).Transform
6c4b9e50,golang.org/x/text/encoding/simplifiedchinese.(*hzGB2312Encoder).Reset
6c4b9e80,golang.org/x/text/encoding/simplifiedchinese.(*hzGB2312Encoder).Transform
6c4ba3a0,golang.org/x/text/encoding/simplifiedchinese.init
6c4ba460,golang.org/x/text/encoding/simplifiedchinese.gbkDecoder.Reset
6c4ba490,golang.org/x/text/encoding/simplifiedchinese.(*gbkDecoder).Reset
6c4ba4d0,golang.org/x/text/encoding/simplifiedchinese.(*gbkDecoder).Transform
6c4ba590,golang.org/x/text/encoding/simplifiedchinese.gbkEncoder.Reset
6c4ba5c0,golang.org/x/text/encoding/simplifiedchinese.(*gbkEncoder).Reset
6c4ba600,golang.org/x/text/encoding/simplifiedchinese.(*gbkEncoder).Transform
6c4ba6c0,encode.utf8ToGbk
6c4ba8d0,encode.StrToGBK
6c4ba9a0,ipv6con.V6exec
6c4baa90,ipv6con.IPV60
6c4bae60,ipv6con.IPV60.func1
6c4baeb0,ipv6con.IPV61
6c4bb390,ipv6con.IPV61.func1
6c4bb3e0,ipv6con.IPV62
6c4bb610,ipv6con.IPV63
6c4bb700,ipv6con.getRandPort
6c4bb7c0,ipv6con.UDPRecv
6c4bc690,ipv6con.UDPRecv.func2
6c4bc710,ipv6con.UDPRecv.func1
6c4bc790,ipv6con.IPV6Scan
6c4bcd00,ipv6con.IPV6Scan.func1
6c4bcd40,ipv6con.listen
6c4bdba0,ipv6con.listen.func4
6c4bdc20,ipv6con.listen.func3
6c4bdca0,ipv6con.listen.func2
6c4bdd20,ipv6con.listen.func1
6c4bdda0,ipv6con.StopRecv
6c4bdf90,ipv6con.GetIPV6
6c4be1a0,ipv6con.getV6info1
6c4be380,ipv6con.getV6info1.func1
6c4be3c0,ipv6con.getV6info
6c4be670,ipv6con.getV6info.func1
6c4be6b0,ipv6con.GetIpv6OutPort
6c4be9a0,ipv6con.getIpv6OutPort
6c4becc0,nat11.Exec
6c4bee00,nat11.N11Start
6c4bf0e0,nat11.n11_1
6c4bf560,nat11.n11_1.func1
6c4bf5e0,nat11.n11_2
6c4bfac0,nat11.n11_2.func1
6c4bfb20,nat11.n11_3
6c4bfd30,nat11.n11_4
6c4bfeb0,nat11.n11_5
6c4c0310,nat11.n11_5.func1
6c4c0370,nat11.n11_6
6c4c03f0,nat11.getRandCon
6c4c05b0,nat1x.CS1or0
6c4c0900,nat1x.CC1or0
6c4c0ce0,nat1x.Exec
6c4c0e90,nat1x.s1
6c4c1220,nat1x.s2
6c4c1630,nat1x.s2.func1
6c4c1690,nat1x.s3
6c4c17b0,nat1x.c1
6c4c1b00,nat1x.c2
6c4c1d20,nat1x.c3
6c4c21e0,nat1x.c3.func1
6c4c2240,nat1x.c4
6c4c2300,nat1x.scan
6c4c25e0,nat1x.scan.func1
6c4c2640,nat22.Exec
6c4c29d0,nat22.Positions
6c4c2f20,nat22.Scan
6c4c3280,nat22.DeScan
6c4c3420,nat22.Feedback
6c4c36d0,nat22.Connection
6c4c3840,nat22.getLocalPort
6c4c3930,nat22.getlocalport
6c4c3f90,nat22.getlocalport.func1
6c4c3fd0,nat22.udpScan
6c4c4310,nat22.udpRecv
6c4c4830,nat22.udpRecv.func1
6c4c4870,nat22.scanAndNatType
6c4c5280,nat22.udpScan2
6c4c55a0,nat22.rScan
6c4c56f0,nat22.starServerOrClient
6c4c5850,nat22.starServerOrClient.func2
6c4c58d0,nat22.starServerOrClient.func1
6c4c5950,nat22.GetRandPort
6c4c5a00,natlan.LanCS
6c4c5d00,natlan.LanCS.func1
6c4c5d50,natlan.LanCC
6c4c61d0,natlan.LanCC.func1
6c4c6230,natlan.Lan2
6c4c65d0,natlan.Lan3
6c4c6670,natlan.GetlanIP
6c4c6960,natlan.getRandPort
6c4c6a10,natlan.csListen
6c4c7110,natlan.csListen.func1
6c4c7180,natlan.ccListen
6c4c7960,natlan.ccListen.func1
6c4c79e0,upnpCon.UPNPCon
6c4c7a50,upnpCon.csUPNP
6c4c7c40,upnpCon.csUPNP.func2
6c4c7c80,upnpCon.ccUPNP
6c4c7e00,upnpCon.csUPNP.func1
6c4c7e40,update.(*Downloader).Read
6c4c80e0,update.downloadFile
6c4c8380,update.downloadFile.func2
6c4c83b0,update.downloadFile.func1
6c4c83e0,update.downloadFile.func3
6c4c8420,update.update
6c4c8bc0,update.renFile
6c4c8cf0,update.fileExists
6c4c8da0,update.Run
6c4c8f60,update.createTemp
6c4c93b0,update.createTemp.func1
6c4c93f0,update.deleteFile
6c4c94e0,update.ReadTemp
6c4c96e0,type:.eq.update.Downloader
6c4c9760,socket.Exec
6c4ca8e0,socket.info
6c4cac10,socket.pcinfo
6c4caec0,socket.offline
6c4cb0c0,socket.online
6c4cb350,socket.zjok
6c4cbe80,socket.timeoutProtection
6c4cbf80,socket.sendInfo
6c4cc1f0,socket.TCPRecv
6c4cd5b0,socket.TCPRecv.func4
6c4cd600,socket.TCPRecv.func3
6c4cd890,socket.TCPRecv.func1
6c4cd950,socket.Relogin
6c4ce010,socket.csLogin
6c4ce510,socket.Login2
6c4ce990,socket.Login2.func1
6c4cea00,socket.Run
6c4cede0,socket.Login1
6c4cf930,socket.StartMapping
6c4d0ba0,socket.StartMapping.func3
6c4d0c10,socket.StartMapping.func2
6c4d0c80,socket.StartMapping.func1
6c4d0cf0,socket.StopMapping
6c4d1100,socket.Login1.func1
6c4d1220,socket.TCPRecv.func2
6c4d1320,socket.zjok.func1
6c4d14c0,run.Penetrate
6c4d2660,run.Penetrate.func7
6c4d26b0,run.Penetrate.func6
6c4d2700,run.Penetrate.func5
6c4d2750,run.Penetrate.func4
6c4d27a0,run.Penetrate.func3
6c4d27f0,run.Penetrate.func1
6c4d2850,run.conection
6c4d2d20,run.conection.func1
6c4d2d70,run.Mode1
6c4d3300,run.Mode1.func1
6c4d3340,run.Mode2
6c4d3690,run.Mode2.func1
6c4d36d0,run.sendModeState
6c4d38a0,run.glob..func1
6c4d38c0,run.Run
6c4d41c0,run.Run.func4
6c4d42a0,run.Run2
6c4d4800,run.Run2.func3
6c4d48e0,run.wsHandler
6c4d4eb0,run.wsHandler.func2
6c4d4ef0,run.sendState
6c4d5730,run.showTitle
6c4d5c80,run.showTitle.func1
6c4d5cc0,run.webExec
6c4da440,run.webExec.func1
6c4da5f0,run.resInfo
6c4da7c0,run.wsHandler.func1
6c4daa80,run.Run2.func1
6c4dabf0,run.Run2.func2
6c4dad30,run.Run.func1
6c4dad70,run.Run.func2
6c4daee0,run.Run.func3
6c4db020,run.Penetrate.func2
6c4db1c0,run.init
6c4db220,taskplan.DelTask
6c4db380,taskplan.SelectTask
6c4db480,taskplan.MakeSchtasks
6c4dbaa0,taskplan.MakeSchtasks.func1
6c4dbaf0,taskplan.writeFile
6c4dbc90,taskplan.delFile
6c4dbe80,taskplan.setPath
6c4dc0e0,taskplan.SelectTask.func1
6c4dc170,main.Run
6c4dc2c0,main.Run.func1
6c4dc300,main.State
6c4dc450,main.State.func1
6c4dc490,main.Exit_1
6c4dc550,main.AutoRun_on
6c4dc5c0,main.AutoRun_off
6c4dc610,main.main
6c4dc630,cgoexp_ad33d1da1436_Run
6c4dc670,cgoexp_ad33d1da1436_State
6c4dc6a0,cgoexp_ad33d1da1436_Exit_1
6c4dc6c0,cgoexp_ad33d1da1436_AutoRun_on
6c4dc6e0,cgoexp_ad33d1da1436_AutoRun_off
6c4dc700,cgoexp_ad33d1da1436_AutoRun_state
6c4dc740,Run
6c4dc790,State
6c4dc7e0,Exit_1
6c4dc830,AutoRun_on
6c4dc880,AutoRun_off
6c4dc8d0,AutoRun_state
6c4dc920,FUN_6c4dc920
6c4dc950,FUN_6c4dc950
6c4dc9d0,FUN_6c4dc9d0
6c4dcaa0,FUN_6c4dcaa0
6c4dcc20,FUN_6c4dcc20
6c4dcc50,FUN_6c4dcc50
6c4dcce0,thunk_FUN_6c4dcc50
6c4dcdb0,FUN_6c4dcdb0
6c4dcdf0,FUN_6c4dcdf0
6c4dce20,FUN_6c4dce20
6c4dcee0,FUN_6c4dcee0
6c4dcf90,FUN_6c4dcf90
6c4dcfb0,tls_callback_1
6c4dd000,tls_callback_0
6c4dd0c0,FUN_6c4dd0c0
6c4dd230,FUN_6c4dd230
6c4dd2f0,FUN_6c4dd2f0
6c4dd340,FUN_6c4dd340
6c4dd430,FUN_6c4dd430
6c4dd640,WaitForSingleObject
6c4dd650,VirtualQuery
6c4dd658,VirtualProtect
6c4dd670,TlsGetValue
6c4dd678,TlsAlloc
6c4dd680,SwitchToThread
6c4dd690,Sleep
6c4dd6b8,SetEvent
6c4dd6f8,LeaveCriticalSection
6c4dd700,InterlockedIncrement
6c4dd708,InterlockedExchangeAdd
6c4dd710,InterlockedDecrement
6c4dd718,InitializeCriticalSection
6c4dd758,GetLastError
6c4dd790,EnterCriticalSection
6c4dd7a0,DeleteCriticalSection
6c4dd7c8,CreateEventA
6c4dd7e0,vfprintf
6c4dd7e8,malloc
6c4dd7f0,fwrite
6c4dd7f8,fprintf
6c4dd800,fflush
6c4dd810,abort
6c4dd818,errno
6c4dd820,beginthread
6c4dd828,__dllonexit
